campaign_id,campaign_name,segment,status,positive_geo_target_type,negative_geo_target_type
22932507979,Google|PK|Dest|City|XXX|ADL|EN|MOD,long-haul,ENABLED,PRESENCE_OR_INTEREST,PRESENCE
22922589033,Google|PK|Dest|City|XXX|ADL|EN|PHR,long-haul,ENABLED,PRESENCE_OR_INTEREST,PRESENCE
22928438351,Google|PK|Dest|City|XXX|AKL|EN|MOD,long-haul,ENABLED,PRESENCE_OR_INTEREST,PRESENCE
22928445116,Google|PK|Dest|City|XXX|AKL|EN|PHR,long-haul,ENABLED,PRESENCE_OR_INTEREST,PRESENCE
22932509482,Google|PK|Dest|City|XXX|AMS|EN|MOD,long-haul,ENABLED,PRESENCE_OR_INTEREST,PRESENCE
22928446076,Google|PK|Dest|City|XXX|AMS|EN|PHR,long-haul,ENABLED,PRESENCE_OR_INTEREST,PRESENCE
22922583267,Google|PK|Dest|City|XXX|ARN|EN|MOD,long-haul,ENABLED,PRESENCE_OR_INTEREST,PRESENCE
22922590692,Google|PK|Dest|City|XXX|ARN|EN|PHR,long-haul,ENABLED,PRESENCE_OR_INTEREST,PRESENCE
22922582799,Google|PK|Dest|City|XXX|ATL|EN|MOD,long-haul,ENABLED,PRESENCE_OR_INTEREST,PRESENCE
22928445578,Google|PK|Dest|City|XXX|ATL|EN|PHR,long-haul,ENABLED,PRESENCE_OR_INTEREST,PRESENCE
22928438120,Google|PK|Dest|City|XXX|AUH|EN|MOD,regional,ENABLED,PRESENCE_OR_INTEREST,PRESENCE
22922589273,Google|PK|Dest|City|XXX|AUH|EN|PHR,regional,ENABLED,PRESENCE_OR_INTEREST,PRESENCE
22932508798,Google|PK|Dest|City|XXX|BAH|EN|MOD,regional,ENABLED,PRESENCE_OR_INTEREST,PRESENCE
22928445824,Google|PK|Dest|City|XXX|BAH|EN|PHR,regional,ENABLED,PRESENCE_OR_INTEREST,PRESENCE
22932508795,Google|PK|Dest|City|XXX|BCN|EN|MOD,long-haul,ENABLED,PRESENCE_OR_INTEREST,PRESENCE
22932515989,Google|PK|Dest|City|XXX|BCN|EN|PHR,long-haul,ENABLED,PRESENCE_OR_INTEREST,PRESENCE
22928438606,Google|PK|Dest|City|XXX|BER|EN|MOD,long-haul,ENABLED,PRESENCE_OR_INTEREST,PRESENCE
22922589801,Google|PK|Dest|City|XXX|BER|EN|PHR,long-haul,ENABLED,PRESENCE_OR_INTEREST,PRESENCE
22922583483,Google|PK|Dest|City|XXX|BHX|EN|MOD,UK+IE rest,ENABLED,PRESENCE_OR_INTEREST,PRESENCE
22928446262,Google|PK|Dest|City|XXX|BHX|EN|PHR,UK+IE rest,ENABLED,PRESENCE_OR_INTEREST,PRESENCE
22932507964,Google|PK|Dest|City|XXX|BKK|EN|MOD,regional,ENABLED,PRESENCE_OR_INTEREST,PRESENCE
22928444630,Google|PK|Dest|City|XXX|BKK|EN|PHR,regional,ENABLED,PRESENCE_OR_INTEREST,PRESENCE
22928438333,Google|PK|Dest|City|XXX|BNE|EN|MOD,long-haul,ENABLED,PRESENCE_OR_INTEREST,PRESENCE
22922589009,Google|PK|Dest|City|XXX|BNE|EN|PHR,long-haul,ENABLED,PRESENCE_OR_INTEREST,PRESENCE
22922582334,Google|PK|Dest|City|XXX|BOS|EN|MOD,long-haul,ENABLED,PRESENCE_OR_INTEREST,PRESENCE
22932514927,Google|PK|Dest|City|XXX|BOS|EN|PHR,long-haul,ENABLED,PRESENCE_OR_INTEREST,PRESENCE
22932509203,Google|PK|Dest|City|XXX|BRU|EN|MOD,long-haul,ENABLED,PRESENCE_OR_INTEREST,PRESENCE
22928446043,Google|PK|Dest|City|XXX|BRU|EN|PHR,long-haul,ENABLED,PRESENCE_OR_INTEREST,PRESENCE
22928438777,Google|PK|Dest|City|XXX|CAN|EN|MOD,regional,ENABLED,PRESENCE_OR_INTEREST,PRESENCE
22922589792,Google|PK|Dest|City|XXX|CAN|EN|PHR,regional,ENABLED,PRESENCE_OR_INTEREST,PRESENCE
22922582877,Google|PK|Dest|City|XXX|CDG|EN|MOD,long-haul,ENABLED,PRESENCE_OR_INTEREST,PRESENCE
22928446493,Google|PK|Dest|City|XXX|CDG|EN|PHR,long-haul,ENABLED,PRESENCE_OR_INTEREST,PRESENCE
22922582784,Google|PK|Dest|City|XXX|CPH|EN|MOD,long-haul,ENABLED,PRESENCE_OR_INTEREST,PRESENCE
22922590491,Google|PK|Dest|City|XXX|CPH|EN|PHR,long-haul,ENABLED,PRESENCE_OR_INTEREST,PRESENCE
22922581644,Google|PK|Dest|City|XXX|DFW|EN|MOD,long-haul,ENABLED,PRESENCE_OR_INTEREST,PRESENCE
22922588376,Google|PK|Dest|City|XXX|DFW|EN|PHR,long-haul,ENABLED,PRESENCE_OR_INTEREST,PRESENCE
22922581809,Google|PK|Dest|City|XXX|DMM|EN|MOD,regional,ENABLED,PRESENCE_OR_INTEREST,PRESENCE
22922588856,Google|PK|Dest|City|XXX|DMM|EN|PHR,regional,ENABLED,PRESENCE_OR_INTEREST,PRESENCE
22928439341,Google|PK|Dest|City|XXX|DOH|EN|MOD,regional,ENABLED,PRESENCE_OR_INTEREST,PRESENCE
22928446229,Google|PK|Dest|City|XXX|DOH|EN|PHR,regional,ENABLED,PRESENCE_OR_INTEREST,PRESENCE
22928439065,Google|PK|Dest|City|XXX|DPS|EN|MOD,regional,ENABLED,PRESENCE_OR_INTEREST,PRESENCE
22932516151,Google|PK|Dest|City|XXX|DPS|EN|PHR,regional,ENABLED,PRESENCE_OR_INTEREST,PRESENCE
22932508237,Google|PK|Dest|City|XXX|DUB|EN|MOD,UK+IE rest,ENABLED,PRESENCE_OR_INTEREST,PRESENCE
22922590047,Google|PK|Dest|City|XXX|DUB|EN|PHR,UK+IE rest,ENABLED,PRESENCE_OR_INTEREST,PRESENCE
22928438585,Google|PK|Dest|City|XXX|DUS|EN|MOD,long-haul,ENABLED,PRESENCE_OR_INTEREST,PRESENCE
22922590515,Google|PK|Dest|City|XXX|DUS|EN|PHR,long-haul,ENABLED,PRESENCE_OR_INTEREST,PRESENCE
22928437583,Google|PK|Dest|City|XXX|DXB|EN|MOD,regional,ENABLED,PRESENCE_OR_INTEREST,PRESENCE
22922588616,Google|PK|Dest|City|XXX|DXB|EN|PHR,regional,ENABLED,PRESENCE_OR_INTEREST,PRESENCE
22932507583,Google|PK|Dest|City|XXX|ECN|EN|MOD,long-haul,PAUSED,PRESENCE_OR_INTEREST,PRESENCE
22928445485,Google|PK|Dest|City|XXX|ECN|EN|PHR,long-haul,PAUSED,PRESENCE_OR_INTEREST,PRESENCE
22922564361,Google|PK|Dest|City|XXX|EDI|EN|MOD,UK+IE rest,ENABLED,PRESENCE_OR_INTEREST,PRESENCE
22922589051,Google|PK|Dest|City|XXX|EDI|EN|PHR,UK+IE rest,ENABLED,PRESENCE_OR_INTEREST,PRESENCE
22932509188,Google|PK|Dest|City|XXX|ESB|EN|MOD,regional,ENABLED,PRESENCE_OR_INTEREST,PRESENCE
22922590281,Google|PK|Dest|City|XXX|ESB|EN|PHR,regional,ENABLED,PRESENCE_OR_INTEREST,PRESENCE
22922582310,Google|PK|Dest|City|XXX|FCO|EN|MOD,long-haul,ENABLED,PRESENCE_OR_INTEREST,PRESENCE
22928445359,Google|PK|Dest|City|XXX|FCO|EN|PHR,long-haul,ENABLED,PRESENCE_OR_INTEREST,PRESENCE
22932508030,Google|PK|Dest|City|XXX|FRA|EN|MOD,long-haul,ENABLED,PRESENCE_OR_INTEREST,PRESENCE
22922591505,Google|PK|Dest|City|XXX|FRA|EN|PHR,long-haul,ENABLED,PRESENCE_OR_INTEREST,PRESENCE
22932508027,Google|PK|Dest|City|XXX|GYD|EN|MOD,regional,ENABLED,PRESENCE_OR_INTEREST,PRESENCE
22928445056,Google|PK|Dest|City|XXX|GYD|EN|PHR,regional,ENABLED,PRESENCE_OR_INTEREST,PRESENCE
22928439005,Google|PK|Dest|City|XXX|HEL|EN|MOD,long-haul,PAUSED,PRESENCE_OR_INTEREST,PRESENCE
22932516181,Google|PK|Dest|City|XXX|HEL|EN|PHR,long-haul,PAUSED,PRESENCE_OR_INTEREST,PRESENCE
22932507547,Google|PK|Dest|City|XXX|HGH|EN|MOD,regional,ENABLED,PRESENCE_OR_INTEREST,PRESENCE
22932510364,Google|PK|Dest|City|XXX|HGH|EN|PHR,regional,ENABLED,PRESENCE_OR_INTEREST,PRESENCE
22932507574,Google|PK|Dest|City|XXX|HKG|EN|MOD,regional,ENABLED,PRESENCE_OR_INTEREST,PRESENCE
22922589744,Google|PK|Dest|City|XXX|HKG|EN|PHR,regional,ENABLED,PRESENCE_OR_INTEREST,PRESENCE
22922582835,Google|PK|Dest|City|XXX|HND|EN|MOD,regional,PAUSED,PRESENCE_OR_INTEREST,PRESENCE
22922589303,Google|PK|Dest|City|XXX|HND|EN|PHR,regional,PAUSED,PRESENCE_OR_INTEREST,PRESENCE
22922582145,Google|PK|Dest|City|XXX|IAD|EN|MOD,long-haul,ENABLED,PRESENCE_OR_INTEREST,PRESENCE
22928445269,Google|PK|Dest|City|XXX|IAD|EN|PHR,long-haul,ENABLED,PRESENCE_OR_INTEREST,PRESENCE
22922582535,Google|PK|Dest|City|XXX|IAH|EN|MOD,long-haul,ENABLED,PRESENCE_OR_INTEREST,PRESENCE
22922588574,Google|PK|Dest|City|XXX|IAH|EN|PHR,long-haul,ENABLED,PRESENCE_OR_INTEREST,PRESENCE
22932507967,Google|PK|Dest|City|XXX|IST|EN|MOD,regional,ENABLED,PRESENCE_OR_INTEREST,PRESENCE
22928445800,Google|PK|Dest|City|XXX|IST|EN|PHR,regional,ENABLED,PRESENCE_OR_INTEREST,PRESENCE
22932508537,Google|PK|Dest|City|XXX|JED|EN|MOD,regional,ENABLED,PRESENCE_OR_INTEREST,PRESENCE
22922590506,Google|PK|Dest|City|XXX|JED|EN|PHR,regional,ENABLED,PRESENCE_OR_INTEREST,PRESENCE
22922582793,Google|PK|Dest|City|XXX|JFK|EN|MOD,long-haul,ENABLED,PRESENCE_OR_INTEREST,PRESENCE
22922590539,Google|PK|Dest|City|XXX|JFK|EN|PHR,long-haul,ENABLED,PRESENCE_OR_INTEREST,PRESENCE
22928438369,Google|PK|Dest|City|XXX|KUL|EN|MOD,regional,ENABLED,PRESENCE_OR_INTEREST,PRESENCE
22922589084,Google|PK|Dest|City|XXX|KUL|EN|PHR,regional,ENABLED,PRESENCE_OR_INTEREST,PRESENCE
22928438762,Google|PK|Dest|City|XXX|KWI|EN|MOD,regional,ENABLED,PRESENCE_OR_INTEREST,PRESENCE
22922589489,Google|PK|Dest|City|XXX|KWI|EN|PHR,regional,ENABLED,PRESENCE_OR_INTEREST,PRESENCE
22928438786,Google|PK|Dest|City|XXX|LAX|EN|MOD,long-haul,ENABLED,PRESENCE_OR_INTEREST,PRESENCE
22922589252,Google|PK|Dest|City|XXX|LAX|EN|PHR,long-haul,ENABLED,PRESENCE_OR_INTEREST,PRESENCE
22922583090,Google|PK|Dest|City|XXX|LGW|EN|MOD,UK+IE rest,ENABLED,PRESENCE_OR_INTEREST,PRESENCE
22932515965,Google|PK|Dest|City|XXX|LGW|EN|PHR,UK+IE rest,ENABLED,PRESENCE_OR_INTEREST,PRESENCE
22928439077,Google|PK|Dest|City|XXX|LHR|EN|MOD,UK+IE rest,ENABLED,PRESENCE_OR_INTEREST,PRESENCE
22922590254,Google|PK|Dest|City|XXX|LHR|EN|PHR,UK+IE rest,ENABLED,PRESENCE_OR_INTEREST,PRESENCE
23396596526,Google|PK|Dest|City|XXX|LON|EN|MOD,UK+IE (outside brief list),PAUSED,PRESENCE_OR_INTEREST,PRESENCE
23400951553,Google|PK|Dest|City|XXX|LON|EN|PHR,UK+IE (outside brief list),PAUSED,PRESENCE_OR_INTEREST,PRESENCE
22932507835,Google|PK|Dest|City|XXX|MAD|EN|MOD,long-haul,ENABLED,PRESENCE_OR_INTEREST,PRESENCE
22922588853,Google|PK|Dest|City|XXX|MAD|EN|PHR,long-haul,ENABLED,PRESENCE_OR_INTEREST,PRESENCE
22932508534,Google|PK|Dest|City|XXX|MAN|EN|MOD,UK+IE rest,ENABLED,PRESENCE_OR_INTEREST,PRESENCE
22932516169,Google|PK|Dest|City|XXX|MAN|EN|PHR,UK+IE rest,ENABLED,PRESENCE_OR_INTEREST,PRESENCE
22928437580,Google|PK|Dest|City|XXX|MED|EN|MOD,regional,ENABLED,PRESENCE_OR_INTEREST,PRESENCE
22922588565,Google|PK|Dest|City|XXX|MED|EN|PHR,regional,ENABLED,PRESENCE_OR_INTEREST,PRESENCE
22928439737,Google|PK|Dest|City|XXX|MEL|EN|MOD,long-haul,ENABLED,PRESENCE_OR_INTEREST,PRESENCE
22928446253,Google|PK|Dest|City|XXX|MEL|EN|PHR,long-haul,ENABLED,PRESENCE_OR_INTEREST,PRESENCE
22922582292,Google|PK|Dest|City|XXX|MIA|EN|MOD,long-haul,ENABLED,PRESENCE_OR_INTEREST,PRESENCE
22922588562,Google|PK|Dest|City|XXX|MIA|EN|PHR,long-haul,ENABLED,PRESENCE_OR_INTEREST,PRESENCE
22928438342,Google|PK|Dest|City|XXX|MLE|EN|MOD,regional,ENABLED,PRESENCE_OR_INTEREST,PRESENCE
22922589588,Google|PK|Dest|City|XXX|MLE|EN|PHR,regional,ENABLED,PRESENCE_OR_INTEREST,PRESENCE
22922582391,Google|PK|Dest|City|XXX|MUC|EN|MOD,long-haul,ENABLED,PRESENCE_OR_INTEREST,PRESENCE
22922589036,Google|PK|Dest|City|XXX|MUC|EN|PHR,long-haul,ENABLED,PRESENCE_OR_INTEREST,PRESENCE
22932507976,Google|PK|Dest|City|XXX|MXP|EN|MOD,long-haul,ENABLED,PRESENCE_OR_INTEREST,PRESENCE
22928445248,Google|PK|Dest|City|XXX|MXP|EN|PHR,long-haul,ENABLED,PRESENCE_OR_INTEREST,PRESENCE
22922583063,Google|PK|Dest|City|XXX|ORD|EN|MOD,long-haul,ENABLED,PRESENCE_OR_INTEREST,PRESENCE
22922589540,Google|PK|Dest|City|XXX|ORD|EN|PHR,long-haul,ENABLED,PRESENCE_OR_INTEREST,PRESENCE
22932508693,Google|PK|Dest|City|XXX|OSL|EN|MOD,long-haul,ENABLED,PRESENCE_OR_INTEREST,PRESENCE
22928445728,Google|PK|Dest|City|XXX|OSL|EN|PHR,long-haul,ENABLED,PRESENCE_OR_INTEREST,PRESENCE
22932507733,Google|PK|Dest|City|XXX|PER|EN|MOD,long-haul,ENABLED,PRESENCE_OR_INTEREST,PRESENCE
22922590005,Google|PK|Dest|City|XXX|PER|EN|PHR,long-haul,ENABLED,PRESENCE_OR_INTEREST,PRESENCE
22928439257,Google|PK|Dest|City|XXX|PHL|EN|MOD,long-haul,PAUSED,PRESENCE_OR_INTEREST,PRESENCE
22928446046,Google|PK|Dest|City|XXX|PHL|EN|PHR,long-haul,PAUSED,PRESENCE_OR_INTEREST,PRESENCE
22932507589,Google|PK|Dest|City|XXX|PVG|EN|MOD,regional,ENABLED,PRESENCE_OR_INTEREST,PRESENCE
22928445338,Google|PK|Dest|City|XXX|PVG|EN|PHR,regional,ENABLED,PRESENCE_OR_INTEREST,PRESENCE
23164001166,Google|PK|Dest|City|XXX|RSI|EN|MOD,regional,ENABLED,PRESENCE_OR_INTEREST,PRESENCE
23169191723,Google|PK|Dest|City|XXX|RSI|EN|PHR,regional,ENABLED,PRESENCE_OR_INTEREST,PRESENCE
22932508264,Google|PK|Dest|City|XXX|RUH|EN|MOD,regional,ENABLED,PRESENCE_OR_INTEREST,PRESENCE
22922590920,Google|PK|Dest|City|XXX|RUH|EN|PHR,regional,ENABLED,PRESENCE_OR_INTEREST,PRESENCE
22932507241,Google|PK|Dest|City|XXX|SAW|EN|MOD,regional,PAUSED,PRESENCE_OR_INTEREST,PRESENCE
22922589969,Google|PK|Dest|City|XXX|SAW|EN|PHR,regional,PAUSED,PRESENCE_OR_INTEREST,PRESENCE
22922583348,Google|PK|Dest|City|XXX|SEA|EN|MOD,long-haul,ENABLED,PRESENCE_OR_INTEREST,PRESENCE
22932516199,Google|PK|Dest|City|XXX|SEA|EN|PHR,long-haul,ENABLED,PRESENCE_OR_INTEREST,PRESENCE
22932508282,Google|PK|Dest|City|XXX|SFO|EN|MOD,long-haul,ENABLED,PRESENCE_OR_INTEREST,PRESENCE
22922590494,Google|PK|Dest|City|XXX|SFO|EN|PHR,long-haul,ENABLED,PRESENCE_OR_INTEREST,PRESENCE
22932507556,Google|PK|Dest|City|XXX|SHJ|EN|MOD,regional,ENABLED,PRESENCE_OR_INTEREST,PRESENCE
22922588568,Google|PK|Dest|City|XXX|SHJ|EN|PHR,regional,ENABLED,PRESENCE_OR_INTEREST,PRESENCE
22932508711,Google|PK|Dest|City|XXX|SIN|EN|MOD,regional,ENABLED,PRESENCE_OR_INTEREST,PRESENCE
22932515938,Google|PK|Dest|City|XXX|SIN|EN|PHR,regional,ENABLED,PRESENCE_OR_INTEREST,PRESENCE
22922583078,Google|PK|Dest|City|XXX|SYD|EN|MOD,long-haul,ENABLED,PRESENCE_OR_INTEREST,PRESENCE
22932515950,Google|PK|Dest|City|XXX|SYD|EN|PHR,long-haul,ENABLED,PRESENCE_OR_INTEREST,PRESENCE
22932508063,Google|PK|Dest|City|XXX|YUL|EN|MOD,long-haul,ENABLED,PRESENCE_OR_INTEREST,PRESENCE
22922589531,Google|PK|Dest|City|XXX|YUL|EN|PHR,long-haul,ENABLED,PRESENCE_OR_INTEREST,PRESENCE
22922583246,Google|PK|Dest|City|XXX|YVR|EN|MOD,long-haul,PAUSED,PRESENCE_OR_INTEREST,PRESENCE
22932515914,Google|PK|Dest|City|XXX|YVR|EN|PHR,long-haul,PAUSED,PRESENCE_OR_INTEREST,PRESENCE
22922582550,Google|PK|Dest|City|XXX|YYC|EN|MOD,long-haul,PAUSED,PRESENCE_OR_INTEREST,PRESENCE
22922589285,Google|PK|Dest|City|XXX|YYC|EN|PHR,long-haul,PAUSED,PRESENCE_OR_INTEREST,PRESENCE
22922583492,Google|PK|Dest|City|XXX|YYZ|EN|MOD,long-haul,ENABLED,PRESENCE_OR_INTEREST,PRESENCE
22928446028,Google|PK|Dest|City|XXX|YYZ|EN|PHR,long-haul,ENABLED,PRESENCE_OR_INTEREST,PRESENCE
22928432807,Google|PK|Dest|Country|XXX|AE|EN|MOD,regional,ENABLED,PRESENCE_OR_INTEREST,PRESENCE
22928433551,Google|PK|Dest|Country|XXX|AU|EN|MOD,long-haul,ENABLED,PRESENCE_OR_INTEREST,PRESENCE
22932502060,Google|PK|Dest|Country|XXX|AZ|EN|MOD,regional,ENABLED,PRESENCE_OR_INTEREST,PRESENCE
22928433272,Google|PK|Dest|Country|XXX|BE|EN|MOD,long-haul,ENABLED,PRESENCE_OR_INTEREST,PRESENCE
22922577588,Google|PK|Dest|Country|XXX|BH|EN|MOD,regional,ENABLED,PRESENCE_OR_INTEREST,PRESENCE
22932502018,Google|PK|Dest|Country|XXX|CA|EN|MOD,long-haul,ENABLED,PRESENCE_OR_INTEREST,PRESENCE
22922577786,Google|PK|Dest|Country|XXX|CN|EN|MOD,regional,ENABLED,PRESENCE_OR_INTEREST,PRESENCE
22922577282,Google|PK|Dest|Country|XXX|CY|EN|MOD,long-haul,ENABLED,PRESENCE_OR_INTEREST,PRESENCE
22928433557,Google|PK|Dest|Country|XXX|DE|EN|MOD,long-haul,ENABLED,PRESENCE_OR_INTEREST,PRESENCE
22928432780,Google|PK|Dest|Country|XXX|DK|EN|MOD,long-haul,ENABLED,PRESENCE_OR_INTEREST,PRESENCE
22922577069,Google|PK|Dest|Country|XXX|ES|EN|MOD,long-haul,ENABLED,PRESENCE_OR_INTEREST,PRESENCE
22928432546,Google|PK|Dest|Country|XXX|FI|EN|MOD,long-haul,ENABLED,PRESENCE_OR_INTEREST,PRESENCE
22928432609,Google|PK|Dest|Country|XXX|FR|EN|MOD,long-haul,ENABLED,PRESENCE_OR_INTEREST,PRESENCE
22932501781,Google|PK|Dest|Country|XXX|GB|EN|MOD,GB country (cut 20 Aug),ENABLED,PRESENCE_OR_INTEREST,PRESENCE
22928433260,Google|PK|Dest|Country|XXX|HK|EN|MOD,regional,ENABLED,PRESENCE_OR_INTEREST,PRESENCE
22928429027,Google|PK|Dest|Country|XXX|ID|EN|MOD,regional,ENABLED,PRESENCE_OR_INTEREST,PRESENCE
22922577522,Google|PK|Dest|Country|XXX|IE|EN|MOD,UK+IE rest,ENABLED,PRESENCE_OR_INTEREST,PRESENCE
22922577591,Google|PK|Dest|Country|XXX|IT|EN|MOD,long-haul,ENABLED,PRESENCE_OR_INTEREST,PRESENCE
22922578011,Google|PK|Dest|Country|XXX|JP|EN|MOD,regional,ENABLED,PRESENCE_OR_INTEREST,PRESENCE
22932501514,Google|PK|Dest|Country|XXX|KW|EN|MOD,regional,ENABLED,PRESENCE_OR_INTEREST,PRESENCE
22928433014,Google|PK|Dest|Country|XXX|MV|EN|MOD,regional,ENABLED,PRESENCE_OR_INTEREST,PRESENCE
22922577057,Google|PK|Dest|Country|XXX|MY|EN|MOD,regional,ENABLED,PRESENCE_OR_INTEREST,PRESENCE
22928433533,Google|PK|Dest|Country|XXX|NL|EN|MOD,long-haul,ENABLED,PRESENCE_OR_INTEREST,PRESENCE
22928433071,Google|PK|Dest|Country|XXX|NO|EN|MOD,long-haul,ENABLED,PRESENCE_OR_INTEREST,PRESENCE
22928432570,Google|PK|Dest|Country|XXX|NZ|EN|MOD,long-haul,ENABLED,PRESENCE_OR_INTEREST,PRESENCE
22922577510,Google|PK|Dest|Country|XXX|QA|EN|MOD,regional,ENABLED,PRESENCE_OR_INTEREST,PRESENCE
22932501982,Google|PK|Dest|Country|XXX|SA|EN|MOD,regional,ENABLED,PRESENCE_OR_INTEREST,PRESENCE
22922577726,Google|PK|Dest|Country|XXX|SE|EN|MOD,long-haul,ENABLED,PRESENCE_OR_INTEREST,PRESENCE
22922577048,Google|PK|Dest|Country|XXX|SG|EN|MOD,regional,ENABLED,PRESENCE_OR_INTEREST,PRESENCE
22922577060,Google|PK|Dest|Country|XXX|TH|EN|MOD,regional,ENABLED,PRESENCE_OR_INTEREST,PRESENCE
22922577078,Google|PK|Dest|Country|XXX|TR|EN|MOD,regional,ENABLED,PRESENCE_OR_INTEREST,PRESENCE
22928433353,Google|PK|Dest|Country|XXX|US|EN|MOD,long-haul,ENABLED,PRESENCE_OR_INTEREST,PRESENCE
22932506152,Google|PK|O&D|Country|PK|AE|EN|MOD,regional,ENABLED,PRESENCE_OR_INTEREST,PRESENCE
22922582154,Google|PK|O&D|Country|PK|AU|EN|MOD,long-haul,ENABLED,PRESENCE_OR_INTEREST,PRESENCE
22922582055,Google|PK|O&D|Country|PK|AZ|EN|MOD,regional,ENABLED,PRESENCE_OR_INTEREST,PRESENCE
22928437808,Google|PK|O&D|Country|PK|BE|EN|MOD,long-haul,ENABLED,PRESENCE_OR_INTEREST,PRESENCE
22922581590,Google|PK|O&D|Country|PK|BH|EN|MOD,regional,ENABLED,PRESENCE_OR_INTEREST,PRESENCE
22922581911,Google|PK|O&D|Country|PK|CA|EN|MOD,long-haul,ENABLED,PRESENCE_OR_INTEREST,PRESENCE
22932507049,Google|PK|O&D|Country|PK|CN|EN|MOD,regional,ENABLED,PRESENCE_OR_INTEREST,PRESENCE
22932507001,Google|PK|O&D|Country|PK|CY|EN|MOD,long-haul,ENABLED,PRESENCE_OR_INTEREST,PRESENCE
22932506374,Google|PK|O&D|Country|PK|DE|EN|MOD,long-haul,ENABLED,PRESENCE_OR_INTEREST,PRESENCE
22922582097,Google|PK|O&D|Country|PK|DK|EN|MOD,long-haul,ENABLED,PRESENCE_OR_INTEREST,PRESENCE
22932506827,Google|PK|O&D|Country|PK|ES|EN|MOD,long-haul,ENABLED,PRESENCE_OR_INTEREST,PRESENCE
22932506872,Google|PK|O&D|Country|PK|FI|EN|MOD,long-haul,ENABLED,PRESENCE_OR_INTEREST,PRESENCE
22932506569,Google|PK|O&D|Country|PK|FR|EN|MOD,long-haul,ENABLED,PRESENCE_OR_INTEREST,PRESENCE
22922582106,Google|PK|O&D|Country|PK|GB|EN|MOD,GB country (cut 20 Aug),ENABLED,PRESENCE_OR_INTEREST,PRESENCE
22928437409,Google|PK|O&D|Country|PK|HK|EN|MOD,regional,ENABLED,PRESENCE_OR_INTEREST,PRESENCE
22932506779,Google|PK|O&D|Country|PK|ID|EN|MOD,regional,ENABLED,PRESENCE_OR_INTEREST,PRESENCE
22932506638,Google|PK|O&D|Country|PK|IE|EN|MOD,UK+IE rest,ENABLED,PRESENCE_OR_INTEREST,PRESENCE
22922581170,Google|PK|O&D|Country|PK|IT|EN|MOD,long-haul,ENABLED,PRESENCE_OR_INTEREST,PRESENCE
22928437664,Google|PK|O&D|Country|PK|JP|EN|MOD,regional,ENABLED,PRESENCE_OR_INTEREST,PRESENCE
22932507250,Google|PK|O&D|Country|PK|KW|EN|MOD,regional,ENABLED,PRESENCE_OR_INTEREST,PRESENCE
22922581173,Google|PK|O&D|Country|PK|MV|EN|MOD,regional,ENABLED,PRESENCE_OR_INTEREST,PRESENCE
22928436710,Google|PK|O&D|Country|PK|MY|EN|MOD,regional,ENABLED,PRESENCE_OR_INTEREST,PRESENCE
22928437901,Google|PK|O&D|Country|PK|NL|EN|MOD,long-haul,ENABLED,PRESENCE_OR_INTEREST,PRESENCE
22932506587,Google|PK|O&D|Country|PK|NO|EN|MOD,long-haul,ENABLED,PRESENCE_OR_INTEREST,PRESENCE
22928437577,Google|PK|O&D|Country|PK|NZ|EN|MOD,long-haul,ENABLED,PRESENCE_OR_INTEREST,PRESENCE
22928437322,Google|PK|O&D|Country|PK|QA|EN|MOD,regional,ENABLED,PRESENCE_OR_INTEREST,PRESENCE
22922581395,Google|PK|O&D|Country|PK|SA|EN|MOD,regional,ENABLED,PRESENCE_OR_INTEREST,PRESENCE
22922582079,Google|PK|O&D|Country|PK|SE|EN|MOD,long-haul,ENABLED,PRESENCE_OR_INTEREST,PRESENCE
22922581674,Google|PK|O&D|Country|PK|SG|EN|MOD,regional,ENABLED,PRESENCE_OR_INTEREST,PRESENCE
22932507046,Google|PK|O&D|Country|PK|TH|EN|MOD,regional,ENABLED,PRESENCE_OR_INTEREST,PRESENCE
22922582064,Google|PK|O&D|Country|PK|TR|EN|MOD,regional,ENABLED,PRESENCE_OR_INTEREST,PRESENCE
22922581806,Google|PK|O&D|Country|PK|US|EN|MOD,long-haul,ENABLED,PRESENCE_OR_INTEREST,PRESENCE
22932511168,Google|PK|O&D|Routes|ISB|ADL|EN|MOD,long-haul,ENABLED,PRESENCE_OR_INTEREST,PRESENCE
22932503194,Google|PK|O&D|Routes|ISB|ADL|EN|PHR,long-haul,ENABLED,PRESENCE_OR_INTEREST,PRESENCE
22932514525,Google|PK|O&D|Routes|ISB|AKL|EN|MOD,long-haul,ENABLED,PRESENCE_OR_INTEREST,PRESENCE
22922581143,Google|PK|O&D|Routes|ISB|AKL|EN|PHR,long-haul,ENABLED,PRESENCE_OR_INTEREST,PRESENCE
22928439752,Google|PK|O&D|Routes|ISB|AMS|EN|MOD,long-haul,ENABLED,PRESENCE_OR_INTEREST,PRESENCE
22922578491,Google|PK|O&D|Routes|ISB|AMS|EN|PHR,long-haul,ENABLED,PRESENCE_OR_INTEREST,PRESENCE
22928441168,Google|PK|O&D|Routes|ISB|ATL|EN|MOD,long-haul,ENABLED,PRESENCE_OR_INTEREST,PRESENCE
22932503404,Google|PK|O&D|Routes|ISB|ATL|EN|PHR,long-haul,ENABLED,PRESENCE_OR_INTEREST,PRESENCE
22932513316,Google|PK|O&D|Routes|ISB|AUH|EN|MOD,regional,ENABLED,PRESENCE_OR_INTEREST,PRESENCE
22932505339,Google|PK|O&D|Routes|ISB|AUH|EN|PHR,regional,ENABLED,PRESENCE_OR_INTEREST,PRESENCE
22922586945,Google|PK|O&D|Routes|ISB|BAH|EN|MOD,regional,ENABLED,PRESENCE_OR_INTEREST,PRESENCE
22922573880,Google|PK|O&D|Routes|ISB|BAH|EN|PHR,regional,ENABLED,PRESENCE_OR_INTEREST,PRESENCE
22928441984,Google|PK|O&D|Routes|ISB|BCN|EN|MOD,long-haul,ENABLED,PRESENCE_OR_INTEREST,PRESENCE
22932503014,Google|PK|O&D|Routes|ISB|BCN|EN|PHR,long-haul,ENABLED,PRESENCE_OR_INTEREST,PRESENCE
22932512107,Google|PK|O&D|Routes|ISB|BER|EN|MOD,long-haul,ENABLED,PRESENCE_OR_INTEREST,PRESENCE
22928435405,Google|PK|O&D|Routes|ISB|BER|EN|PHR,long-haul,ENABLED,PRESENCE_OR_INTEREST,PRESENCE
22922587659,Google|PK|O&D|Routes|ISB|BHX|EN|MOD,UK+IE rest,ENABLED,PRESENCE_OR_INTEREST,PRESENCE
22928436626,Google|PK|O&D|Routes|ISB|BHX|EN|PHR,UK+IE rest,ENABLED,PRESENCE_OR_INTEREST,PRESENCE
22928443403,Google|PK|O&D|Routes|ISB|BOS|EN|MOD,long-haul,ENABLED,PRESENCE_OR_INTEREST,PRESENCE
22922580849,Google|PK|O&D|Routes|ISB|BOS|EN|PHR,long-haul,ENABLED,PRESENCE_OR_INTEREST,PRESENCE
22922584284,Google|PK|O&D|Routes|ISB|BRU|EN|MOD,long-haul,ENABLED,PRESENCE_OR_INTEREST,PRESENCE
22932502975,Google|PK|O&D|Routes|ISB|BRU|EN|PHR,long-haul,ENABLED,PRESENCE_OR_INTEREST,PRESENCE
22922588118,Google|PK|O&D|Routes|ISB|CDG|EN|MOD,long-haul,ENABLED,PRESENCE_OR_INTEREST,PRESENCE
22928436860,Google|PK|O&D|Routes|ISB|CDG|EN|PHR,long-haul,ENABLED,PRESENCE_OR_INTEREST,PRESENCE
22928443910,Google|PK|O&D|Routes|ISB|CPH|EN|MOD,long-haul,ENABLED,PRESENCE_OR_INTEREST,PRESENCE
22928436905,Google|PK|O&D|Routes|ISB|CPH|EN|PHR,long-haul,ENABLED,PRESENCE_OR_INTEREST,PRESENCE
22932514447,Google|PK|O&D|Routes|ISB|DFW|EN|MOD,long-haul,ENABLED,PRESENCE_OR_INTEREST,PRESENCE
22932506062,Google|PK|O&D|Routes|ISB|DFW|EN|PHR,long-haul,ENABLED,PRESENCE_OR_INTEREST,PRESENCE
22928440466,Google|PK|O&D|Routes|ISB|DMM|EN|MOD,regional,ENABLED,PRESENCE_OR_INTEREST,PRESENCE
22922579010,Google|PK|O&D|Routes|ISB|DMM|EN|PHR,regional,ENABLED,PRESENCE_OR_INTEREST,PRESENCE
22922586375,Google|PK|O&D|Routes|ISB|DOH|EN|MOD,regional,ENABLED,PRESENCE_OR_INTEREST,PRESENCE
22932505108,Google|PK|O&D|Routes|ISB|DOH|EN|PHR,regional,ENABLED,PRESENCE_OR_INTEREST,PRESENCE
22932510928,Google|PK|O&D|Routes|ISB|DUB|EN|MOD,UK+IE rest,ENABLED,PRESENCE_OR_INTEREST,PRESENCE
22922579400,Google|PK|O&D|Routes|ISB|DUB|EN|PHR,UK+IE rest,ENABLED,PRESENCE_OR_INTEREST,PRESENCE
22928429726,Google|PK|O&D|Routes|ISB|DUS|EN|MOD,long-haul,ENABLED,PRESENCE_OR_INTEREST,PRESENCE
22932505105,Google|PK|O&D|Routes|ISB|DUS|EN|PHR,long-haul,ENABLED,PRESENCE_OR_INTEREST,PRESENCE
22932513247,Google|PK|O&D|Routes|ISB|DXB|EN|MOD,regional,ENABLED,PRESENCE_OR_INTEREST,PRESENCE
22922580456,Google|PK|O&D|Routes|ISB|DXB|EN|PHR,regional,ENABLED,PRESENCE_OR_INTEREST,PRESENCE
22922585748,Google|PK|O&D|Routes|ISB|EDI|EN|MOD,UK+IE rest,ENABLED,PRESENCE_OR_INTEREST,PRESENCE
22928435645,Google|PK|O&D|Routes|ISB|EDI|EN|PHR,UK+IE rest,ENABLED,PRESENCE_OR_INTEREST,PRESENCE
22928440316,Google|PK|O&D|Routes|ISB|ESB|EN|MOD,regional,ENABLED,PRESENCE_OR_INTEREST,PRESENCE
22922578209,Google|PK|O&D|Routes|ISB|ESB|EN|PHR,regional,ENABLED,PRESENCE_OR_INTEREST,PRESENCE
22932514714,Google|PK|O&D|Routes|ISB|FCO|EN|MOD,long-haul,ENABLED,PRESENCE_OR_INTEREST,PRESENCE
22922580921,Google|PK|O&D|Routes|ISB|FCO|EN|PHR,long-haul,ENABLED,PRESENCE_OR_INTEREST,PRESENCE
22932510931,Google|PK|O&D|Routes|ISB|FRA|EN|MOD,long-haul,ENABLED,PRESENCE_OR_INTEREST,PRESENCE
22928434511,Google|PK|O&D|Routes|ISB|FRA|EN|PHR,long-haul,ENABLED,PRESENCE_OR_INTEREST,PRESENCE
22932513349,Google|PK|O&D|Routes|ISB|GYD|EN|MOD,regional,ENABLED,PRESENCE_OR_INTEREST,PRESENCE
22932502306,Google|PK|O&D|Routes|ISB|GYD|EN|PHR,regional,ENABLED,PRESENCE_OR_INTEREST,PRESENCE
23472458370,Google|PK|O&D|Routes|ISB|HAS|EN|MOD,regional,ENABLED,PRESENCE_OR_INTEREST,PRESENCE
23472458310,Google|PK|O&D|Routes|ISB|HAS|EN|PHR,regional,ENABLED,PRESENCE_OR_INTEREST,PRESENCE
22928443583,Google|PK|O&D|Routes|ISB|HEL|EN|MOD,long-haul,PAUSED,PRESENCE_OR_INTEREST,PRESENCE
22928436128,Google|PK|O&D|Routes|ISB|HEL|EN|PHR,long-haul,PAUSED,PRESENCE_OR_INTEREST,PRESENCE
22922586867,Google|PK|O&D|Routes|ISB|HKG|EN|MOD,regional,ENABLED,PRESENCE_OR_INTEREST,PRESENCE
22932505159,Google|PK|O&D|Routes|ISB|HKG|EN|PHR,regional,ENABLED,PRESENCE_OR_INTEREST,PRESENCE
22922585892,Google|PK|O&D|Routes|ISB|HND|EN|MOD,regional,PAUSED,PRESENCE_OR_INTEREST,PRESENCE
22932504217,Google|PK|O&D|Routes|ISB|HND|EN|PHR,regional,PAUSED,PRESENCE_OR_INTEREST,PRESENCE
22928443667,Google|PK|O&D|Routes|ISB|IAD|EN|MOD,long-haul,ENABLED,PRESENCE_OR_INTEREST,PRESENCE
22928436368,Google|PK|O&D|Routes|ISB|IAD|EN|PHR,long-haul,ENABLED,PRESENCE_OR_INTEREST,PRESENCE
22922587404,Google|PK|O&D|Routes|ISB|IAH|EN|MOD,long-haul,ENABLED,PRESENCE_OR_INTEREST,PRESENCE
22932505369,Google|PK|O&D|Routes|ISB|IAH|EN|PHR,long-haul,ENABLED,PRESENCE_OR_INTEREST,PRESENCE
22928444864,Google|PK|O&D|Routes|ISB|IST|EN|MOD,regional,ENABLED,PRESENCE_OR_INTEREST,PRESENCE
22932505411,Google|PK|O&D|Routes|ISB|IST|EN|PHR,regional,ENABLED,PRESENCE_OR_INTEREST,PRESENCE
22922584773,Google|PK|O&D|Routes|ISB|JED|EN|MOD,regional,ENABLED,PRESENCE_OR_INTEREST,PRESENCE
22932503977,Google|PK|O&D|Routes|ISB|JED|EN|PHR,regional,ENABLED,PRESENCE_OR_INTEREST,PRESENCE
22932513502,Google|PK|O&D|Routes|ISB|JFK|EN|MOD,long-haul,ENABLED,PRESENCE_OR_INTEREST,PRESENCE
22922580714,Google|PK|O&D|Routes|ISB|JFK|EN|PHR,long-haul,ENABLED,PRESENCE_OR_INTEREST,PRESENCE
22932512125,Google|PK|O&D|Routes|ISB|KUL|EN|MOD,regional,ENABLED,PRESENCE_OR_INTEREST,PRESENCE
22928434994,Google|PK|O&D|Routes|ISB|KUL|EN|PHR,regional,ENABLED,PRESENCE_OR_INTEREST,PRESENCE
22922585973,Google|PK|O&D|Routes|ISB|LAX|EN|MOD,long-haul,ENABLED,PRESENCE_OR_INTEREST,PRESENCE
22928435174,Google|PK|O&D|Routes|ISB|LAX|EN|PHR,long-haul,ENABLED,PRESENCE_OR_INTEREST,PRESENCE
22928442149,Google|PK|O&D|Routes|ISB|LGW|EN|MOD,UK+IE rest,ENABLED,PRESENCE_OR_INTEREST,PRESENCE
22932504190,Google|PK|O&D|Routes|ISB|LGW|EN|PHR,UK+IE rest,ENABLED,PRESENCE_OR_INTEREST,PRESENCE
22928440493,Google|PK|O&D|Routes|ISB|LHR|EN|MOD,UK+IE rest,ENABLED,PRESENCE_OR_INTEREST,PRESENCE
22932502924,Google|PK|O&D|Routes|ISB|LHR|EN|PHR,UK+IE rest,ENABLED,PRESENCE_OR_INTEREST,PRESENCE
22928440256,Google|PK|O&D|Routes|ISB|MAD|EN|MOD,long-haul,ENABLED,PRESENCE_OR_INTEREST,PRESENCE
22922578704,Google|PK|O&D|Routes|ISB|MAD|EN|PHR,long-haul,ENABLED,PRESENCE_OR_INTEREST,PRESENCE
22928443586,Google|PK|O&D|Routes|ISB|MAN|EN|MOD,UK+IE rest,ENABLED,PRESENCE_OR_INTEREST,PRESENCE
22932505585,Google|PK|O&D|Routes|ISB|MAN|EN|PHR,UK+IE rest,ENABLED,PRESENCE_OR_INTEREST,PRESENCE
22932514441,Google|PK|O&D|Routes|ISB|MED|EN|MOD,regional,ENABLED,PRESENCE_OR_INTEREST,PRESENCE
22932505888,Google|PK|O&D|Routes|ISB|MED|EN|PHR,regional,ENABLED,PRESENCE_OR_INTEREST,PRESENCE
22932509407,Google|PK|O&D|Routes|ISB|MEL|EN|MOD,long-haul,ENABLED,PRESENCE_OR_INTEREST,PRESENCE
22928433779,Google|PK|O&D|Routes|ISB|MEL|EN|PHR,long-haul,ENABLED,PRESENCE_OR_INTEREST,PRESENCE
22928439755,Google|PK|O&D|Routes|ISB|MIA|EN|MOD,long-haul,ENABLED,PRESENCE_OR_INTEREST,PRESENCE
22928433788,Google|PK|O&D|Routes|ISB|MIA|EN|PHR,long-haul,ENABLED,PRESENCE_OR_INTEREST,PRESENCE
22928440523,Google|PK|O&D|Routes|ISB|MLE|EN|MOD,regional,ENABLED,PRESENCE_OR_INTEREST,PRESENCE
22928433836,Google|PK|O&D|Routes|ISB|MLE|EN|PHR,regional,ENABLED,PRESENCE_OR_INTEREST,PRESENCE
22932509683,Google|PK|O&D|Routes|ISB|MXP|EN|MOD,long-haul,ENABLED,PRESENCE_OR_INTEREST,PRESENCE
22928433740,Google|PK|O&D|Routes|ISB|MXP|EN|PHR,long-haul,ENABLED,PRESENCE_OR_INTEREST,PRESENCE
22922583555,Google|PK|O&D|Routes|ISB|ORD|EN|MOD,long-haul,ENABLED,PRESENCE_OR_INTEREST,PRESENCE
22932502057,Google|PK|O&D|Routes|ISB|ORD|EN|PHR,long-haul,ENABLED,PRESENCE_OR_INTEREST,PRESENCE
22922585400,Google|PK|O&D|Routes|ISB|OSL|EN|MOD,long-haul,ENABLED,PRESENCE_OR_INTEREST,PRESENCE
22932502252,Google|PK|O&D|Routes|ISB|OSL|EN|PHR,long-haul,ENABLED,PRESENCE_OR_INTEREST,PRESENCE
22922584692,Google|PK|O&D|Routes|ISB|PER|EN|MOD,long-haul,ENABLED,PRESENCE_OR_INTEREST,PRESENCE
22932503002,Google|PK|O&D|Routes|ISB|PER|EN|PHR,long-haul,ENABLED,PRESENCE_OR_INTEREST,PRESENCE
22932514993,Google|PK|O&D|Routes|ISB|PHL|EN|MOD,long-haul,PAUSED,PRESENCE_OR_INTEREST,PRESENCE
22928436851,Google|PK|O&D|Routes|ISB|PHL|EN|PHR,long-haul,PAUSED,PRESENCE_OR_INTEREST,PRESENCE
23164001475,Google|PK|O&D|Routes|ISB|RSI|EN|MOD,regional,ENABLED,PRESENCE_OR_INTEREST,PRESENCE
23169190052,Google|PK|O&D|Routes|ISB|RSI|EN|PHR,regional,ENABLED,PRESENCE_OR_INTEREST,PRESENCE
22928441672,Google|PK|O&D|Routes|ISB|RUH|EN|MOD,regional,ENABLED,PRESENCE_OR_INTEREST,PRESENCE
22932502744,Google|PK|O&D|Routes|ISB|RUH|EN|PHR,regional,ENABLED,PRESENCE_OR_INTEREST,PRESENCE
22928443595,Google|PK|O&D|Routes|ISB|SAW|EN|MOD,regional,PAUSED,PRESENCE_OR_INTEREST,PRESENCE
22922580942,Google|PK|O&D|Routes|ISB|SAW|EN|PHR,regional,PAUSED,PRESENCE_OR_INTEREST,PRESENCE
22922583498,Google|PK|O&D|Routes|ISB|SFO|EN|MOD,long-haul,ENABLED,PRESENCE_OR_INTEREST,PRESENCE
22922577960,Google|PK|O&D|Routes|ISB|SFO|EN|PHR,long-haul,ENABLED,PRESENCE_OR_INTEREST,PRESENCE
22922584719,Google|PK|O&D|Routes|ISB|SHJ|EN|MOD,regional,ENABLED,PRESENCE_OR_INTEREST,PRESENCE
22932503212,Google|PK|O&D|Routes|ISB|SHJ|EN|PHR,regional,ENABLED,PRESENCE_OR_INTEREST,PRESENCE
22932511678,Google|PK|O&D|Routes|ISB|SIN|EN|MOD,regional,ENABLED,PRESENCE_OR_INTEREST,PRESENCE
22932504196,Google|PK|O&D|Routes|ISB|SIN|EN|PHR,regional,ENABLED,PRESENCE_OR_INTEREST,PRESENCE
22932512374,Google|PK|O&D|Routes|ISB|SYD|EN|MOD,long-haul,ENABLED,PRESENCE_OR_INTEREST,PRESENCE
22932505186,Google|PK|O&D|Routes|ISB|SYD|EN|PHR,long-haul,ENABLED,PRESENCE_OR_INTEREST,PRESENCE
22932509467,Google|PK|O&D|Routes|ISB|YUL|EN|MOD,long-haul,ENABLED,PRESENCE_OR_INTEREST,PRESENCE
22922578059,Google|PK|O&D|Routes|ISB|YUL|EN|PHR,long-haul,ENABLED,PRESENCE_OR_INTEREST,PRESENCE
22932512356,Google|PK|O&D|Routes|KHI|ADL|EN|MOD,long-haul,ENABLED,PRESENCE_OR_INTEREST,PRESENCE
22932487420,Google|PK|O&D|Routes|KHI|ADL|EN|PHR,long-haul,ENABLED,PRESENCE_OR_INTEREST,PRESENCE
22932509275,Google|PK|O&D|Routes|KHI|AMS|EN|MOD,long-haul,ENABLED,PRESENCE_OR_INTEREST,PRESENCE
22922578308,Google|PK|O&D|Routes|KHI|AMS|EN|PHR,long-haul,ENABLED,PRESENCE_OR_INTEREST,PRESENCE
22932511105,Google|PK|O&D|Routes|KHI|ATL|EN|MOD,long-haul,ENABLED,PRESENCE_OR_INTEREST,PRESENCE
22928434469,Google|PK|O&D|Routes|KHI|ATL|EN|PHR,long-haul,ENABLED,PRESENCE_OR_INTEREST,PRESENCE
22928441753,Google|PK|O&D|Routes|KHI|AUH|EN|MOD,regional,ENABLED,PRESENCE_OR_INTEREST,PRESENCE
22928435003,Google|PK|O&D|Routes|KHI|AUH|EN|PHR,regional,ENABLED,PRESENCE_OR_INTEREST,PRESENCE
22928444588,Google|PK|O&D|Routes|KHI|BCN|EN|MOD,long-haul,ENABLED,PRESENCE_OR_INTEREST,PRESENCE
22922581344,Google|PK|O&D|Routes|KHI|BCN|EN|PHR,long-haul,ENABLED,PRESENCE_OR_INTEREST,PRESENCE
22932514555,Google|PK|O&D|Routes|KHI|BER|EN|MOD,long-haul,ENABLED,PRESENCE_OR_INTEREST,PRESENCE
22922580633,Google|PK|O&D|Routes|KHI|BER|EN|PHR,long-haul,ENABLED,PRESENCE_OR_INTEREST,PRESENCE
22922585025,Google|PK|O&D|Routes|KHI|BHX|EN|MOD,UK+IE rest,ENABLED,PRESENCE_OR_INTEREST,PRESENCE
22932503425,Google|PK|O&D|Routes|KHI|BHX|EN|PHR,UK+IE rest,ENABLED,PRESENCE_OR_INTEREST,PRESENCE
22932513028,Google|PK|O&D|Routes|KHI|BKK|EN|MOD,regional,ENABLED,PRESENCE_OR_INTEREST,PRESENCE
22932504418,Google|PK|O&D|Routes|KHI|BKK|EN|PHR,regional,ENABLED,PRESENCE_OR_INTEREST,PRESENCE
22932514033,Google|PK|O&D|Routes|KHI|BOS|EN|MOD,long-haul,ENABLED,PRESENCE_OR_INTEREST,PRESENCE
22932505639,Google|PK|O&D|Routes|KHI|BOS|EN|PHR,long-haul,ENABLED,PRESENCE_OR_INTEREST,PRESENCE
22922584230,Google|PK|O&D|Routes|KHI|CDG|EN|MOD,long-haul,ENABLED,PRESENCE_OR_INTEREST,PRESENCE
22932502945,Google|PK|O&D|Routes|KHI|CDG|EN|PHR,long-haul,ENABLED,PRESENCE_OR_INTEREST,PRESENCE
22922584215,Google|PK|O&D|Routes|KHI|DFW|EN|MOD,long-haul,ENABLED,PRESENCE_OR_INTEREST,PRESENCE
22932502510,Google|PK|O&D|Routes|KHI|DFW|EN|PHR,long-haul,ENABLED,PRESENCE_OR_INTEREST,PRESENCE
22928441981,Google|PK|O&D|Routes|KHI|DMM|EN|MOD,regional,ENABLED,PRESENCE_OR_INTEREST,PRESENCE
22932503653,Google|PK|O&D|Routes|KHI|DMM|EN|PHR,regional,ENABLED,PRESENCE_OR_INTEREST,PRESENCE
22922586174,Google|PK|O&D|Routes|KHI|DOH|EN|MOD,regional,ENABLED,PRESENCE_OR_INTEREST,PRESENCE
22922580198,Google|PK|O&D|Routes|KHI|DOH|EN|PHR,regional,ENABLED,PRESENCE_OR_INTEREST,PRESENCE
22922583576,Google|PK|O&D|Routes|KHI|DPS|EN|MOD,regional,ENABLED,PRESENCE_OR_INTEREST,PRESENCE
22928433782,Google|PK|O&D|Routes|KHI|DPS|EN|PHR,regional,ENABLED,PRESENCE_OR_INTEREST,PRESENCE
22922585883,Google|PK|O&D|Routes|KHI|DUB|EN|MOD,UK+IE rest,ENABLED,PRESENCE_OR_INTEREST,PRESENCE
22928436374,Google|PK|O&D|Routes|KHI|DUB|EN|PHR,UK+IE rest,ENABLED,PRESENCE_OR_INTEREST,PRESENCE
22922586696,Google|PK|O&D|Routes|KHI|DXB|EN|MOD,regional,ENABLED,PRESENCE_OR_INTEREST,PRESENCE
22932505162,Google|PK|O&D|Routes|KHI|DXB|EN|PHR,regional,ENABLED,PRESENCE_OR_INTEREST,PRESENCE
22932514264,Google|PK|O&D|Routes|KHI|ECN|EN|MOD,long-haul,PAUSED,PRESENCE_OR_INTEREST,PRESENCE
22928436176,Google|PK|O&D|Routes|KHI|ECN|EN|PHR,long-haul,PAUSED,PRESENCE_OR_INTEREST,PRESENCE
22928429738,Google|PK|O&D|Routes|KHI|EDI|EN|MOD,UK+IE rest,ENABLED,PRESENCE_OR_INTEREST,PRESENCE
22932506323,Google|PK|O&D|Routes|KHI|EDI|EN|PHR,UK+IE rest,ENABLED,PRESENCE_OR_INTEREST,PRESENCE
22928441012,Google|PK|O&D|Routes|KHI|FCO|EN|MOD,long-haul,ENABLED,PRESENCE_OR_INTEREST,PRESENCE
22922579271,Google|PK|O&D|Routes|KHI|FCO|EN|PHR,long-haul,ENABLED,PRESENCE_OR_INTEREST,PRESENCE
22932512152,Google|PK|O&D|Routes|KHI|FRA|EN|MOD,long-haul,ENABLED,PRESENCE_OR_INTEREST,PRESENCE
22932504892,Google|PK|O&D|Routes|KHI|FRA|EN|PHR,long-haul,ENABLED,PRESENCE_OR_INTEREST,PRESENCE
22922586921,Google|PK|O&D|Routes|KHI|GYD|EN|MOD,regional,ENABLED,PRESENCE_OR_INTEREST,PRESENCE
22932505636,Google|PK|O&D|Routes|KHI|GYD|EN|PHR,regional,ENABLED,PRESENCE_OR_INTEREST,PRESENCE
23484809422,Google|PK|O&D|Routes|KHI|HAS|EN|MOD,regional,ENABLED,PRESENCE_OR_INTEREST,PRESENCE
23480194472,Google|PK|O&D|Routes|KHI|HAS|EN|PHR,regional,ENABLED,PRESENCE_OR_INTEREST,PRESENCE
22928442845,Google|PK|O&D|Routes|KHI|HEL|EN|MOD,long-haul,PAUSED,PRESENCE_OR_INTEREST,PRESENCE
22928435516,Google|PK|O&D|Routes|KHI|HEL|EN|PHR,long-haul,PAUSED,PRESENCE_OR_INTEREST,PRESENCE
22928440967,Google|PK|O&D|Routes|KHI|HGH|EN|MOD,regional,ENABLED,PRESENCE_OR_INTEREST,PRESENCE
22922579193,Google|PK|O&D|Routes|KHI|HGH|EN|PHR,regional,ENABLED,PRESENCE_OR_INTEREST,PRESENCE
22932513568,Google|PK|O&D|Routes|KHI|IAD|EN|MOD,long-haul,ENABLED,PRESENCE_OR_INTEREST,PRESENCE
22932505330,Google|PK|O&D|Routes|KHI|IAD|EN|PHR,long-haul,ENABLED,PRESENCE_OR_INTEREST,PRESENCE
22928444090,Google|PK|O&D|Routes|KHI|IAH|EN|MOD,long-haul,ENABLED,PRESENCE_OR_INTEREST,PRESENCE
22932505138,Google|PK|O&D|Routes|KHI|IAH|EN|PHR,long-haul,ENABLED,PRESENCE_OR_INTEREST,PRESENCE
22928443328,Google|PK|O&D|Routes|KHI|IST|EN|MOD,regional,ENABLED,PRESENCE_OR_INTEREST,PRESENCE
22932504601,Google|PK|O&D|Routes|KHI|IST|EN|PHR,regional,ENABLED,PRESENCE_OR_INTEREST,PRESENCE
22928439749,Google|PK|O&D|Routes|KHI|JED|EN|MOD,regional,ENABLED,PRESENCE_OR_INTEREST,PRESENCE
22922578476,Google|PK|O&D|Routes|KHI|JED|EN|PHR,regional,ENABLED,PRESENCE_OR_INTEREST,PRESENCE
22932510907,Google|PK|O&D|Routes|KHI|JFK|EN|MOD,long-haul,ENABLED,PRESENCE_OR_INTEREST,PRESENCE
22928434553,Google|PK|O&D|Routes|KHI|JFK|EN|PHR,long-haul,ENABLED,PRESENCE_OR_INTEREST,PRESENCE
22928439539,Google|PK|O&D|Routes|KHI|KUL|EN|MOD,regional,ENABLED,PRESENCE_OR_INTEREST,PRESENCE
22928433797,Google|PK|O&D|Routes|KHI|KUL|EN|PHR,regional,ENABLED,PRESENCE_OR_INTEREST,PRESENCE
22922585895,Google|PK|O&D|Routes|KHI|LAX|EN|MOD,long-haul,ENABLED,PRESENCE_OR_INTEREST,PRESENCE
22928435684,Google|PK|O&D|Routes|KHI|LAX|EN|PHR,long-haul,ENABLED,PRESENCE_OR_INTEREST,PRESENCE
22932509704,Google|PK|O&D|Routes|KHI|LGW|EN|MOD,UK+IE rest,ENABLED,PRESENCE_OR_INTEREST,PRESENCE
22928434229,Google|PK|O&D|Routes|KHI|LGW|EN|PHR,UK+IE rest,ENABLED,PRESENCE_OR_INTEREST,PRESENCE
22932514477,Google|PK|O&D|Routes|KHI|LHR|EN|MOD,UK+IE rest,ENABLED,PRESENCE_OR_INTEREST,PRESENCE
22928435999,Google|PK|O&D|Routes|KHI|LHR|EN|PHR,UK+IE rest,ENABLED,PRESENCE_OR_INTEREST,PRESENCE
22928443661,Google|PK|O&D|Routes|KHI|MAN|EN|MOD,UK+IE rest,ENABLED,PRESENCE_OR_INTEREST,PRESENCE
22928436227,Google|PK|O&D|Routes|KHI|MAN|EN|PHR,UK+IE rest,ENABLED,PRESENCE_OR_INTEREST,PRESENCE
22922583561,Google|PK|O&D|Routes|KHI|MED|EN|MOD,regional,ENABLED,PRESENCE_OR_INTEREST,PRESENCE
22932500284,Google|PK|O&D|Routes|KHI|MED|EN|PHR,regional,ENABLED,PRESENCE_OR_INTEREST,PRESENCE
22922585277,Google|PK|O&D|Routes|KHI|MEL|EN|MOD,long-haul,ENABLED,PRESENCE_OR_INTEREST,PRESENCE
22928434730,Google|PK|O&D|Routes|KHI|MEL|EN|PHR,long-haul,ENABLED,PRESENCE_OR_INTEREST,PRESENCE
22928444582,Google|PK|O&D|Routes|KHI|MIA|EN|MOD,long-haul,ENABLED,PRESENCE_OR_INTEREST,PRESENCE
22932506764,Google|PK|O&D|Routes|KHI|MIA|EN|PHR,long-haul,ENABLED,PRESENCE_OR_INTEREST,PRESENCE
22922583318,Google|PK|O&D|Routes|KHI|MXP|EN|MOD,long-haul,ENABLED,PRESENCE_OR_INTEREST,PRESENCE
22922578530,Google|PK|O&D|Routes|KHI|MXP|EN|PHR,long-haul,ENABLED,PRESENCE_OR_INTEREST,PRESENCE
22922585898,Google|PK|O&D|Routes|KHI|ORD|EN|MOD,long-haul,ENABLED,PRESENCE_OR_INTEREST,PRESENCE
22928435414,Google|PK|O&D|Routes|KHI|ORD|EN|PHR,long-haul,ENABLED,PRESENCE_OR_INTEREST,PRESENCE
22928442374,Google|PK|O&D|Routes|KHI|PER|EN|MOD,long-haul,ENABLED,PRESENCE_OR_INTEREST,PRESENCE
22932503749,Google|PK|O&D|Routes|KHI|PER|EN|PHR,long-haul,ENABLED,PRESENCE_OR_INTEREST,PRESENCE
22922585436,Google|PK|O&D|Routes|KHI|PHL|EN|MOD,long-haul,PAUSED,PRESENCE_OR_INTEREST,PRESENCE
22922579655,Google|PK|O&D|Routes|KHI|PHL|EN|PHR,long-haul,PAUSED,PRESENCE_OR_INTEREST,PRESENCE
23169191261,Google|PK|O&D|Routes|KHI|RSI|EN|MOD,regional,ENABLED,PRESENCE_OR_INTEREST,PRESENCE
23173557316,Google|PK|O&D|Routes|KHI|RSI|EN|PHR,regional,ENABLED,PRESENCE_OR_INTEREST,PRESENCE
22922587629,Google|PK|O&D|Routes|KHI|RUH|EN|MOD,regional,ENABLED,PRESENCE_OR_INTEREST,PRESENCE
22932505096,Google|PK|O&D|Routes|KHI|RUH|EN|PHR,regional,ENABLED,PRESENCE_OR_INTEREST,PRESENCE
22928440478,Google|PK|O&D|Routes|KHI|SAW|EN|MOD,regional,PAUSED,PRESENCE_OR_INTEREST,PRESENCE
22928434313,Google|PK|O&D|Routes|KHI|SAW|EN|PHR,regional,PAUSED,PRESENCE_OR_INTEREST,PRESENCE
22928442959,Google|PK|O&D|Routes|KHI|SEA|EN|MOD,long-haul,ENABLED,PRESENCE_OR_INTEREST,PRESENCE
22932505615,Google|PK|O&D|Routes|KHI|SEA|EN|PHR,long-haul,ENABLED,PRESENCE_OR_INTEREST,PRESENCE
22922587821,Google|PK|O&D|Routes|KHI|SFO|EN|MOD,long-haul,ENABLED,PRESENCE_OR_INTEREST,PRESENCE
22932502441,Google|PK|O&D|Routes|KHI|SFO|EN|PHR,long-haul,ENABLED,PRESENCE_OR_INTEREST,PRESENCE
22928429714,Google|PK|O&D|Routes|KHI|SHJ|EN|MOD,regional,ENABLED,PRESENCE_OR_INTEREST,PRESENCE
22928436422,Google|PK|O&D|Routes|KHI|SHJ|EN|PHR,regional,ENABLED,PRESENCE_OR_INTEREST,PRESENCE
22932511840,Google|PK|O&D|Routes|KHI|SYD|EN|MOD,long-haul,ENABLED,PRESENCE_OR_INTEREST,PRESENCE
22928435009,Google|PK|O&D|Routes|KHI|SYD|EN|PHR,long-haul,ENABLED,PRESENCE_OR_INTEREST,PRESENCE
22922587605,Google|PK|O&D|Routes|KHI|YUL|EN|MOD,long-haul,ENABLED,PRESENCE_OR_INTEREST,PRESENCE
22932505102,Google|PK|O&D|Routes|KHI|YUL|EN|PHR,long-haul,ENABLED,PRESENCE_OR_INTEREST,PRESENCE
22922587389,Google|PK|O&D|Routes|KHI|YVR|EN|MOD,long-haul,PAUSED,PRESENCE_OR_INTEREST,PRESENCE
22932505603,Google|PK|O&D|Routes|KHI|YVR|EN|PHR,long-haul,PAUSED,PRESENCE_OR_INTEREST,PRESENCE
22932513745,Google|PK|O&D|Routes|KHI|YYC|EN|MOD,long-haul,PAUSED,PRESENCE_OR_INTEREST,PRESENCE
22932505432,Google|PK|O&D|Routes|KHI|YYC|EN|PHR,long-haul,PAUSED,PRESENCE_OR_INTEREST,PRESENCE
22928444840,Google|PK|O&D|Routes|KHI|YYZ|EN|MOD,long-haul,ENABLED,PRESENCE_OR_INTEREST,PRESENCE
22928436653,Google|PK|O&D|Routes|KHI|YYZ|EN|PHR,long-haul,ENABLED,PRESENCE_OR_INTEREST,PRESENCE
22928441978,Google|PK|O&D|Routes|LHE|ADL|EN|MOD,long-haul,ENABLED,PRESENCE_OR_INTEREST,PRESENCE
22928435237,Google|PK|O&D|Routes|LHE|ADL|EN|PHR,long-haul,ENABLED,PRESENCE_OR_INTEREST,PRESENCE
22932510634,Google|PK|O&D|Routes|LHE|AKL|EN|MOD,long-haul,ENABLED,PRESENCE_OR_INTEREST,PRESENCE
22932502933,Google|PK|O&D|Routes|LHE|AKL|EN|PHR,long-haul,ENABLED,PRESENCE_OR_INTEREST,PRESENCE
22928444837,Google|PK|O&D|Routes|LHE|AMS|EN|MOD,long-haul,ENABLED,PRESENCE_OR_INTEREST,PRESENCE
22932505405,Google|PK|O&D|Routes|LHE|AMS|EN|PHR,long-haul,ENABLED,PRESENCE_OR_INTEREST,PRESENCE
22932509707,Google|PK|O&D|Routes|LHE|ARN|EN|MOD,long-haul,ENABLED,PRESENCE_OR_INTEREST,PRESENCE
22922578293,Google|PK|O&D|Routes|LHE|ARN|EN|PHR,long-haul,ENABLED,PRESENCE_OR_INTEREST,PRESENCE
22928443580,Google|PK|O&D|Routes|LHE|ATL|EN|MOD,long-haul,ENABLED,PRESENCE_OR_INTEREST,PRESENCE
22932505579,Google|PK|O&D|Routes|LHE|ATL|EN|PHR,long-haul,ENABLED,PRESENCE_OR_INTEREST,PRESENCE
22922584710,Google|PK|O&D|Routes|LHE|AUH|EN|MOD,regional,ENABLED,PRESENCE_OR_INTEREST,PRESENCE
22922579496,Google|PK|O&D|Routes|LHE|AUH|EN|PHR,regional,ENABLED,PRESENCE_OR_INTEREST,PRESENCE
22932512146,Google|PK|O&D|Routes|LHE|BAH|EN|MOD,regional,ENABLED,PRESENCE_OR_INTEREST,PRESENCE
22922580207,Google|PK|O&D|Routes|LHE|BAH|EN|PHR,regional,ENABLED,PRESENCE_OR_INTEREST,PRESENCE
22932513289,Google|PK|O&D|Routes|LHE|BCN|EN|MOD,long-haul,ENABLED,PRESENCE_OR_INTEREST,PRESENCE
22928435957,Google|PK|O&D|Routes|LHE|BCN|EN|PHR,long-haul,ENABLED,PRESENCE_OR_INTEREST,PRESENCE
22932514732,Google|PK|O&D|Routes|LHE|BER|EN|MOD,long-haul,ENABLED,PRESENCE_OR_INTEREST,PRESENCE
22922580906,Google|PK|O&D|Routes|LHE|BER|EN|PHR,long-haul,ENABLED,PRESENCE_OR_INTEREST,PRESENCE
22928442449,Google|PK|O&D|Routes|LHE|BHX|EN|MOD,UK+IE rest,ENABLED,PRESENCE_OR_INTEREST,PRESENCE
22922579940,Google|PK|O&D|Routes|LHE|BHX|EN|PHR,UK+IE rest,ENABLED,PRESENCE_OR_INTEREST,PRESENCE
22932511096,Google|PK|O&D|Routes|LHE|BNE|EN|MOD,long-haul,ENABLED,PRESENCE_OR_INTEREST,PRESENCE
22932503755,Google|PK|O&D|Routes|LHE|BNE|EN|PHR,long-haul,ENABLED,PRESENCE_OR_INTEREST,PRESENCE
22932514240,Google|PK|O&D|Routes|LHE|BOS|EN|MOD,long-haul,ENABLED,PRESENCE_OR_INTEREST,PRESENCE
22932505174,Google|PK|O&D|Routes|LHE|BOS|EN|PHR,long-haul,ENABLED,PRESENCE_OR_INTEREST,PRESENCE
22928442608,Google|PK|O&D|Routes|LHE|BRU|EN|MOD,long-haul,ENABLED,PRESENCE_OR_INTEREST,PRESENCE
22922579697,Google|PK|O&D|Routes|LHE|BRU|EN|PHR,long-haul,ENABLED,PRESENCE_OR_INTEREST,PRESENCE
22922585211,Google|PK|O&D|Routes|LHE|CAN|EN|MOD,regional,ENABLED,PRESENCE_OR_INTEREST,PRESENCE
22932503017,Google|PK|O&D|Routes|LHE|CAN|EN|PHR,regional,ENABLED,PRESENCE_OR_INTEREST,PRESENCE
22928443679,Google|PK|O&D|Routes|LHE|CDG|EN|MOD,long-haul,ENABLED,PRESENCE_OR_INTEREST,PRESENCE
22932504673,Google|PK|O&D|Routes|LHE|CDG|EN|PHR,long-haul,ENABLED,PRESENCE_OR_INTEREST,PRESENCE
22932511117,Google|PK|O&D|Routes|LHE|CPH|EN|MOD,long-haul,ENABLED,PRESENCE_OR_INTEREST,PRESENCE
22928433743,Google|PK|O&D|Routes|LHE|CPH|EN|PHR,long-haul,ENABLED,PRESENCE_OR_INTEREST,PRESENCE
22928444081,Google|PK|O&D|Routes|LHE|DFW|EN|MOD,long-haul,ENABLED,PRESENCE_OR_INTEREST,PRESENCE
22932506080,Google|PK|O&D|Routes|LHE|DFW|EN|PHR,long-haul,ENABLED,PRESENCE_OR_INTEREST,PRESENCE
22922587662,Google|PK|O&D|Routes|LHE|DMM|EN|MOD,regional,ENABLED,PRESENCE_OR_INTEREST,PRESENCE
22932506344,Google|PK|O&D|Routes|LHE|DMM|EN|PHR,regional,ENABLED,PRESENCE_OR_INTEREST,PRESENCE
22932511360,Google|PK|O&D|Routes|LHE|DOH|EN|MOD,regional,ENABLED,PRESENCE_OR_INTEREST,PRESENCE
22928435027,Google|PK|O&D|Routes|LHE|DOH|EN|PHR,regional,ENABLED,PRESENCE_OR_INTEREST,PRESENCE
22928444063,Google|PK|O&D|Routes|LHE|DUB|EN|MOD,UK+IE rest,ENABLED,PRESENCE_OR_INTEREST,PRESENCE
22932505909,Google|PK|O&D|Routes|LHE|DUB|EN|PHR,UK+IE rest,ENABLED,PRESENCE_OR_INTEREST,PRESENCE
22928444324,Google|PK|O&D|Routes|LHE|DUS|EN|MOD,long-haul,ENABLED,PRESENCE_OR_INTEREST,PRESENCE
22928436914,Google|PK|O&D|Routes|LHE|DUS|EN|PHR,long-haul,ENABLED,PRESENCE_OR_INTEREST,PRESENCE
22932510619,Google|PK|O&D|Routes|LHE|DXB|EN|MOD,regional,ENABLED,PRESENCE_OR_INTEREST,PRESENCE
22922578542,Google|PK|O&D|Routes|LHE|DXB|EN|PHR,regional,ENABLED,PRESENCE_OR_INTEREST,PRESENCE
22928441930,Google|PK|O&D|Routes|LHE|EDI|EN|MOD,UK+IE rest,ENABLED,PRESENCE_OR_INTEREST,PRESENCE
22928435030,Google|PK|O&D|Routes|LHE|EDI|EN|PHR,UK+IE rest,ENABLED,PRESENCE_OR_INTEREST,PRESENCE
22932511090,Google|PK|O&D|Routes|LHE|FCO|EN|MOD,long-haul,ENABLED,PRESENCE_OR_INTEREST,PRESENCE
22932503746,Google|PK|O&D|Routes|LHE|FCO|EN|PHR,long-haul,ENABLED,PRESENCE_OR_INTEREST,PRESENCE
22922584077,Google|PK|O&D|Routes|LHE|FRA|EN|MOD,long-haul,ENABLED,PRESENCE_OR_INTEREST,PRESENCE
22922578254,Google|PK|O&D|Routes|LHE|FRA|EN|PHR,long-haul,ENABLED,PRESENCE_OR_INTEREST,PRESENCE
22932513304,Google|PK|O&D|Routes|LHE|GYD|EN|MOD,regional,ENABLED,PRESENCE_OR_INTEREST,PRESENCE
22932505114,Google|PK|O&D|Routes|LHE|GYD|EN|PHR,regional,ENABLED,PRESENCE_OR_INTEREST,PRESENCE
23482144750,Google|PK|O&D|Routes|LHE|HAS|EN|MOD,regional,ENABLED,PRESENCE_OR_INTEREST,PRESENCE
23477557337,Google|PK|O&D|Routes|LHE|HAS|EN|PHR,regional,ENABLED,PRESENCE_OR_INTEREST,PRESENCE
22932510877,Google|PK|O&D|Routes|LHE|HEL|EN|MOD,long-haul,PAUSED,PRESENCE_OR_INTEREST,PRESENCE
22922578554,Google|PK|O&D|Routes|LHE|HEL|EN|PHR,long-haul,PAUSED,PRESENCE_OR_INTEREST,PRESENCE
22928444351,Google|PK|O&D|Routes|LHE|HGH|EN|MOD,regional,ENABLED,PRESENCE_OR_INTEREST,PRESENCE
22932506614,Google|PK|O&D|Routes|LHE|HGH|EN|PHR,regional,ENABLED,PRESENCE_OR_INTEREST,PRESENCE
22922587644,Google|PK|O&D|Routes|LHE|IAD|EN|MOD,long-haul,ENABLED,PRESENCE_OR_INTEREST,PRESENCE
22928436701,Google|PK|O&D|Routes|LHE|IAD|EN|PHR,long-haul,ENABLED,PRESENCE_OR_INTEREST,PRESENCE
22932514990,Google|PK|O&D|Routes|LHE|IAH|EN|MOD,long-haul,ENABLED,PRESENCE_OR_INTEREST,PRESENCE
22928436893,Google|PK|O&D|Routes|LHE|IAH|EN|PHR,long-haul,ENABLED,PRESENCE_OR_INTEREST,PRESENCE
22922584002,Google|PK|O&D|Routes|LHE|IST|EN|MOD,regional,ENABLED,PRESENCE_OR_INTEREST,PRESENCE
22922578974,Google|PK|O&D|Routes|LHE|IST|EN|PHR,regional,ENABLED,PRESENCE_OR_INTEREST,PRESENCE
22922588106,Google|PK|O&D|Routes|LHE|JED|EN|MOD,regional,ENABLED,PRESENCE_OR_INTEREST,PRESENCE
22922581410,Google|PK|O&D|Routes|LHE|JED|EN|PHR,regional,ENABLED,PRESENCE_OR_INTEREST,PRESENCE
22928440217,Google|PK|O&D|Routes|LHE|JFK|EN|MOD,long-haul,ENABLED,PRESENCE_OR_INTEREST,PRESENCE
22928434262,Google|PK|O&D|Routes|LHE|JFK|EN|PHR,long-haul,ENABLED,PRESENCE_OR_INTEREST,PRESENCE
22922584959,Google|PK|O&D|Routes|LHE|KUL|EN|MOD,regional,ENABLED,PRESENCE_OR_INTEREST,PRESENCE
22928434748,Google|PK|O&D|Routes|LHE|KUL|EN|PHR,regional,ENABLED,PRESENCE_OR_INTEREST,PRESENCE
22932514252,Google|PK|O&D|Routes|LHE|KWI|EN|MOD,regional,ENABLED,PRESENCE_OR_INTEREST,PRESENCE
22922580609,Google|PK|O&D|Routes|LHE|KWI|EN|PHR,regional,ENABLED,PRESENCE_OR_INTEREST,PRESENCE
22932509701,Google|PK|O&D|Routes|LHE|LAX|EN|MOD,long-haul,ENABLED,PRESENCE_OR_INTEREST,PRESENCE
22928434016,Google|PK|O&D|Routes|LHE|LAX|EN|PHR,long-haul,ENABLED,PRESENCE_OR_INTEREST,PRESENCE
22922586936,Google|PK|O&D|Routes|LHE|LGW|EN|MOD,UK+IE rest,ENABLED,PRESENCE_OR_INTEREST,PRESENCE
22928435993,Google|PK|O&D|Routes|LHE|LGW|EN|PHR,UK+IE rest,ENABLED,PRESENCE_OR_INTEREST,PRESENCE
22928440007,Google|PK|O&D|Routes|LHE|LHR|EN|MOD,UK+IE rest,ENABLED,PRESENCE_OR_INTEREST,PRESENCE
22922578500,Google|PK|O&D|Routes|LHE|LHR|EN|PHR,UK+IE rest,ENABLED,PRESENCE_OR_INTEREST,PRESENCE
22928441945,Google|PK|O&D|Routes|LHE|MAN|EN|MOD,UK+IE rest,ENABLED,PRESENCE_OR_INTEREST,PRESENCE
22932503224,Google|PK|O&D|Routes|LHE|MAN|EN|PHR,UK+IE rest,ENABLED,PRESENCE_OR_INTEREST,PRESENCE
22922583825,Google|PK|O&D|Routes|LHE|MED|EN|MOD,regional,ENABLED,PRESENCE_OR_INTEREST,PRESENCE
22928433794,Google|PK|O&D|Routes|LHE|MED|EN|PHR,regional,ENABLED,PRESENCE_OR_INTEREST,PRESENCE
22932512827,Google|PK|O&D|Routes|LHE|MEL|EN|MOD,long-haul,ENABLED,PRESENCE_OR_INTEREST,PRESENCE
22922580201,Google|PK|O&D|Routes|LHE|MEL|EN|PHR,long-haul,ENABLED,PRESENCE_OR_INTEREST,PRESENCE
22928444330,Google|PK|O&D|Routes|LHE|MLE|EN|MOD,regional,ENABLED,PRESENCE_OR_INTEREST,PRESENCE
22922581374,Google|PK|O&D|Routes|LHE|MLE|EN|PHR,regional,ENABLED,PRESENCE_OR_INTEREST,PRESENCE
22932513739,Google|PK|O&D|Routes|LHE|MUC|EN|MOD,long-haul,ENABLED,PRESENCE_OR_INTEREST,PRESENCE
22922580861,Google|PK|O&D|Routes|LHE|MUC|EN|PHR,long-haul,ENABLED,PRESENCE_OR_INTEREST,PRESENCE
22928440271,Google|PK|O&D|Routes|LHE|MXP|EN|MOD,long-haul,ENABLED,PRESENCE_OR_INTEREST,PRESENCE
22932502462,Google|PK|O&D|Routes|LHE|MXP|EN|PHR,long-haul,ENABLED,PRESENCE_OR_INTEREST,PRESENCE
22932510196,Google|PK|O&D|Routes|LHE|ORD|EN|MOD,long-haul,ENABLED,PRESENCE_OR_INTEREST,PRESENCE
22932502981,Google|PK|O&D|Routes|LHE|ORD|EN|PHR,long-haul,ENABLED,PRESENCE_OR_INTEREST,PRESENCE
22932512287,Google|PK|O&D|Routes|LHE|OSL|EN|MOD,long-haul,ENABLED,PRESENCE_OR_INTEREST,PRESENCE
22928435897,Google|PK|O&D|Routes|LHE|OSL|EN|PHR,long-haul,ENABLED,PRESENCE_OR_INTEREST,PRESENCE
22932513265,Google|PK|O&D|Routes|LHE|PER|EN|MOD,long-haul,ENABLED,PRESENCE_OR_INTEREST,PRESENCE
22932504898,Google|PK|O&D|Routes|LHE|PER|EN|PHR,long-haul,ENABLED,PRESENCE_OR_INTEREST,PRESENCE
22922587137,Google|PK|O&D|Routes|LHE|PHL|EN|MOD,long-haul,PAUSED,PRESENCE_OR_INTEREST,PRESENCE
22928436383,Google|PK|O&D|Routes|LHE|PHL|EN|PHR,long-haul,PAUSED,PRESENCE_OR_INTEREST,PRESENCE
22922585904,Google|PK|O&D|Routes|LHE|PVG|EN|MOD,regional,ENABLED,PRESENCE_OR_INTEREST,PRESENCE
22922580141,Google|PK|O&D|Routes|LHE|PVG|EN|PHR,regional,ENABLED,PRESENCE_OR_INTEREST,PRESENCE
23169191453,Google|PK|O&D|Routes|LHE|RSI|EN|MOD,regional,ENABLED,PRESENCE_OR_INTEREST,PRESENCE
23173557016,Google|PK|O&D|Routes|LHE|RSI|EN|PHR,regional,ENABLED,PRESENCE_OR_INTEREST,PRESENCE
22928442164,Google|PK|O&D|Routes|LHE|RUH|EN|MOD,regional,ENABLED,PRESENCE_OR_INTEREST,PRESENCE
22928435219,Google|PK|O&D|Routes|LHE|RUH|EN|PHR,regional,ENABLED,PRESENCE_OR_INTEREST,PRESENCE
22932513832,Google|PK|O&D|Routes|LHE|SAW|EN|MOD,regional,PAUSED,PRESENCE_OR_INTEREST,PRESENCE
22932505612,Google|PK|O&D|Routes|LHE|SAW|EN|PHR,regional,PAUSED,PRESENCE_OR_INTEREST,PRESENCE
22932510610,Google|PK|O&D|Routes|LHE|SEA|EN|MOD,long-haul,ENABLED,PRESENCE_OR_INTEREST,PRESENCE
22932502489,Google|PK|O&D|Routes|LHE|SEA|EN|PHR,long-haul,ENABLED,PRESENCE_OR_INTEREST,PRESENCE
22932513565,Google|PK|O&D|Routes|LHE|SFO|EN|MOD,long-haul,ENABLED,PRESENCE_OR_INTEREST,PRESENCE
22922579967,Google|PK|O&D|Routes|LHE|SFO|EN|PHR,long-haul,ENABLED,PRESENCE_OR_INTEREST,PRESENCE
22932512362,Google|PK|O&D|Routes|LHE|SHJ|EN|MOD,regional,ENABLED,PRESENCE_OR_INTEREST,PRESENCE
22922580462,Google|PK|O&D|Routes|LHE|SHJ|EN|PHR,regional,ENABLED,PRESENCE_OR_INTEREST,PRESENCE
22922586873,Google|PK|O&D|Routes|LHE|SIN|EN|MOD,regional,ENABLED,PRESENCE_OR_INTEREST,PRESENCE
22928435930,Google|PK|O&D|Routes|LHE|SIN|EN|PHR,regional,ENABLED,PRESENCE_OR_INTEREST,PRESENCE
22928441918,Google|PK|O&D|Routes|LHE|SYD|EN|MOD,long-haul,ENABLED,PRESENCE_OR_INTEREST,PRESENCE
22928434787,Google|PK|O&D|Routes|LHE|SYD|EN|PHR,long-haul,ENABLED,PRESENCE_OR_INTEREST,PRESENCE
22928442701,Google|PK|O&D|Routes|LHE|YUL|EN|MOD,long-haul,ENABLED,PRESENCE_OR_INTEREST,PRESENCE
22922579481,Google|PK|O&D|Routes|LHE|YUL|EN|PHR,long-haul,ENABLED,PRESENCE_OR_INTEREST,PRESENCE
22932512830,Google|PK|O&D|Routes|LHE|YYZ|EN|MOD,long-haul,ENABLED,PRESENCE_OR_INTEREST,PRESENCE
22928435258,Google|PK|O&D|Routes|LHE|YYZ|EN|PHR,long-haul,ENABLED,PRESENCE_OR_INTEREST,PRESENCE
23862890838,Google|PK|O&D|Routes|MUX|BHX|EN|MOD,UK+IE rest,ENABLED,PRESENCE_OR_INTEREST,PRESENCE
23862890832,Google|PK|O&D|Routes|MUX|BHX|EN|PHR,UK+IE rest,ENABLED,PRESENCE_OR_INTEREST,PRESENCE
22928443373,Google|PK|O&D|Routes|MUX|DOH|EN|MOD,regional,ENABLED,PRESENCE_OR_INTEREST,PRESENCE
22928435984,Google|PK|O&D|Routes|MUX|DOH|EN|PHR,regional,ENABLED,PRESENCE_OR_INTEREST,PRESENCE
22932513337,Google|PK|O&D|Routes|MUX|EDI|EN|MOD,UK+IE rest,ENABLED,PRESENCE_OR_INTEREST,PRESENCE
22932504850,Google|PK|O&D|Routes|MUX|EDI|EN|PHR,UK+IE rest,ENABLED,PRESENCE_OR_INTEREST,PRESENCE
22932512332,Google|PK|O&D|Routes|MUX|JFK|EN|MOD,long-haul,ENABLED,PRESENCE_OR_INTEREST,PRESENCE
22928435888,Google|PK|O&D|Routes|MUX|JFK|EN|PHR,long-haul,ENABLED,PRESENCE_OR_INTEREST,PRESENCE
22932509659,Google|PK|O&D|Routes|MUX|LHR|EN|MOD,UK+IE rest,ENABLED,PRESENCE_OR_INTEREST,PRESENCE
22922578221,Google|PK|O&D|Routes|MUX|LHR|EN|PHR,UK+IE rest,ENABLED,PRESENCE_OR_INTEREST,PRESENCE
22932510601,Google|PK|O&D|Routes|MUX|MAN|EN|MOD,UK+IE rest,ENABLED,PRESENCE_OR_INTEREST,PRESENCE
22928434496,Google|PK|O&D|Routes|MUX|MAN|EN|PHR,UK+IE rest,ENABLED,PRESENCE_OR_INTEREST,PRESENCE
24158941381,Google|PK|O&D|Routes|PEW|BHX|EN|PHR,UK+IE rest,PAUSED,PRESENCE_OR_INTEREST,PRESENCE
22932514312,Google|PK|O&D|Routes|PEW|DOH|EN|MOD,regional,ENABLED,PRESENCE_OR_INTEREST,PRESENCE
22932505147,Google|PK|O&D|Routes|PEW|DOH|EN|PHR,regional,ENABLED,PRESENCE_OR_INTEREST,PRESENCE
24114282145,Google|PK|O&D|Routes|PEW|DUB|EN|PHR,UK+IE rest,PAUSED,PRESENCE_OR_INTEREST,PRESENCE
23482143487,Google|PK|O&D|Routes|PEW|HAS|EN|MOD,regional,ENABLED,PRESENCE_OR_INTEREST,PRESENCE
23482144294,Google|PK|O&D|Routes|PEW|HAS|EN|PHR,regional,ENABLED,PRESENCE_OR_INTEREST,PRESENCE
22932509005,Google|PK|O&D|Routes|PEW|HEL|EN|MOD,long-haul,PAUSED,PRESENCE_OR_INTEREST,PRESENCE
22922577834,Google|PK|O&D|Routes|PEW|HEL|EN|PHR,long-haul,PAUSED,PRESENCE_OR_INTEREST,PRESENCE
22932510631,Google|PK|O&D|Routes|PEW|IAD|EN|MOD,long-haul,ENABLED,PRESENCE_OR_INTEREST,PRESENCE
22932502942,Google|PK|O&D|Routes|PEW|IAD|EN|PHR,long-haul,ENABLED,PRESENCE_OR_INTEREST,PRESENCE
22922583984,Google|PK|O&D|Routes|PEW|JFK|EN|MOD,long-haul,ENABLED,PRESENCE_OR_INTEREST,PRESENCE
22932502477,Google|PK|O&D|Routes|PEW|JFK|EN|PHR,long-haul,ENABLED,PRESENCE_OR_INTEREST,PRESENCE
22932508936,Google|PK|O&D|Routes|PEW|LHR|EN|MOD,UK+IE rest,ENABLED,PRESENCE_OR_INTEREST,PRESENCE
22928433965,Google|PK|O&D|Routes|PEW|LHR|EN|PHR,UK+IE rest,ENABLED,PRESENCE_OR_INTEREST,PRESENCE
22932510154,Google|PK|O&D|Routes|PEW|MAN|EN|MOD,UK+IE rest,ENABLED,PRESENCE_OR_INTEREST,PRESENCE
22922577981,Google|PK|O&D|Routes|PEW|MAN|EN|PHR,UK+IE rest,ENABLED,PRESENCE_OR_INTEREST,PRESENCE
23169178787,Google|PK|O&D|Routes|PEW|RSI|EN|MOD,regional,ENABLED,PRESENCE_OR_INTEREST,PRESENCE
23169188825,Google|PK|O&D|Routes|PEW|RSI|EN|PHR,regional,ENABLED,PRESENCE_OR_INTEREST,PRESENCE
24103692147,Google|PK|O&D|Routes|SKT|ATH|EN|PHR,long-haul,ENABLED,PRESENCE_OR_INTEREST,PRESENCE
22922585505,Google|PK|O&D|Routes|SKT|BCN|EN|MOD,long-haul,ENABLED,PRESENCE_OR_INTEREST,PRESENCE
22932504229,Google|PK|O&D|Routes|SKT|BCN|EN|PHR,long-haul,ENABLED,PRESENCE_OR_INTEREST,PRESENCE
22922585424,Google|PK|O&D|Routes|SKT|BER|EN|MOD,long-haul,ENABLED,PRESENCE_OR_INTEREST,PRESENCE
22922579256,Google|PK|O&D|Routes|SKT|BER|EN|PHR,long-haul,ENABLED,PRESENCE_OR_INTEREST,PRESENCE
22932512602,Google|PK|O&D|Routes|SKT|DOH|EN|MOD,regional,ENABLED,PRESENCE_OR_INTEREST,PRESENCE
22932504427,Google|PK|O&D|Routes|SKT|DOH|EN|PHR,regional,ENABLED,PRESENCE_OR_INTEREST,PRESENCE
22932509950,Google|PK|O&D|Routes|SKT|IAD|EN|MOD,long-haul,ENABLED,PRESENCE_OR_INTEREST,PRESENCE
22932503410,Google|PK|O&D|Routes|SKT|IAD|EN|PHR,long-haul,ENABLED,PRESENCE_OR_INTEREST,PRESENCE
22932509266,Google|PK|O&D|Routes|SKT|JFK|EN|MOD,long-haul,ENABLED,PRESENCE_OR_INTEREST,PRESENCE
22922578023,Google|PK|O&D|Routes|SKT|JFK|EN|PHR,long-haul,ENABLED,PRESENCE_OR_INTEREST,PRESENCE
24103693428,Google|PK|O&D|Routes|SKT|JNB|EN|PHR,regional,ENABLED,PRESENCE_OR_INTEREST,PRESENCE
22932513979,Google|PK|O&D|Routes|SKT|LGW|EN|MOD,UK+IE rest,ENABLED,PRESENCE_OR_INTEREST,PRESENCE
22932504607,Google|PK|O&D|Routes|SKT|LGW|EN|PHR,UK+IE rest,ENABLED,PRESENCE_OR_INTEREST,PRESENCE
22928440274,Google|PK|O&D|Routes|SKT|LHR|EN|MOD,UK+IE rest,ENABLED,PRESENCE_OR_INTEREST,PRESENCE
22932502714,Google|PK|O&D|Routes|SKT|LHR|EN|PHR,UK+IE rest,ENABLED,PRESENCE_OR_INTEREST,PRESENCE
24148476423,Google|PK|O&D|Routes|SKT|MAD|EN|PHR,long-haul,ENABLED,PRESENCE_OR_INTEREST,PRESENCE
22922583036,Google|PK|O&D|Routes|SKT|MAN|EN|MOD,UK+IE rest,ENABLED,PRESENCE_OR_INTEREST,PRESENCE
22928434685,Google|PK|O&D|Routes|SKT|MAN|EN|PHR,UK+IE rest,ENABLED,PRESENCE_OR_INTEREST,PRESENCE
12051876895,_PK-Country-XXX-AE-EN_exact,regional,PAUSED,PRESENCE,PRESENCE
12047795474,_PK-Country-XXX-AE-EN_phrase,regional,PAUSED,PRESENCE,PRESENCE
1340192596,_PK-Country-XXX-AR-EN_exact,regional,PAUSED,PRESENCE,PRESENCE
1340187973,_PK-Country-XXX-AR-EN_phrase,regional,PAUSED,PRESENCE,PRESENCE
1340195476,_PK-Country-XXX-AT-EN_exact,long-haul,PAUSED,PRESENCE,PRESENCE
1339372946,_PK-Country-XXX-AT-EN_phrase,long-haul,PAUSED,PRESENCE,PRESENCE
1339373738,_PK-Country-XXX-AU-EN_exact,long-haul,PAUSED,PRESENCE,PRESENCE
1340182939,_PK-Country-XXX-AU-EN_phrase,long-haul,PAUSED,PRESENCE,PRESENCE
1340191813,_PK-Country-XXX-AZ-EN_exact,regional,PAUSED,PRESENCE,PRESENCE
1340187070,_PK-Country-XXX-AZ-EN_phrase,regional,PAUSED,PRESENCE,PRESENCE
1340191879,_PK-Country-XXX-BE-EN_exact,long-haul,PAUSED,PRESENCE,PRESENCE
1340187256,_PK-Country-XXX-BE-EN_phrase,long-haul,PAUSED,PRESENCE,PRESENCE
1339978278,_PK-Country-XXX-BG-EN_exact,long-haul,PAUSED,PRESENCE,PRESENCE
1339369439,_PK-Country-XXX-BG-EN_phrase,long-haul,PAUSED,PRESENCE,PRESENCE
12047795171,_PK-Country-XXX-BH-EN_exact,regional,PAUSED,PRESENCE,PRESENCE
12051878335,_PK-Country-XXX-BH-EN_phrase,regional,PAUSED,PRESENCE,PRESENCE
1340191903,_PK-Country-XXX-BR-EN_exact,regional,PAUSED,PRESENCE,PRESENCE
1340187280,_PK-Country-XXX-BR-EN_phrase,regional,PAUSED,PRESENCE,PRESENCE
1340190640,_PK-Country-XXX-CA-EN_exact,long-haul,PAUSED,PRESENCE,PRESENCE
1340182960,_PK-Country-XXX-CA-EN_phrase,long-haul,PAUSED,PRESENCE,PRESENCE
1339378925,_PK-Country-XXX-CH-EN_exact,long-haul,PAUSED,PRESENCE,PRESENCE
1339972959,_PK-Country-XXX-CH-EN_phrase,long-haul,PAUSED,PRESENCE,PRESENCE
12937689263,_PK-Country-XXX-CI-EN_exact,regional,PAUSED,PRESENCE_OR_INTEREST,PRESENCE
12937689254,_PK-Country-XXX-CI-EN_phrase,regional,PAUSED,PRESENCE_OR_INTEREST,PRESENCE
1339974927,_PK-Country-XXX-CM-EN_phrase,regional,PAUSED,PRESENCE,PRESENCE
1339373519,_PK-Country-XXX-CN-EN_exact,regional,PAUSED,PRESENCE,PRESENCE
1340182720,_PK-Country-XXX-CN-EN_phrase,regional,PAUSED,PRESENCE,PRESENCE
1339377983,_PK-Country-XXX-CY-EN_exact,long-haul,PAUSED,PRESENCE,PRESENCE
1339972017,_PK-Country-XXX-CY-EN_phrase,long-haul,PAUSED,PRESENCE,PRESENCE
1575076300,_PK-Country-XXX-CZ-EN_exact,long-haul,PAUSED,PRESENCE,PRESENCE
1339974918,_PK-Country-XXX-CZ-EN_phrase,long-haul,PAUSED,PRESENCE,PRESENCE
1339373510,_PK-Country-XXX-DE-EN_exact,long-haul,PAUSED,PRESENCE,PRESENCE
1340182711,_PK-Country-XXX-DE-EN_phrase,long-haul,PAUSED,PRESENCE,PRESENCE
1340193481,_PK-Country-XXX-DJ-EN_exact,regional,PAUSED,PRESENCE,PRESENCE
1340189473,_PK-Country-XXX-DJ-EN_phrase,regional,PAUSED,PRESENCE,PRESENCE
1340193019,_PK-Country-XXX-DK-EN_exact,long-haul,PAUSED,PRESENCE,PRESENCE
1340189011,_PK-Country-XXX-DK-EN_phrase,long-haul,PAUSED,PRESENCE,PRESENCE
1340192119,_PK-Country-XXX-DZ-EN_exact,regional,PAUSED,PRESENCE,PRESENCE
1340187496,_PK-Country-XXX-DZ-EN_phrase,regional,PAUSED,PRESENCE,PRESENCE
17815691952,_PK-Country-XXX-EE-EN_exact,long-haul,PAUSED,PRESENCE_OR_INTEREST,PRESENCE
17815663386,_PK-Country-XXX-EE-EN_phrase,long-haul,PAUSED,PRESENCE_OR_INTEREST,PRESENCE
12051878284,_PK-Country-XXX-EG-EN_exact,regional,PAUSED,PRESENCE,PRESENCE
12051877438,_PK-Country-XXX-EG-EN_phrase,regional,PAUSED,PRESENCE,PRESENCE
1339373504,_PK-Country-XXX-ES-EN_exact,long-haul,PAUSED,PRESENCE,PRESENCE
1340182705,_PK-Country-XXX-ES-EN_phrase,long-haul,PAUSED,PRESENCE,PRESENCE
1575076318,_PK-Country-XXX-FI-EN_exact,long-haul,PAUSED,PRESENCE,PRESENCE
1575076315,_PK-Country-XXX-FI-EN_phrase,long-haul,PAUSED,PRESENCE,PRESENCE
1339378952,_PK-Country-XXX-FR-EN_exact,long-haul,PAUSED,PRESENCE,PRESENCE
1339972986,_PK-Country-XXX-FR-EN_phrase,long-haul,PAUSED,PRESENCE,PRESENCE
1339373723,_PK-Country-XXX-GB-EN_exact,UK+IE rest,PAUSED,PRESENCE,PRESENCE
1340182924,_PK-Country-XXX-GB-EN_phrase,UK+IE rest,PAUSED,PRESENCE,PRESENCE
1340194969,_PK-Country-XXX-GE-EN_exact,regional,PAUSED,PRESENCE,PRESENCE
1339372319,_PK-Country-XXX-GE-EN_phrase,regional,PAUSED,PRESENCE,PRESENCE
1339977987,_PK-Country-XXX-GR-EN_exact,long-haul,PAUSED,PRESENCE,PRESENCE
1339369148,_PK-Country-XXX-GR-EN_phrase,long-haul,PAUSED,PRESENCE,PRESENCE
1340191663,_PK-Country-XXX-HK-EN_exact,regional,PAUSED,PRESENCE,PRESENCE
1339369628,_PK-Country-XXX-HK-EN_phrase,regional,PAUSED,PRESENCE,PRESENCE
1340193346,_PK-Country-XXX-HU-EN_exact,long-haul,PAUSED,PRESENCE,PRESENCE
1340189458,_PK-Country-XXX-HU-EN_phrase,long-haul,PAUSED,PRESENCE,PRESENCE
1340191918,_PK-Country-XXX-ID-EN_exact,regional,PAUSED,PRESENCE,PRESENCE
1340187295,_PK-Country-XXX-ID-EN_phrase,regional,PAUSED,PRESENCE,PRESENCE
1339978944,_PK-Country-XXX-IE-EN_exact,UK+IE rest,PAUSED,PRESENCE,PRESENCE
1339974924,_PK-Country-XXX-IE-EN_phrase,UK+IE rest,PAUSED,PRESENCE,PRESENCE
1340192860,_PK-Country-XXX-IQ-EN_exact,regional,PAUSED,PRESENCE,PRESENCE
1340188972,_PK-Country-XXX-IQ-EN_phrase,regional,PAUSED,PRESENCE,PRESENCE
17816819269,_PK-Country-XXX-IS-EN_exact,long-haul,PAUSED,PRESENCE_OR_INTEREST,PRESENCE
17815662936,_PK-Country-XXX-IS-EN_phrase,long-haul,PAUSED,PRESENCE_OR_INTEREST,PRESENCE
1339373663,_PK-Country-XXX-IT-EN_exact,long-haul,PAUSED,PRESENCE,PRESENCE
1340182744,_PK-Country-XXX-IT-EN_phrase,long-haul,PAUSED,PRESENCE,PRESENCE
1340193250,_PK-Country-XXX-JO-EN_exact,regional,PAUSED,PRESENCE,PRESENCE
1340189242,_PK-Country-XXX-JO-EN_phrase,regional,PAUSED,PRESENCE,PRESENCE
1339373672,_PK-Country-XXX-JP-EN_exact,regional,PAUSED,PRESENCE,PRESENCE
1340182753,_PK-Country-XXX-JP-EN_phrase,regional,PAUSED,PRESENCE,PRESENCE
1340195458,_PK-Country-XXX-KE-EN_exact,regional,PAUSED,PRESENCE,PRESENCE
1339372928,_PK-Country-XXX-KE-EN_phrase,regional,PAUSED,PRESENCE,PRESENCE
1339373681,_PK-Country-XXX-KR-EN_exact,regional,PAUSED,PRESENCE,PRESENCE
1340182762,_PK-Country-XXX-KR-EN_phrase,regional,PAUSED,PRESENCE,PRESENCE
1339378985,_PK-Country-XXX-KW-EN_exact,regional,PAUSED,PRESENCE,PRESENCE
1339973019,_PK-Country-XXX-KW-EN_phrase,regional,PAUSED,PRESENCE,PRESENCE
1339978047,_PK-Country-XXX-LB-EN_exact,regional,PAUSED,PRESENCE,PRESENCE
1339369328,_PK-Country-XXX-LB-EN_phrase,regional,PAUSED,PRESENCE,PRESENCE
17824284956,_PK-Country-XXX-LR-EN_exact,regional,PAUSED,PRESENCE_OR_INTEREST,PRESENCE
17816826937,_PK-Country-XXX-LR-EN_phrase,regional,PAUSED,PRESENCE_OR_INTEREST,PRESENCE
1339377998,_PK-Country-XXX-LU-EN_exact,long-haul,PAUSED,PRESENCE,PRESENCE
1339972032,_PK-Country-XXX-LU-EN_phrase,long-haul,PAUSED,PRESENCE,PRESENCE
17815641723,_PK-Country-XXX-LV-EN_exact,long-haul,PAUSED,PRESENCE_OR_INTEREST,PRESENCE
17824320404,_PK-Country-XXX-LV-EN_phrase,long-haul,PAUSED,PRESENCE_OR_INTEREST,PRESENCE
1339373645,_PK-Country-XXX-MA-EN_exact,regional,PAUSED,PRESENCE,PRESENCE
1340182726,_PK-Country-XXX-MA-EN_phrase,regional,PAUSED,PRESENCE,PRESENCE
1575076450,_PK-Country-XXX-MK-EN_phrase,regional,PAUSED,PRESENCE,PRESENCE
12051876694,_PK-Country-XXX-MT-EN_exact,long-haul,PAUSED,PRESENCE,PRESENCE
12051877597,_PK-Country-XXX-MT-EN_phrase,long-haul,PAUSED,PRESENCE,PRESENCE
1340193526,_PK-Country-XXX-MV-EN_exact,regional,PAUSED,PRESENCE,PRESENCE
1340189518,_PK-Country-XXX-MV-EN_phrase,regional,PAUSED,PRESENCE,PRESENCE
1339373714,_PK-Country-XXX-MY-EN_exact,regional,PAUSED,PRESENCE,PRESENCE
1340182795,_PK-Country-XXX-MY-EN_phrase,regional,PAUSED,PRESENCE,PRESENCE
1340193529,_PK-Country-XXX-MZ-EN_exact,regional,PAUSED,PRESENCE,PRESENCE
1340189641,_PK-Country-XXX-MZ-EN_phrase,regional,PAUSED,PRESENCE,PRESENCE
1575076306,_PK-Country-XXX-NA-EN_phrase,regional,PAUSED,PRESENCE,PRESENCE
1339377992,_PK-Country-XXX-NG-EN_exact,regional,PAUSED,PRESENCE,PRESENCE
1339972026,_PK-Country-XXX-NG-EN_phrase,regional,PAUSED,PRESENCE,PRESENCE
1339379444,_PK-Country-XXX-NL-EN_exact,long-haul,PAUSED,PRESENCE,PRESENCE
1339973478,_PK-Country-XXX-NL-EN_phrase,long-haul,PAUSED,PRESENCE,PRESENCE
1340195683,_PK-Country-XXX-NO-EN_exact,long-haul,PAUSED,PRESENCE,PRESENCE
1339373033,_PK-Country-XXX-NO-EN_phrase,long-haul,PAUSED,PRESENCE,PRESENCE
12308149366,_PK-Country-XXX-NZ-EN_exact,long-haul,PAUSED,PRESENCE,PRESENCE
12308149186,_PK-Country-XXX-NZ-EN_phrase,long-haul,PAUSED,PRESENCE,PRESENCE
1340193301,_PK-Country-XXX-OM-EN_exact,regional,PAUSED,PRESENCE,PRESENCE
1340189413,_PK-Country-XXX-OM-EN_phrase,regional,PAUSED,PRESENCE,PRESENCE
1340192149,_PK-Country-XXX-PH-EN_exact,regional,PAUSED,PRESENCE,PRESENCE
1340187526,_PK-Country-XXX-PH-EN_phrase,regional,PAUSED,PRESENCE,PRESENCE
1340193079,_PK-Country-XXX-PL-EN_exact,long-haul,PAUSED,PRESENCE,PRESENCE
1340189191,_PK-Country-XXX-PL-EN_phrase,long-haul,PAUSED,PRESENCE,PRESENCE
12047795726,_PK-Country-XXX-PT-EN_exact,long-haul,PAUSED,PRESENCE,PRESENCE
12051877366,_PK-Country-XXX-PT-EN_phrase,long-haul,PAUSED,PRESENCE,PRESENCE
1339373654,_PK-Country-XXX-QA-EN_exact,regional,PAUSED,PRESENCE,PRESENCE
1340182735,_PK-Country-XXX-QA-EN_phrase,regional,PAUSED,PRESENCE,PRESENCE
1339375361,_PK-Country-XXX-RO-EN_exact,long-haul,PAUSED,PRESENCE,PRESENCE
1339370333,_PK-Country-XXX-RO-EN_phrase,long-haul,PAUSED,PRESENCE,PRESENCE
1340191801,_PK-Country-XXX-RU-EN_exact,regional,PAUSED,PRESENCE,PRESENCE
1339369646,_PK-Country-XXX-RU-EN_phrase,regional,PAUSED,PRESENCE,PRESENCE
1339372754,_PK-Country-XXX-RW-EN_phrase,regional,PAUSED,PRESENCE,PRESENCE
12051878395,_PK-Country-XXX-SA-EN_exact,regional,PAUSED,PRESENCE,PRESENCE
12051877411,_PK-Country-XXX-SA-EN_phrase,regional,PAUSED,PRESENCE,PRESENCE
17815641798,_PK-Country-XXX-SC-EN_exact,regional,PAUSED,PRESENCE_OR_INTEREST,PRESENCE
17816827159,_PK-Country-XXX-SC-EN_phrase,regional,PAUSED,PRESENCE_OR_INTEREST,PRESENCE
1339373492,_PK-Country-XXX-SE-EN_exact,long-haul,PAUSED,PRESENCE,PRESENCE
1340182693,_PK-Country-XXX-SE-EN_phrase,long-haul,PAUSED,PRESENCE,PRESENCE
1340195188,_PK-Country-XXX-SG-EN_exact,regional,PAUSED,PRESENCE,PRESENCE
1339372538,_PK-Country-XXX-SG-EN_phrase,regional,PAUSED,PRESENCE,PRESENCE
12047794976,_PK-Country-XXX-SO-EN_exact,regional,PAUSED,PRESENCE,PRESENCE
12047794997,_PK-Country-XXX-SO-EN_phrase,regional,PAUSED,PRESENCE,PRESENCE
1339373513,_PK-Country-XXX-TH-EN_exact,regional,PAUSED,PRESENCE,PRESENCE
1340182714,_PK-Country-XXX-TH-EN_phrase,regional,PAUSED,PRESENCE,PRESENCE
1340193538,_PK-Country-XXX-TN-EN_exact,regional,PAUSED,PRESENCE,PRESENCE
1340189650,_PK-Country-XXX-TN-EN_phrase,regional,PAUSED,PRESENCE,PRESENCE
1339373660,_PK-Country-XXX-TR-EN_exact,regional,PAUSED,PRESENCE,PRESENCE
1340182741,_PK-Country-XXX-TR-EN_phrase,regional,PAUSED,PRESENCE,PRESENCE
1340193025,_PK-Country-XXX-TZ-EN_exact,regional,PAUSED,PRESENCE,PRESENCE
1340189017,_PK-Country-XXX-TZ-EN_phrase,regional,PAUSED,PRESENCE,PRESENCE
1339978941,_PK-Country-XXX-UA-EN_exact,regional,PAUSED,PRESENCE,PRESENCE
1339974921,_PK-Country-XXX-UA-EN_phrase,regional,PAUSED,PRESENCE,PRESENCE
1339378793,_PK-Country-XXX-UG-EN_exact,regional,PAUSED,PRESENCE,PRESENCE
1339972947,_PK-Country-XXX-UG-EN_phrase,regional,PAUSED,PRESENCE,PRESENCE
1575076297,_PK-Country-XXX-US-EN_exact,long-haul,PAUSED,PRESENCE,PRESENCE
1575076288,_PK-Country-XXX-US-EN_phrase,long-haul,PAUSED,PRESENCE,PRESENCE
1340195269,_PK-Country-XXX-VN-EN_exact,regional,PAUSED,PRESENCE,PRESENCE
1339372739,_PK-Country-XXX-VN-EN_phrase,regional,PAUSED,PRESENCE,PRESENCE
1340193313,_PK-Country-XXX-YE-EN_exact,regional,PAUSED,PRESENCE,PRESENCE
1340189425,_PK-Country-XXX-YE-EN_phrase,regional,PAUSED,PRESENCE,PRESENCE
1339373648,_PK-Country-XXX-ZA-EN_exact,regional,PAUSED,PRESENCE,PRESENCE
1340182729,_PK-Country-XXX-ZA-EN_phrase,regional,PAUSED,PRESENCE,PRESENCE
17816819008,_PK-Country-XXX-ZM-EN_exact,regional,PAUSED,PRESENCE_OR_INTEREST,PRESENCE
17816807236,_PK-Country-XXX-ZM-EN_phrase,regional,PAUSED,PRESENCE_OR_INTEREST,PRESENCE
14050280569,_PK-Country-XXX-ZW-EN_exact,regional,PAUSED,PRESENCE_OR_INTEREST,PRESENCE
14050280833,_PK-Country-XXX-ZW-EN_phrase,regional,PAUSED,PRESENCE_OR_INTEREST,PRESENCE
11667373586,_PK-D-ISB-ABV-EN_exact,regional,PAUSED,PRESENCE,PRESENCE
11667373592,_PK-D-ISB-ABV-EN_phrase,regional,PAUSED,PRESENCE,PRESENCE
17815641351,_PK-D-ISB-ABZ-EN_exact,UK+IE (outside brief list),PAUSED,PRESENCE_OR_INTEREST,PRESENCE
17824320431,_PK-D-ISB-ABZ-EN_phrase,UK+IE (outside brief list),PAUSED,PRESENCE_OR_INTEREST,PRESENCE
17824337168,_PK-D-ISB-ADD-EN_phrase,regional,PAUSED,PRESENCE_OR_INTEREST,PRESENCE
12308149363,_PK-D-ISB-ADL-EN_exact,long-haul,PAUSED,PRESENCE,PRESENCE
12308149099,_PK-D-ISB-ADL-EN_phrase,long-haul,PAUSED,PRESENCE,PRESENCE
12308149105,_PK-D-ISB-AKL-EN_exact,long-haul,PAUSED,PRESENCE,PRESENCE
12308149090,_PK-D-ISB-AKL-EN_phrase,long-haul,PAUSED,PRESENCE,PRESENCE
11949502537,_PK-D-ISB-ALG-EN_phrase,regional,PAUSED,PRESENCE,PRESENCE
11945111661,_PK-D-ISB-AMM-EN_exact,regional,PAUSED,PRESENCE,PRESENCE
11946131750,_PK-D-ISB-AMM-EN_phrase,regional,PAUSED,PRESENCE,PRESENCE
11949496066,_PK-D-ISB-AMS-EN_exact,long-haul,PAUSED,PRESENCE,PRESENCE
11945118648,_PK-D-ISB-AMS-EN_phrase,long-haul,PAUSED,PRESENCE,PRESENCE
11946129284,_PK-D-ISB-ARN-EN_exact,long-haul,PAUSED,PRESENCE,PRESENCE
11946129026,_PK-D-ISB-ARN-EN_phrase,long-haul,PAUSED,PRESENCE,PRESENCE
11946125447,_PK-D-ISB-ATH-EN_phrase,long-haul,PAUSED,PRESENCE,PRESENCE
11946130271,_PK-D-ISB-ATL-EN_exact,long-haul,PAUSED,PRESENCE,PRESENCE
11946120692,_PK-D-ISB-ATL-EN_phrase,long-haul,PAUSED,PRESENCE,PRESENCE
12051876388,_PK-D-ISB-AUH-EN_exact,regional,PAUSED,PRESENCE,PRESENCE
12051876898,_PK-D-ISB-AUH-EN_phrase,regional,PAUSED,PRESENCE,PRESENCE
17824284602,_PK-D-ISB-AUS-EN_exact,long-haul,PAUSED,PRESENCE_OR_INTEREST,PRESENCE
17816819266,_PK-D-ISB-AUS-EN_phrase,long-haul,PAUSED,PRESENCE_OR_INTEREST,PRESENCE
11946125201,_PK-D-ISB-AYT-EN_exact,regional,PAUSED,PRESENCE,PRESENCE
11946129788,_PK-D-ISB-AYT-EN_phrase,regional,PAUSED,PRESENCE,PRESENCE
12047795012,_PK-D-ISB-BAH-EN_exact,regional,PAUSED,PRESENCE,PRESENCE
12051876610,_PK-D-ISB-BAH-EN_phrase,regional,PAUSED,PRESENCE,PRESENCE
11949502546,_PK-D-ISB-BCN-EN_exact,long-haul,PAUSED,PRESENCE,PRESENCE
11949494323,_PK-D-ISB-BCN-EN_phrase,long-haul,PAUSED,PRESENCE,PRESENCE
17816807173,_PK-D-ISB-BEG-EN_exact,long-haul,PAUSED,PRESENCE_OR_INTEREST,PRESENCE
17815691946,_PK-D-ISB-BEG-EN_phrase,long-haul,PAUSED,PRESENCE_OR_INTEREST,PRESENCE
11946125276,_PK-D-ISB-BER-EN_exact,long-haul,PAUSED,PRESENCE,PRESENCE
11946120614,_PK-D-ISB-BER-EN_phrase,long-haul,PAUSED,PRESENCE,PRESENCE
11949502270,_PK-D-ISB-BEY-EN_exact,regional,PAUSED,PRESENCE,PRESENCE
11946126200,_PK-D-ISB-BEY-EN_phrase,regional,PAUSED,PRESENCE,PRESENCE
17816819029,_PK-D-ISB-BGO-EN_phrase,long-haul,PAUSED,PRESENCE_OR_INTEREST,PRESENCE
11949496492,_PK-D-ISB-BGW-EN_exact,regional,PAUSED,PRESENCE,PRESENCE
11949496015,_PK-D-ISB-BGW-EN_phrase,regional,PAUSED,PRESENCE,PRESENCE
11945100711,_PK-D-ISB-BHX-EN_exact,UK+IE rest,PAUSED,PRESENCE,PRESENCE
11945103315,_PK-D-ISB-BHX-EN_phrase,UK+IE rest,PAUSED,PRESENCE,PRESENCE
11949507982,_PK-D-ISB-BKK-EN_exact,regional,PAUSED,PRESENCE,PRESENCE
11946131741,_PK-D-ISB-BKK-EN_phrase,regional,PAUSED,PRESENCE,PRESENCE
17815691904,_PK-D-ISB-BNE-EN_exact,long-haul,PAUSED,PRESENCE_OR_INTEREST,PRESENCE
17824328375,_PK-D-ISB-BNE-EN_phrase,long-haul,PAUSED,PRESENCE_OR_INTEREST,PRESENCE
11946120416,_PK-D-ISB-BOS-EN_exact,long-haul,PAUSED,PRESENCE,PRESENCE
11949493660,_PK-D-ISB-BRU-EN_phrase,long-haul,PAUSED,PRESENCE,PRESENCE
11946117347,_PK-D-ISB-BSR-EN_phrase,regional,PAUSED,PRESENCE,PRESENCE
11949494065,_PK-D-ISB-BUD-EN_exact,long-haul,PAUSED,PRESENCE,PRESENCE
11946120704,_PK-D-ISB-BUD-EN_phrase,long-haul,PAUSED,PRESENCE,PRESENCE
12051877618,_PK-D-ISB-CAI-EN_exact,regional,PAUSED,PRESENCE,PRESENCE
12051876433,_PK-D-ISB-CAI-EN_phrase,regional,PAUSED,PRESENCE,PRESENCE
11946129776,_PK-D-ISB-CAN-EN_exact,regional,PAUSED,PRESENCE,PRESENCE
11945111985,_PK-D-ISB-CAN-EN_phrase,regional,PAUSED,PRESENCE,PRESENCE
12047795714,_PK-D-ISB-CBR-EN_phrase,long-haul,PAUSED,PRESENCE,PRESENCE
11945111481,_PK-D-ISB-CDG-EN_exact,long-haul,PAUSED,PRESENCE,PRESENCE
11949501823,_PK-D-ISB-CDG-EN_phrase,long-haul,PAUSED,PRESENCE,PRESENCE
11945111673,_PK-D-ISB-CGK-EN_exact,regional,PAUSED,PRESENCE,PRESENCE
11946131915,_PK-D-ISB-CGK-EN_phrase,regional,PAUSED,PRESENCE,PRESENCE
11945112435,_PK-D-ISB-CHI-EN_exact,long-haul,PAUSED,PRESENCE,PRESENCE
17816807914,_PK-D-ISB-CLE-EN_exact,long-haul,PAUSED,PRESENCE_OR_INTEREST,PRESENCE
17815640778,_PK-D-ISB-CLE-EN_phrase,long-haul,PAUSED,PRESENCE_OR_INTEREST,PRESENCE
17815691901,_PK-D-ISB-CLT-EN_phrase,long-haul,PAUSED,PRESENCE_OR_INTEREST,PRESENCE
17816807749,_PK-D-ISB-CMH-EN_phrase,long-haul,PAUSED,PRESENCE_OR_INTEREST,PRESENCE
11946116108,_PK-D-ISB-CPH-EN_exact,long-haul,PAUSED,PRESENCE,PRESENCE
11946129551,_PK-D-ISB-CPH-EN_phrase,long-haul,PAUSED,PRESENCE,PRESENCE
11946125225,_PK-D-ISB-CPT-EN_exact,regional,PAUSED,PRESENCE,PRESENCE
11949502468,_PK-D-ISB-CPT-EN_phrase,regional,PAUSED,PRESENCE,PRESENCE
17815688289,_PK-D-ISB-CRK-EN_phrase,regional,PAUSED,PRESENCE_OR_INTEREST,PRESENCE
11946126239,_PK-D-ISB-CTU-EN_exact,regional,PAUSED,PRESENCE,PRESENCE
11949501817,_PK-D-ISB-CTU-EN_phrase,regional,PAUSED,PRESENCE,PRESENCE
11946117299,_PK-D-ISB-DAR-EN_exact,regional,PAUSED,PRESENCE,PRESENCE
17816826949,_PK-D-ISB-DEN-EN_phrase,long-haul,PAUSED,PRESENCE_OR_INTEREST,PRESENCE
11946125510,_PK-D-ISB-DFW-EN_phrase,long-haul,PAUSED,PRESENCE,PRESENCE
11946126176,_PK-D-ISB-DME-EN_exact,regional,PAUSED,PRESENCE,PRESENCE
11946116393,_PK-D-ISB-DME-EN_phrase,regional,PAUSED,PRESENCE,PRESENCE
12051877561,_PK-D-ISB-DMM-EN_exact,regional,PAUSED,PRESENCE,PRESENCE
12051877399,_PK-D-ISB-DMM-EN_phrase,regional,PAUSED,PRESENCE,PRESENCE
11949511864,_PK-D-ISB-DOH-EN_exact,regional,PAUSED,PRESENCE,PRESENCE
11946120425,_PK-D-ISB-DOH-EN_phrase,regional,PAUSED,PRESENCE,PRESENCE
11945111496,_PK-D-ISB-DPS-EN_exact,regional,PAUSED,PRESENCE,PRESENCE
11949502960,_PK-D-ISB-DPS-EN_phrase,regional,PAUSED,PRESENCE,PRESENCE
17815662897,_PK-D-ISB-DTW-EN_exact,long-haul,PAUSED,PRESENCE_OR_INTEREST,PRESENCE
11949494395,_PK-D-ISB-DUB-EN_exact,UK+IE rest,PAUSED,PRESENCE,PRESENCE
11945115798,_PK-D-ISB-DUB-EN_phrase,UK+IE rest,PAUSED,PRESENCE,PRESENCE
11946117545,_PK-D-ISB-DUR-EN_phrase,regional,PAUSED,PRESENCE,PRESENCE
17777570383,_PK-D-ISB-DUS-EN_exact,long-haul,PAUSED,PRESENCE_OR_INTEREST,PRESENCE
17777570350,_PK-D-ISB-DUS-EN_phrase,long-haul,PAUSED,PRESENCE_OR_INTEREST,PRESENCE
11946131453,_PK-D-ISB-DVO-EN_exact,regional,PAUSED,PRESENCE,PRESENCE
12051877669,_PK-D-ISB-DXB-EN_exact,regional,PAUSED,PRESENCE,PRESENCE
12051876715,_PK-D-ISB-DXB-EN_phrase,regional,PAUSED,PRESENCE,PRESENCE
11949509266,_PK-D-ISB-EBL-EN_phrase,regional,PAUSED,PRESENCE,PRESENCE
17815663170,_PK-D-ISB-ECN-EN_exact,long-haul,PAUSED,PRESENCE_OR_INTEREST,PRESENCE
17815641537,_PK-D-ISB-ECN-EN_phrase,long-haul,PAUSED,PRESENCE_OR_INTEREST,PRESENCE
11949494575,_PK-D-ISB-EDI-EN_exact,UK+IE rest,PAUSED,PRESENCE,PRESENCE
11946116288,_PK-D-ISB-EDI-EN_phrase,UK+IE rest,PAUSED,PRESENCE,PRESENCE
17815688298,_PK-D-ISB-ELQ-EN_phrase,regional,PAUSED,PRESENCE_OR_INTEREST,PRESENCE
11946129350,_PK-D-ISB-ESB-EN_exact,regional,PAUSED,PRESENCE,PRESENCE
11945101128,_PK-D-ISB-FCO-EN_exact,long-haul,PAUSED,PRESENCE,PRESENCE
11949496210,_PK-D-ISB-FCO-EN_phrase,long-haul,PAUSED,PRESENCE,PRESENCE
11945118459,_PK-D-ISB-FRA-EN_exact,long-haul,PAUSED,PRESENCE,PRESENCE
11946132665,_PK-D-ISB-FRA-EN_phrase,long-haul,PAUSED,PRESENCE,PRESENCE
17816807248,_PK-D-ISB-GLA-EN_exact,UK+IE (outside brief list),PAUSED,PRESENCE_OR_INTEREST,PRESENCE
17816818792,_PK-D-ISB-GLA-EN_phrase,UK+IE (outside brief list),PAUSED,PRESENCE_OR_INTEREST,PRESENCE
11945100705,_PK-D-ISB-GRU-EN_exact,regional,PAUSED,PRESENCE,PRESENCE
11949494053,_PK-D-ISB-GRU-EN_phrase,regional,PAUSED,PRESENCE,PRESENCE
11945118420,_PK-D-ISB-GVA-EN_phrase,long-haul,PAUSED,PRESENCE,PRESENCE
11949493864,_PK-D-ISB-GYD-EN_exact,regional,PAUSED,PRESENCE,PRESENCE
11946120698,_PK-D-ISB-GYD-EN_phrase,regional,PAUSED,PRESENCE,PRESENCE
17815658577,_PK-D-ISB-HAN-EN_exact,regional,PAUSED,PRESENCE_OR_INTEREST,PRESENCE
17815692177,_PK-D-ISB-HAN-EN_phrase,regional,PAUSED,PRESENCE_OR_INTEREST,PRESENCE
12078848354,_PK-D-ISB-HBE-EN_phrase,regional,PAUSED,PRESENCE,PRESENCE
11949508219,_PK-D-ISB-HEL-EN_phrase,long-haul,PAUSED,PRESENCE,PRESENCE
11945118174,_PK-D-ISB-HGH-EN_exact,regional,PAUSED,PRESENCE,PRESENCE
11946131744,_PK-D-ISB-HGH-EN_phrase,regional,PAUSED,PRESENCE,PRESENCE
11946130295,_PK-D-ISB-HKG-EN_exact,regional,PAUSED,PRESENCE,PRESENCE
11946129032,_PK-D-ISB-HKG-EN_phrase,regional,PAUSED,PRESENCE,PRESENCE
11949501829,_PK-D-ISB-HKT-EN_exact,regional,PAUSED,PRESENCE,PRESENCE
11949511810,_PK-D-ISB-HKT-EN_phrase,regional,PAUSED,PRESENCE,PRESENCE
11949502453,_PK-D-ISB-HND-EN_exact,regional,PAUSED,PRESENCE,PRESENCE
11946129485,_PK-D-ISB-HND-EN_phrase,regional,PAUSED,PRESENCE,PRESENCE
11946117593,_PK-D-ISB-IAD-EN_exact,long-haul,PAUSED,PRESENCE,PRESENCE
11945118159,_PK-D-ISB-IAD-EN_phrase,long-haul,PAUSED,PRESENCE,PRESENCE
11945118378,_PK-D-ISB-IAH-EN_exact,long-haul,PAUSED,PRESENCE,PRESENCE
11949502969,_PK-D-ISB-IAH-EN_phrase,long-haul,PAUSED,PRESENCE,PRESENCE
11945100903,_PK-D-ISB-ICN-EN_exact,regional,PAUSED,PRESENCE,PRESENCE
11949509491,_PK-D-ISB-ICN-EN_phrase,regional,PAUSED,PRESENCE,PRESENCE
11949509641,_PK-D-ISB-IST-EN_exact,regional,PAUSED,PRESENCE,PRESENCE
11946116543,_PK-D-ISB-IST-EN_phrase,regional,PAUSED,PRESENCE,PRESENCE
17815640610,_PK-D-ISB-JAX-EN_phrase,long-haul,PAUSED,PRESENCE_OR_INTEREST,PRESENCE
12047795651,_PK-D-ISB-JED-EN_exact,regional,PAUSED,PRESENCE,PRESENCE
12047795273,_PK-D-ISB-JED-EN_phrase,regional,PAUSED,PRESENCE,PRESENCE
11946132641,_PK-D-ISB-JFK-EN_exact,long-haul,PAUSED,PRESENCE,PRESENCE
11949493606,_PK-D-ISB-JFK-EN_phrase,long-haul,PAUSED,PRESENCE,PRESENCE
11949493828,_PK-D-ISB-JIB-EN_exact,regional,PAUSED,PRESENCE,PRESENCE
11946120365,_PK-D-ISB-JNB-EN_phrase,regional,PAUSED,PRESENCE,PRESENCE
16699742878,_PK-D-ISB-JTR-EN_exact,long-haul,PAUSED,PRESENCE_OR_INTEREST,PRESENCE
16699742866,_PK-D-ISB-JTR-EN_phrase,long-haul,PAUSED,PRESENCE_OR_INTEREST,PRESENCE
11946132647,_PK-D-ISB-KBP-EN_phrase,regional,PAUSED,PRESENCE,PRESENCE
11946115913,_PK-D-ISB-KGL-EN_exact,regional,PAUSED,PRESENCE,PRESENCE
11945111499,_PK-D-ISB-KIX-EN_phrase,regional,PAUSED,PRESENCE,PRESENCE
11946131930,_PK-D-ISB-KUL-EN_exact,regional,PAUSED,PRESENCE,PRESENCE
11946120632,_PK-D-ISB-KUL-EN_phrase,regional,PAUSED,PRESENCE,PRESENCE
11946116849,_PK-D-ISB-KWI-EN_exact,regional,PAUSED,PRESENCE,PRESENCE
11949495976,_PK-D-ISB-KWI-EN_phrase,regional,PAUSED,PRESENCE,PRESENCE
17815641294,_PK-D-ISB-LAS-EN_exact,long-haul,PAUSED,PRESENCE_OR_INTEREST,PRESENCE
17816807482,_PK-D-ISB-LAS-EN_phrase,long-haul,PAUSED,PRESENCE_OR_INTEREST,PRESENCE
11949502759,_PK-D-ISB-LAX-EN_exact,long-haul,PAUSED,PRESENCE,PRESENCE
11946129995,_PK-D-ISB-LAX-EN_phrase,long-haul,PAUSED,PRESENCE,PRESENCE
11946120926,_PK-D-ISB-LCA-EN_exact,long-haul,PAUSED,PRESENCE,PRESENCE
11946115907,_PK-D-ISB-LCA-EN_phrase,long-haul,PAUSED,PRESENCE,PRESENCE
11945101122,_PK-D-ISB-LED-EN_exact,regional,PAUSED,PRESENCE,PRESENCE
11949494143,_PK-D-ISB-LED-EN_phrase,regional,PAUSED,PRESENCE,PRESENCE
17815692393,_PK-D-ISB-LEX-EN_phrase,long-haul,PAUSED,PRESENCE_OR_INTEREST,PRESENCE
11945103741,_PK-D-ISB-LGK-EN_exact,regional,PAUSED,PRESENCE,PRESENCE
11945103357,_PK-D-ISB-LGK-EN_phrase,regional,PAUSED,PRESENCE,PRESENCE
11946125927,_PK-D-ISB-LGW-EN_exact,UK+IE rest,PAUSED,PRESENCE,PRESENCE
11946133118,_PK-D-ISB-LGW-EN_phrase,UK+IE rest,PAUSED,PRESENCE,PRESENCE
11949509941,_PK-D-ISB-LHR-EN_exact,UK+IE rest,PAUSED,PRESENCE,PRESENCE
11946131918,_PK-D-ISB-LHR-EN_phrase,UK+IE rest,PAUSED,PRESENCE,PRESENCE
12047795432,_PK-D-ISB-LIS-EN_exact,long-haul,PAUSED,PRESENCE,PRESENCE
12047795216,_PK-D-ISB-LIS-EN_phrase,long-haul,PAUSED,PRESENCE,PRESENCE
11945111244,_PK-D-ISB-LON-EN_exact,UK+IE (outside brief list),PAUSED,PRESENCE,PRESENCE
11946125642,_PK-D-ISB-LON-EN_phrase,UK+IE (outside brief list),PAUSED,PRESENCE,PRESENCE
11946129311,_PK-D-ISB-LOS-EN_phrase,regional,PAUSED,PRESENCE,PRESENCE
11945115318,_PK-D-ISB-LUX-EN_exact,long-haul,PAUSED,PRESENCE,PRESENCE
11945118618,_PK-D-ISB-LUX-EN_phrase,long-haul,PAUSED,PRESENCE,PRESENCE
11946129119,_PK-D-ISB-MAD-EN_phrase,long-haul,PAUSED,PRESENCE,PRESENCE
11949494149,_PK-D-ISB-MAN-EN_exact,UK+IE rest,PAUSED,PRESENCE,PRESENCE
11949502495,_PK-D-ISB-MAN-EN_phrase,UK+IE rest,PAUSED,PRESENCE,PRESENCE
11949511678,_PK-D-ISB-MBA-EN_exact,regional,PAUSED,PRESENCE,PRESENCE
11949512158,_PK-D-ISB-MCT-EN_exact,regional,PAUSED,PRESENCE,PRESENCE
11946117743,_PK-D-ISB-MCT-EN_phrase,regional,PAUSED,PRESENCE,PRESENCE
12051877147,_PK-D-ISB-MED-EN_exact,regional,PAUSED,PRESENCE,PRESENCE
12051876856,_PK-D-ISB-MED-EN_phrase,regional,PAUSED,PRESENCE,PRESENCE
12051876421,_PK-D-ISB-MEL-EN_exact,long-haul,PAUSED,PRESENCE,PRESENCE
12051876397,_PK-D-ISB-MEL-EN_phrase,long-haul,PAUSED,PRESENCE,PRESENCE
11946117332,_PK-D-ISB-MIA-EN_phrase,long-haul,PAUSED,PRESENCE,PRESENCE
11949507985,_PK-D-ISB-MLA-EN_exact,long-haul,PAUSED,PRESENCE,PRESENCE
11946125405,_PK-D-ISB-MLE-EN_exact,regional,PAUSED,PRESENCE,PRESENCE
11949502684,_PK-D-ISB-MLE-EN_phrase,regional,PAUSED,PRESENCE,PRESENCE
11946121157,_PK-D-ISB-MNL-EN_exact,regional,PAUSED,PRESENCE,PRESENCE
11949502042,_PK-D-ISB-MNL-EN_phrase,regional,PAUSED,PRESENCE,PRESENCE
11945111646,_PK-D-ISB-MOW-EN_phrase,regional,PAUSED,PRESENCE,PRESENCE
11945118153,_PK-D-ISB-MPM-EN_phrase,regional,PAUSED,PRESENCE,PRESENCE
17815692120,_PK-D-ISB-MSY-EN_phrase,long-haul,PAUSED,PRESENCE_OR_INTEREST,PRESENCE
11949495970,_PK-D-ISB-MUC-EN_exact,long-haul,PAUSED,PRESENCE,PRESENCE
11946117029,_PK-D-ISB-MUC-EN_phrase,long-haul,PAUSED,PRESENCE,PRESENCE
11949496063,_PK-D-ISB-MXP-EN_exact,long-haul,PAUSED,PRESENCE,PRESENCE
11946133145,_PK-D-ISB-MXP-EN_phrase,long-haul,PAUSED,PRESENCE,PRESENCE
11949495964,_PK-D-ISB-NBO-EN_exact,regional,PAUSED,PRESENCE,PRESENCE
11946120665,_PK-D-ISB-NBO-EN_phrase,regional,PAUSED,PRESENCE,PRESENCE
11946117053,_PK-D-ISB-NJF-EN_exact,regional,PAUSED,PRESENCE,PRESENCE
11945101113,_PK-D-ISB-NJF-EN_phrase,regional,PAUSED,PRESENCE,PRESENCE
11945111724,_PK-D-ISB-NRT-EN_exact,regional,PAUSED,PRESENCE,PRESENCE
11949508003,_PK-D-ISB-NRT-EN_phrase,regional,PAUSED,PRESENCE,PRESENCE
11945103504,_PK-D-ISB-NYC-EN_exact,long-haul,PAUSED,PRESENCE,PRESENCE
11946129515,_PK-D-ISB-NYC-EN_phrase,long-haul,PAUSED,PRESENCE,PRESENCE
11945115786,_PK-D-ISB-OSL-EN_exact,long-haul,PAUSED,PRESENCE,PRESENCE
11946117569,_PK-D-ISB-OSL-EN_phrase,long-haul,PAUSED,PRESENCE,PRESENCE
11949494614,_PK-D-ISB-OTP-EN_exact,long-haul,PAUSED,PRESENCE,PRESENCE
11946120374,_PK-D-ISB-OTP-EN_phrase,long-haul,PAUSED,PRESENCE,PRESENCE
17824328381,_PK-D-ISB-OUL-EN_exact,long-haul,PAUSED,PRESENCE_OR_INTEREST,PRESENCE
17815641576,_PK-D-ISB-OUL-EN_phrase,long-haul,PAUSED,PRESENCE_OR_INTEREST,PRESENCE
11949509203,_PK-D-ISB-PAR-EN_exact,long-haul,PAUSED,PRESENCE,PRESENCE
11949502522,_PK-D-ISB-PAR-EN_phrase,long-haul,PAUSED,PRESENCE,PRESENCE
11949509686,_PK-D-ISB-PEK-EN_exact,regional,PAUSED,PRESENCE,PRESENCE
11949502798,_PK-D-ISB-PEK-EN_phrase,regional,PAUSED,PRESENCE,PRESENCE
12047795465,_PK-D-ISB-PER-EN_exact,long-haul,PAUSED,PRESENCE,PRESENCE
12047795678,_PK-D-ISB-PER-EN_phrase,long-haul,PAUSED,PRESENCE,PRESENCE
11946126371,_PK-D-ISB-PHL-EN_exact,long-haul,PAUSED,PRESENCE,PRESENCE
11949507598,_PK-D-ISB-PHL-EN_phrase,long-haul,PAUSED,PRESENCE,PRESENCE
17816808172,_PK-D-ISB-PHX-EN_phrase,long-haul,PAUSED,PRESENCE_OR_INTEREST,PRESENCE
17815641993,_PK-D-ISB-PIT-EN_exact,long-haul,PAUSED,PRESENCE_OR_INTEREST,PRESENCE
11946116630,_PK-D-ISB-PRG-EN_exact,long-haul,PAUSED,PRESENCE,PRESENCE
11949512101,_PK-D-ISB-PRG-EN_phrase,long-haul,PAUSED,PRESENCE,PRESENCE
11949511897,_PK-D-ISB-PVG-EN_exact,regional,PAUSED,PRESENCE,PRESENCE
11945118189,_PK-D-ISB-PVG-EN_phrase,regional,PAUSED,PRESENCE,PRESENCE
11949508009,_PK-D-ISB-RAK-EN_exact,regional,PAUSED,PRESENCE,PRESENCE
11946128867,_PK-D-ISB-RAK-EN_phrase,regional,PAUSED,PRESENCE,PRESENCE
11945115339,_PK-D-ISB-RBA-EN_phrase,regional,PAUSED,PRESENCE,PRESENCE
17815640766,_PK-D-ISB-RDU-EN_phrase,long-haul,PAUSED,PRESENCE_OR_INTEREST,PRESENCE
17824285091,_PK-D-ISB-RGN-EN_phrase,regional,PAUSED,PRESENCE_OR_INTEREST,PRESENCE
17815641588,_PK-D-ISB-ROB-EN_phrase,regional,PAUSED,PRESENCE_OR_INTEREST,PRESENCE
12047795453,_PK-D-ISB-RUH-EN_exact,regional,PAUSED,PRESENCE,PRESENCE
12051876706,_PK-D-ISB-RUH-EN_phrase,regional,PAUSED,PRESENCE,PRESENCE
17815641831,_PK-D-ISB-SAN-EN_exact,long-haul,PAUSED,PRESENCE_OR_INTEREST,PRESENCE
11946129740,_PK-D-ISB-SAW-EN_exact,regional,PAUSED,PRESENCE,PRESENCE
11946129305,_PK-D-ISB-SAW-EN_phrase,regional,PAUSED,PRESENCE,PRESENCE
11816943321,_PK-D-ISB-SEA-EN_exact,long-haul,PAUSED,PRESENCE,PRESENCE
11816943288,_PK-D-ISB-SEA-EN_phrase,long-haul,PAUSED,PRESENCE,PRESENCE
11382622712,_PK-D-ISB-SFO-EN_exact,long-haul,PAUSED,PRESENCE,PRESENCE
11382622733,_PK-D-ISB-SFO-EN_phrase,long-haul,PAUSED,PRESENCE,PRESENCE
12308149345,_PK-D-ISB-SGN-EN_phrase,regional,PAUSED,PRESENCE,PRESENCE
13414103266,_PK-D-ISB-SHJ-EN_phrase,regional,PAUSED,PRESENCE_OR_INTEREST,PRESENCE
11949502459,_PK-D-ISB-SIN-EN_exact,regional,PAUSED,PRESENCE,PRESENCE
11949493903,_PK-D-ISB-SIN-EN_phrase,regional,PAUSED,PRESENCE,PRESENCE
11949496051,_PK-D-ISB-SLL-EN_exact,regional,PAUSED,PRESENCE,PRESENCE
11946116387,_PK-D-ISB-SOF-EN_exact,long-haul,PAUSED,PRESENCE,PRESENCE
17816819161,_PK-D-ISB-STL-EN_exact,long-haul,PAUSED,PRESENCE_OR_INTEREST,PRESENCE
17815688364,_PK-D-ISB-SVG-EN_exact,long-haul,PAUSED,PRESENCE_OR_INTEREST,PRESENCE
17815662423,_PK-D-ISB-SVG-EN_phrase,long-haul,PAUSED,PRESENCE_OR_INTEREST,PRESENCE
15021538687,_PK-D-ISB-SVO-EN_exact,regional,PAUSED,PRESENCE_OR_INTEREST,PRESENCE
15021538789,_PK-D-ISB-SVO-EN_phrase,regional,PAUSED,PRESENCE_OR_INTEREST,PRESENCE
12051876409,_PK-D-ISB-SYD-EN_exact,long-haul,PAUSED,PRESENCE,PRESENCE
12047795723,_PK-D-ISB-SYD-EN_phrase,long-haul,PAUSED,PRESENCE,PRESENCE
11945115753,_PK-D-ISB-TBS-EN_exact,regional,PAUSED,PRESENCE,PRESENCE
11949509695,_PK-D-ISB-TBS-EN_phrase,regional,PAUSED,PRESENCE,PRESENCE
17816827402,_PK-D-ISB-TLL-EN_exact,long-haul,PAUSED,PRESENCE_OR_INTEREST,PRESENCE
17815658598,_PK-D-ISB-TLL-EN_phrase,long-haul,PAUSED,PRESENCE_OR_INTEREST,PRESENCE
20075025563,_PK-D-ISB-TLS-EN_phrase,long-haul,PAUSED,PRESENCE_OR_INTEREST,PRESENCE
11946126362,_PK-D-ISB-TUN-EN_phrase,regional,PAUSED,PRESENCE,PRESENCE
12051877606,_PK-D-ISB-TUU-EN_phrase,regional,PAUSED,PRESENCE,PRESENCE
11949509962,_PK-D-ISB-TXL-EN_exact,long-haul,PAUSED,PRESENCE,PRESENCE
11946120719,_PK-D-ISB-TXL-EN_phrase,long-haul,PAUSED,PRESENCE,PRESENCE
11946120410,_PK-D-ISB-TYO-EN_exact,regional,PAUSED,PRESENCE,PRESENCE
11946117023,_PK-D-ISB-TYO-EN_phrase,regional,PAUSED,PRESENCE,PRESENCE
11946116789,_PK-D-ISB-VCE-EN_exact,long-haul,PAUSED,PRESENCE,PRESENCE
11946117485,_PK-D-ISB-VCE-EN_phrase,long-haul,PAUSED,PRESENCE,PRESENCE
11946125903,_PK-D-ISB-VIE-EN_phrase,long-haul,PAUSED,PRESENCE,PRESENCE
11946117722,_PK-D-ISB-WAW-EN_exact,long-haul,PAUSED,PRESENCE,PRESENCE
11945118381,_PK-D-ISB-YUL-EN_exact,long-haul,PAUSED,PRESENCE,PRESENCE
11949494371,_PK-D-ISB-YUL-EN_phrase,long-haul,PAUSED,PRESENCE,PRESENCE
11408656247,_PK-D-ISB-YVR-EN_exact,long-haul,PAUSED,PRESENCE,PRESENCE
11408656079,_PK-D-ISB-YVR-EN_phrase,long-haul,PAUSED,PRESENCE,PRESENCE
11408656031,_PK-D-ISB-YYC-EN_exact,long-haul,PAUSED,PRESENCE,PRESENCE
11408656262,_PK-D-ISB-YYC-EN_phrase,long-haul,PAUSED,PRESENCE,PRESENCE
11946117278,_PK-D-ISB-YYZ-EN_exact,long-haul,PAUSED,PRESENCE,PRESENCE
11946121385,_PK-D-ISB-YYZ-EN_phrase,long-haul,PAUSED,PRESENCE,PRESENCE
17815641267,_PK-D-ISB-ZAG-EN_exact,long-haul,PAUSED,PRESENCE_OR_INTEREST,PRESENCE
17824328582,_PK-D-ISB-ZAG-EN_phrase,long-haul,PAUSED,PRESENCE_OR_INTEREST,PRESENCE
11946132926,_PK-D-ISB-ZRH-EN_exact,long-haul,PAUSED,PRESENCE,PRESENCE
17869523178,_PK-D-KHI-ABV-EN_phrase,regional,PAUSED,PRESENCE_OR_INTEREST,PRESENCE
11946125249,_PK-D-KHI-ADB-EN_phrase,regional,PAUSED,PRESENCE,PRESENCE
12308149342,_PK-D-KHI-ADL-EN_phrase,long-haul,PAUSED,PRESENCE,PRESENCE
11949507748,_PK-D-KHI-AGP-EN_phrase,long-haul,PAUSED,PRESENCE,PRESENCE
12308149198,_PK-D-KHI-AKL-EN_exact,long-haul,PAUSED,PRESENCE,PRESENCE
12308149141,_PK-D-KHI-AKL-EN_phrase,long-haul,PAUSED,PRESENCE,PRESENCE
11949501838,_PK-D-KHI-ALG-EN_phrase,regional,PAUSED,PRESENCE,PRESENCE
11945111484,_PK-D-KHI-AMM-EN_exact,regional,PAUSED,PRESENCE,PRESENCE
11949509458,_PK-D-KHI-AMS-EN_exact,long-haul,PAUSED,PRESENCE,PRESENCE
11946117755,_PK-D-KHI-AMS-EN_phrase,long-haul,PAUSED,PRESENCE,PRESENCE
11945112420,_PK-D-KHI-ARN-EN_exact,long-haul,PAUSED,PRESENCE,PRESENCE
11945103744,_PK-D-KHI-ARN-EN_phrase,long-haul,PAUSED,PRESENCE,PRESENCE
11946117524,_PK-D-KHI-ATH-EN_exact,long-haul,PAUSED,PRESENCE,PRESENCE
11945111247,_PK-D-KHI-ATH-EN_phrase,long-haul,PAUSED,PRESENCE,PRESENCE
11945117931,_PK-D-KHI-ATL-EN_exact,long-haul,PAUSED,PRESENCE,PRESENCE
11946120917,_PK-D-KHI-ATL-EN_phrase,long-haul,PAUSED,PRESENCE,PRESENCE
12051877342,_PK-D-KHI-AUH-EN_exact,regional,PAUSED,PRESENCE,PRESENCE
12047795030,_PK-D-KHI-AUH-EN_phrase,regional,PAUSED,PRESENCE,PRESENCE
17816819179,_PK-D-KHI-AUS-EN_exact,long-haul,PAUSED,PRESENCE_OR_INTEREST,PRESENCE
17816806774,_PK-D-KHI-AUS-EN_phrase,long-haul,PAUSED,PRESENCE_OR_INTEREST,PRESENCE
11949496288,_PK-D-KHI-AYT-EN_exact,regional,PAUSED,PRESENCE,PRESENCE
11949509245,_PK-D-KHI-AYT-EN_phrase,regional,PAUSED,PRESENCE,PRESENCE
12047794991,_PK-D-KHI-BAH-EN_exact,regional,PAUSED,PRESENCE,PRESENCE
12047795228,_PK-D-KHI-BAH-EN_phrase,regional,PAUSED,PRESENCE,PRESENCE
11949509224,_PK-D-KHI-BCN-EN_exact,long-haul,PAUSED,PRESENCE,PRESENCE
11946131642,_PK-D-KHI-BCN-EN_phrase,long-haul,PAUSED,PRESENCE,PRESENCE
11949496477,_PK-D-KHI-BER-EN_exact,long-haul,PAUSED,PRESENCE,PRESENCE
11946120386,_PK-D-KHI-BER-EN_phrase,long-haul,PAUSED,PRESENCE,PRESENCE
11945103285,_PK-D-KHI-BEY-EN_exact,regional,PAUSED,PRESENCE,PRESENCE
11945103792,_PK-D-KHI-BEY-EN_phrase,regional,PAUSED,PRESENCE,PRESENCE
11946116597,_PK-D-KHI-BGW-EN_exact,regional,PAUSED,PRESENCE,PRESENCE
11949496201,_PK-D-KHI-BGW-EN_phrase,regional,PAUSED,PRESENCE,PRESENCE
17824328564,_PK-D-KHI-BHD-EN_exact,UK+IE (outside brief list),PAUSED,PRESENCE_OR_INTEREST,PRESENCE
17815640592,_PK-D-KHI-BHM-EN_exact,long-haul,PAUSED,PRESENCE_OR_INTEREST,PRESENCE
17815640142,_PK-D-KHI-BHM-EN_phrase,long-haul,PAUSED,PRESENCE_OR_INTEREST,PRESENCE
11945111505,_PK-D-KHI-BHX-EN_exact,UK+IE rest,PAUSED,PRESENCE,PRESENCE
11946125486,_PK-D-KHI-BHX-EN_phrase,UK+IE rest,PAUSED,PRESENCE,PRESENCE
11946117491,_PK-D-KHI-BJV-EN_exact,regional,PAUSED,PRESENCE,PRESENCE
11946120467,_PK-D-KHI-BJV-EN_phrase,regional,PAUSED,PRESENCE,PRESENCE
11946132659,_PK-D-KHI-BKK-EN_exact,regional,PAUSED,PRESENCE,PRESENCE
11945112144,_PK-D-KHI-BKK-EN_phrase,regional,PAUSED,PRESENCE,PRESENCE
17815658064,_PK-D-KHI-BNE-EN_exact,long-haul,PAUSED,PRESENCE_OR_INTEREST,PRESENCE
17815662363,_PK-D-KHI-BNE-EN_phrase,long-haul,PAUSED,PRESENCE_OR_INTEREST,PRESENCE
11946131483,_PK-D-KHI-BOS-EN_exact,long-haul,PAUSED,PRESENCE,PRESENCE
11946130316,_PK-D-KHI-BOS-EN_phrase,long-haul,PAUSED,PRESENCE,PRESENCE
11949495961,_PK-D-KHI-BRU-EN_exact,long-haul,PAUSED,PRESENCE,PRESENCE
11945100906,_PK-D-KHI-BRU-EN_phrase,long-haul,PAUSED,PRESENCE,PRESENCE
11949511873,_PK-D-KHI-BSR-EN_exact,regional,PAUSED,PRESENCE,PRESENCE
11946126149,_PK-D-KHI-BSR-EN_phrase,regional,PAUSED,PRESENCE,PRESENCE
11946132686,_PK-D-KHI-BUD-EN_exact,long-haul,PAUSED,PRESENCE,PRESENCE
11946120644,_PK-D-KHI-BUD-EN_phrase,long-haul,PAUSED,PRESENCE,PRESENCE
14881840790,_PK-D-KHI-BUF-EN_exact,long-haul,PAUSED,PRESENCE_OR_INTEREST,PRESENCE
14881840760,_PK-D-KHI-BUF-EN_phrase,long-haul,PAUSED,PRESENCE_OR_INTEREST,PRESENCE
12051878302,_PK-D-KHI-CAI-EN_exact,regional,PAUSED,PRESENCE,PRESENCE
12051876649,_PK-D-KHI-CAI-EN_phrase,regional,PAUSED,PRESENCE,PRESENCE
11945112147,_PK-D-KHI-CAN-EN_exact,regional,PAUSED,PRESENCE,PRESENCE
11945101161,_PK-D-KHI-CAN-EN_phrase,regional,PAUSED,PRESENCE,PRESENCE
12051876436,_PK-D-KHI-CBR-EN_exact,long-haul,PAUSED,PRESENCE,PRESENCE
12051878545,_PK-D-KHI-CBR-EN_phrase,long-haul,PAUSED,PRESENCE,PRESENCE
11946117338,_PK-D-KHI-CDG-EN_exact,long-haul,PAUSED,PRESENCE,PRESENCE
11945103324,_PK-D-KHI-CDG-EN_phrase,long-haul,PAUSED,PRESENCE,PRESENCE
11949494308,_PK-D-KHI-CGK-EN_exact,regional,PAUSED,PRESENCE,PRESENCE
11945115756,_PK-D-KHI-CGK-EN_phrase,regional,PAUSED,PRESENCE,PRESENCE
11946120476,_PK-D-KHI-CHI-EN_exact,long-haul,PAUSED,PRESENCE,PRESENCE
11946116351,_PK-D-KHI-CHI-EN_phrase,long-haul,PAUSED,PRESENCE,PRESENCE
17824285118,_PK-D-KHI-CLE-EN_exact,long-haul,PAUSED,PRESENCE_OR_INTEREST,PRESENCE
17816806972,_PK-D-KHI-CLE-EN_phrase,long-haul,PAUSED,PRESENCE_OR_INTEREST,PRESENCE
17815640124,_PK-D-KHI-CLT-EN_exact,long-haul,PAUSED,PRESENCE_OR_INTEREST,PRESENCE
11946125444,_PK-D-KHI-CMN-EN_phrase,regional,PAUSED,PRESENCE,PRESENCE
11946129257,_PK-D-KHI-CNX-EN_exact,regional,PAUSED,PRESENCE,PRESENCE
11945103540,_PK-D-KHI-CNX-EN_phrase,regional,PAUSED,PRESENCE,PRESENCE
11946125708,_PK-D-KHI-CPH-EN_exact,long-haul,PAUSED,PRESENCE,PRESENCE
11946132848,_PK-D-KHI-CPH-EN_phrase,long-haul,PAUSED,PRESENCE,PRESENCE
11946117494,_PK-D-KHI-CPT-EN_exact,regional,PAUSED,PRESENCE,PRESENCE
11949502204,_PK-D-KHI-CPT-EN_phrase,regional,PAUSED,PRESENCE,PRESENCE
11946128822,_PK-D-KHI-CTU-EN_exact,regional,PAUSED,PRESENCE,PRESENCE
11945111751,_PK-D-KHI-CTU-EN_phrase,regional,PAUSED,PRESENCE,PRESENCE
11946116537,_PK-D-KHI-DAR-EN_exact,regional,PAUSED,PRESENCE,PRESENCE
11945103759,_PK-D-KHI-DAR-EN_phrase,regional,PAUSED,PRESENCE,PRESENCE
11949511846,_PK-D-KHI-DFW-EN_exact,long-haul,PAUSED,PRESENCE,PRESENCE
11949496216,_PK-D-KHI-DFW-EN_phrase,long-haul,PAUSED,PRESENCE,PRESENCE
11946128843,_PK-D-KHI-DME-EN_exact,regional,PAUSED,PRESENCE,PRESENCE
11946116129,_PK-D-KHI-DME-EN_phrase,regional,PAUSED,PRESENCE,PRESENCE
12047795408,_PK-D-KHI-DMM-EN_exact,regional,PAUSED,PRESENCE,PRESENCE
12047795270,_PK-D-KHI-DMM-EN_phrase,regional,PAUSED,PRESENCE,PRESENCE
11946131714,_PK-D-KHI-DOH-EN_exact,regional,PAUSED,PRESENCE,PRESENCE
11949510145,_PK-D-KHI-DOH-EN_phrase,regional,PAUSED,PRESENCE,PRESENCE
11945101188,_PK-D-KHI-DPS-EN_exact,regional,PAUSED,PRESENCE,PRESENCE
11949496444,_PK-D-KHI-DPS-EN_phrase,regional,PAUSED,PRESENCE,PRESENCE
11408656304,_PK-D-KHI-DTW-EN_phrase,long-haul,PAUSED,PRESENCE,PRESENCE
11946117578,_PK-D-KHI-DUB-EN_exact,UK+IE rest,PAUSED,PRESENCE,PRESENCE
11946125726,_PK-D-KHI-DUB-EN_phrase,UK+IE rest,PAUSED,PRESENCE,PRESENCE
11945111643,_PK-D-KHI-DUR-EN_exact,regional,PAUSED,PRESENCE,PRESENCE
11946117281,_PK-D-KHI-DUR-EN_phrase,regional,PAUSED,PRESENCE,PRESENCE
17777570386,_PK-D-KHI-DUS-EN_exact,long-haul,PAUSED,PRESENCE_OR_INTEREST,PRESENCE
12051878530,_PK-D-KHI-DXB-EN_exact,regional,PAUSED,PRESENCE,PRESENCE
12051877675,_PK-D-KHI-DXB-EN_phrase,regional,PAUSED,PRESENCE,PRESENCE
17815641810,_PK-D-KHI-ECN-EN_exact,long-haul,PAUSED,PRESENCE_OR_INTEREST,PRESENCE
17816818957,_PK-D-KHI-ECN-EN_phrase,long-haul,PAUSED,PRESENCE_OR_INTEREST,PRESENCE
11946129500,_PK-D-KHI-EDI-EN_exact,UK+IE rest,PAUSED,PRESENCE,PRESENCE
11949502519,_PK-D-KHI-EDI-EN_phrase,UK+IE rest,PAUSED,PRESENCE,PRESENCE
17824320416,_PK-D-KHI-ELQ-EN_phrase,regional,PAUSED,PRESENCE_OR_INTEREST,PRESENCE
11949494050,_PK-D-KHI-ESB-EN_exact,regional,PAUSED,PRESENCE,PRESENCE
11949512128,_PK-D-KHI-ESB-EN_phrase,regional,PAUSED,PRESENCE,PRESENCE
11946126227,_PK-D-KHI-EZE-EN_exact,regional,PAUSED,PRESENCE,PRESENCE
11946116093,_PK-D-KHI-EZE-EN_phrase,regional,PAUSED,PRESENCE,PRESENCE
11945100897,_PK-D-KHI-FCO-EN_exact,long-haul,PAUSED,PRESENCE,PRESENCE
11946121118,_PK-D-KHI-FCO-EN_phrase,long-haul,PAUSED,PRESENCE,PRESENCE
11945112609,_PK-D-KHI-FRA-EN_exact,long-haul,PAUSED,PRESENCE,PRESENCE
11949493435,_PK-D-KHI-FRA-EN_phrase,long-haul,PAUSED,PRESENCE,PRESENCE
17816827189,_PK-D-KHI-GLA-EN_exact,UK+IE (outside brief list),PAUSED,PRESENCE_OR_INTEREST,PRESENCE
11945111709,_PK-D-KHI-GRU-EN_exact,regional,PAUSED,PRESENCE,PRESENCE
11946117047,_PK-D-KHI-GRU-EN_phrase,regional,PAUSED,PRESENCE,PRESENCE
11949510163,_PK-D-KHI-GVA-EN_exact,long-haul,PAUSED,PRESENCE,PRESENCE
11946120905,_PK-D-KHI-GVA-EN_phrase,long-haul,PAUSED,PRESENCE,PRESENCE
11946128873,_PK-D-KHI-GYD-EN_exact,regional,PAUSED,PRESENCE,PRESENCE
11949496240,_PK-D-KHI-GYD-EN_phrase,regional,PAUSED,PRESENCE,PRESENCE
12078848375,_PK-D-KHI-HBE-EN_phrase,regional,PAUSED,PRESENCE,PRESENCE
11949509926,_PK-D-KHI-HEL-EN_exact,long-haul,PAUSED,PRESENCE,PRESENCE
11949501997,_PK-D-KHI-HEL-EN_phrase,long-haul,PAUSED,PRESENCE,PRESENCE
11949507742,_PK-D-KHI-HGH-EN_exact,regional,PAUSED,PRESENCE,PRESENCE
11946126398,_PK-D-KHI-HGH-EN_phrase,regional,PAUSED,PRESENCE,PRESENCE
11949509755,_PK-D-KHI-HKG-EN_exact,regional,PAUSED,PRESENCE,PRESENCE
11946129572,_PK-D-KHI-HKG-EN_phrase,regional,PAUSED,PRESENCE,PRESENCE
11946117350,_PK-D-KHI-HKT-EN_exact,regional,PAUSED,PRESENCE,PRESENCE
11945118660,_PK-D-KHI-HKT-EN_phrase,regional,PAUSED,PRESENCE,PRESENCE
11949496483,_PK-D-KHI-HND-EN_exact,regional,PAUSED,PRESENCE,PRESENCE
11946129758,_PK-D-KHI-HND-EN_phrase,regional,PAUSED,PRESENCE,PRESENCE
14050280575,_PK-D-KHI-HRE-EN_exact,regional,PAUSED,PRESENCE_OR_INTEREST,PRESENCE
11945111715,_PK-D-KHI-IAD-EN_exact,long-haul,PAUSED,PRESENCE,PRESENCE
11949509923,_PK-D-KHI-IAD-EN_phrase,long-haul,PAUSED,PRESENCE,PRESENCE
11945111997,_PK-D-KHI-IAH-EN_exact,long-haul,PAUSED,PRESENCE,PRESENCE
11949502726,_PK-D-KHI-IAH-EN_phrase,long-haul,PAUSED,PRESENCE,PRESENCE
11946120239,_PK-D-KHI-ICN-EN_exact,regional,PAUSED,PRESENCE,PRESENCE
11946117533,_PK-D-KHI-ICN-EN_phrase,regional,PAUSED,PRESENCE,PRESENCE
11949494602,_PK-D-KHI-IST-EN_exact,regional,PAUSED,PRESENCE,PRESENCE
11949509230,_PK-D-KHI-IST-EN_phrase,regional,PAUSED,PRESENCE,PRESENCE
11949496447,_PK-D-KHI-ISU-EN_phrase,regional,PAUSED,PRESENCE,PRESENCE
12051877603,_PK-D-KHI-JED-EN_exact,regional,PAUSED,PRESENCE,PRESENCE
12047795240,_PK-D-KHI-JED-EN_phrase,regional,PAUSED,PRESENCE,PRESENCE
11949512077,_PK-D-KHI-JFK-EN_exact,long-haul,PAUSED,PRESENCE,PRESENCE
11946131513,_PK-D-KHI-JFK-EN_phrase,long-haul,PAUSED,PRESENCE,PRESENCE
11946129086,_PK-D-KHI-JIB-EN_exact,regional,PAUSED,PRESENCE,PRESENCE
11949494344,_PK-D-KHI-JNB-EN_exact,regional,PAUSED,PRESENCE,PRESENCE
11946131666,_PK-D-KHI-JNB-EN_phrase,regional,PAUSED,PRESENCE,PRESENCE
17824284959,_PK-D-KHI-JRO-EN_phrase,regional,PAUSED,PRESENCE_OR_INTEREST,PRESENCE
16699743037,_PK-D-KHI-JTR-EN_exact,long-haul,PAUSED,PRESENCE_OR_INTEREST,PRESENCE
16699743001,_PK-D-KHI-JTR-EN_phrase,long-haul,PAUSED,PRESENCE_OR_INTEREST,PRESENCE
11945101119,_PK-D-KHI-KBP-EN_exact,regional,PAUSED,PRESENCE,PRESENCE
11946121094,_PK-D-KHI-KBP-EN_phrase,regional,PAUSED,PRESENCE,PRESENCE
11946125450,_PK-D-KHI-KBV-EN_exact,regional,PAUSED,PRESENCE,PRESENCE
11946117770,_PK-D-KHI-KBV-EN_phrase,regional,PAUSED,PRESENCE,PRESENCE
11949493801,_PK-D-KHI-KGL-EN_phrase,regional,PAUSED,PRESENCE,PRESENCE
11949496252,_PK-D-KHI-KIX-EN_exact,regional,PAUSED,PRESENCE,PRESENCE
11946120842,_PK-D-KHI-KIX-EN_phrase,regional,PAUSED,PRESENCE,PRESENCE
11949494041,_PK-D-KHI-KUL-EN_exact,regional,PAUSED,PRESENCE,PRESENCE
11946121124,_PK-D-KHI-KUL-EN_phrase,regional,PAUSED,PRESENCE,PRESENCE
11946116843,_PK-D-KHI-KWI-EN_exact,regional,PAUSED,PRESENCE,PRESENCE
11945100918,_PK-D-KHI-KWI-EN_phrase,regional,PAUSED,PRESENCE,PRESENCE
17815662408,_PK-D-KHI-LAS-EN_exact,long-haul,PAUSED,PRESENCE_OR_INTEREST,PRESENCE
17816818744,_PK-D-KHI-LAS-EN_phrase,long-haul,PAUSED,PRESENCE_OR_INTEREST,PRESENCE
11949502051,_PK-D-KHI-LAX-EN_exact,long-haul,PAUSED,PRESENCE,PRESENCE
11949509929,_PK-D-KHI-LAX-EN_phrase,long-haul,PAUSED,PRESENCE,PRESENCE
11945103483,_PK-D-KHI-LCA-EN_phrase,long-haul,PAUSED,PRESENCE,PRESENCE
11946129041,_PK-D-KHI-LED-EN_exact,regional,PAUSED,PRESENCE,PRESENCE
11946125210,_PK-D-KHI-LED-EN_phrase,regional,PAUSED,PRESENCE,PRESENCE
11949494317,_PK-D-KHI-LGK-EN_exact,regional,PAUSED,PRESENCE,PRESENCE
11945112618,_PK-D-KHI-LGK-EN_phrase,regional,PAUSED,PRESENCE,PRESENCE
11949509464,_PK-D-KHI-LGW-EN_exact,UK+IE rest,PAUSED,PRESENCE,PRESENCE
11945118141,_PK-D-KHI-LGW-EN_phrase,UK+IE rest,PAUSED,PRESENCE,PRESENCE
11949512281,_PK-D-KHI-LHR-EN_exact,UK+IE rest,PAUSED,PRESENCE,PRESENCE
11949511915,_PK-D-KHI-LHR-EN_phrase,UK+IE rest,PAUSED,PRESENCE,PRESENCE
12051877156,_PK-D-KHI-LIS-EN_exact,long-haul,PAUSED,PRESENCE,PRESENCE
12047795213,_PK-D-KHI-LIS-EN_phrase,long-haul,PAUSED,PRESENCE,PRESENCE
11949509410,_PK-D-KHI-LON-EN_exact,UK+IE (outside brief list),PAUSED,PRESENCE,PRESENCE
11946126212,_PK-D-KHI-LON-EN_phrase,UK+IE (outside brief list),PAUSED,PRESENCE,PRESENCE
11946120398,_PK-D-KHI-LOS-EN_exact,regional,PAUSED,PRESENCE,PRESENCE
11945115777,_PK-D-KHI-LOS-EN_phrase,regional,PAUSED,PRESENCE,PRESENCE
11949494560,_PK-D-KHI-LUX-EN_exact,long-haul,PAUSED,PRESENCE,PRESENCE
11945118123,_PK-D-KHI-LUX-EN_phrase,long-haul,PAUSED,PRESENCE,PRESENCE
11949502258,_PK-D-KHI-MAD-EN_exact,long-haul,PAUSED,PRESENCE,PRESENCE
11949509497,_PK-D-KHI-MAN-EN_exact,UK+IE rest,PAUSED,PRESENCE,PRESENCE
11946117794,_PK-D-KHI-MAN-EN_phrase,UK+IE rest,PAUSED,PRESENCE,PRESENCE
11946132683,_PK-D-KHI-MBA-EN_exact,regional,PAUSED,PRESENCE,PRESENCE
11949503005,_PK-D-KHI-MBA-EN_phrase,regional,PAUSED,PRESENCE,PRESENCE
17815662672,_PK-D-KHI-MCI-EN_exact,long-haul,PAUSED,PRESENCE_OR_INTEREST,PRESENCE
17815641030,_PK-D-KHI-MCI-EN_phrase,long-haul,PAUSED,PRESENCE_OR_INTEREST,PRESENCE
14881840769,_PK-D-KHI-MCO-EN_exact,long-haul,PAUSED,PRESENCE_OR_INTEREST,PRESENCE
14881840787,_PK-D-KHI-MCO-EN_phrase,long-haul,PAUSED,PRESENCE_OR_INTEREST,PRESENCE
11949512068,_PK-D-KHI-MCT-EN_exact,regional,PAUSED,PRESENCE,PRESENCE
11946121163,_PK-D-KHI-MCT-EN_phrase,regional,PAUSED,PRESENCE,PRESENCE
12047795015,_PK-D-KHI-MED-EN_exact,regional,PAUSED,PRESENCE,PRESENCE
12047795669,_PK-D-KHI-MED-EN_phrase,regional,PAUSED,PRESENCE,PRESENCE
12051877396,_PK-D-KHI-MEL-EN_exact,long-haul,PAUSED,PRESENCE,PRESENCE
12047795204,_PK-D-KHI-MEL-EN_phrase,long-haul,PAUSED,PRESENCE,PRESENCE
17815640145,_PK-D-KHI-MEM-EN_exact,long-haul,PAUSED,PRESENCE_OR_INTEREST,PRESENCE
17815640523,_PK-D-KHI-MEM-EN_phrase,long-haul,PAUSED,PRESENCE_OR_INTEREST,PRESENCE
11945101086,_PK-D-KHI-MIA-EN_exact,long-haul,PAUSED,PRESENCE,PRESENCE
11949509476,_PK-D-KHI-MIA-EN_phrase,long-haul,PAUSED,PRESENCE,PRESENCE
11949496303,_PK-D-KHI-MLA-EN_phrase,long-haul,PAUSED,PRESENCE,PRESENCE
11946116147,_PK-D-KHI-MLE-EN_exact,regional,PAUSED,PRESENCE,PRESENCE
11949493594,_PK-D-KHI-MLE-EN_phrase,regional,PAUSED,PRESENCE,PRESENCE
11945111445,_PK-D-KHI-MNL-EN_exact,regional,PAUSED,PRESENCE,PRESENCE
11946125753,_PK-D-KHI-MNL-EN_phrase,regional,PAUSED,PRESENCE,PRESENCE
11946121364,_PK-D-KHI-MOW-EN_exact,regional,PAUSED,PRESENCE,PRESENCE
11946116312,_PK-D-KHI-MOW-EN_phrase,regional,PAUSED,PRESENCE,PRESENCE
11946116042,_PK-D-KHI-MPM-EN_exact,regional,PAUSED,PRESENCE,PRESENCE
11945118465,_PK-D-KHI-MPM-EN_phrase,regional,PAUSED,PRESENCE,PRESENCE
17816807473,_PK-D-KHI-MSP-EN_exact,long-haul,PAUSED,PRESENCE_OR_INTEREST,PRESENCE
17815688136,_PK-D-KHI-MSY-EN_exact,long-haul,PAUSED,PRESENCE_OR_INTEREST,PRESENCE
17815692372,_PK-D-KHI-MSY-EN_phrase,long-haul,PAUSED,PRESENCE_OR_INTEREST,PRESENCE
11946128810,_PK-D-KHI-MUC-EN_exact,long-haul,PAUSED,PRESENCE,PRESENCE
11949496261,_PK-D-KHI-MUC-EN_phrase,long-haul,PAUSED,PRESENCE,PRESENCE
11945101347,_PK-D-KHI-MXP-EN_exact,long-haul,PAUSED,PRESENCE,PRESENCE
11945118201,_PK-D-KHI-MXP-EN_phrase,long-haul,PAUSED,PRESENCE,PRESENCE
11946120701,_PK-D-KHI-NBO-EN_exact,regional,PAUSED,PRESENCE,PRESENCE
11949512071,_PK-D-KHI-NBO-EN_phrase,regional,PAUSED,PRESENCE,PRESENCE
11949507994,_PK-D-KHI-NCE-EN_exact,long-haul,PAUSED,PRESENCE,PRESENCE
11946128609,_PK-D-KHI-NCE-EN_phrase,long-haul,PAUSED,PRESENCE,PRESENCE
11946116072,_PK-D-KHI-NJF-EN_exact,regional,PAUSED,PRESENCE,PRESENCE
11945111514,_PK-D-KHI-NJF-EN_phrase,regional,PAUSED,PRESENCE,PRESENCE
11946117596,_PK-D-KHI-NRT-EN_exact,regional,PAUSED,PRESENCE,PRESENCE
11949502015,_PK-D-KHI-NRT-EN_phrase,regional,PAUSED,PRESENCE,PRESENCE
20706336414,_PK-D-KHI-NUM-EN_exact,regional,PAUSED,PRESENCE_OR_INTEREST,PRESENCE
11949502723,_PK-D-KHI-NYC-EN_exact,long-haul,PAUSED,PRESENCE,PRESENCE
11949507973,_PK-D-KHI-NYC-EN_phrase,long-haul,PAUSED,PRESENCE,PRESENCE
11946132905,_PK-D-KHI-ORD-EN_exact,long-haul,PAUSED,PRESENCE,PRESENCE
11949507817,_PK-D-KHI-ORD-EN_phrase,long-haul,PAUSED,PRESENCE,PRESENCE
11949496009,_PK-D-KHI-OSL-EN_exact,long-haul,PAUSED,PRESENCE,PRESENCE
11949494332,_PK-D-KHI-OSL-EN_phrase,long-haul,PAUSED,PRESENCE,PRESENCE
11946131681,_PK-D-KHI-OTP-EN_exact,long-haul,PAUSED,PRESENCE,PRESENCE
11946120935,_PK-D-KHI-OTP-EN_phrase,long-haul,PAUSED,PRESENCE,PRESENCE
11949511870,_PK-D-KHI-PAR-EN_exact,long-haul,PAUSED,PRESENCE,PRESENCE
11949502735,_PK-D-KHI-PAR-EN_phrase,long-haul,PAUSED,PRESENCE,PRESENCE
17816807023,_PK-D-KHI-PDX-EN_exact,long-haul,PAUSED,PRESENCE_OR_INTEREST,PRESENCE
17815641981,_PK-D-KHI-PDX-EN_phrase,long-haul,PAUSED,PRESENCE_OR_INTEREST,PRESENCE
11946125897,_PK-D-KHI-PEK-EN_exact,regional,PAUSED,PRESENCE,PRESENCE
11946129344,_PK-D-KHI-PEK-EN_phrase,regional,PAUSED,PRESENCE,PRESENCE
12308148889,_PK-D-KHI-PEN-EN_exact,regional,PAUSED,PRESENCE,PRESENCE
12308149321,_PK-D-KHI-PEN-EN_phrase,regional,PAUSED,PRESENCE,PRESENCE
12051878143,_PK-D-KHI-PER-EN_exact,long-haul,PAUSED,PRESENCE,PRESENCE
12051877360,_PK-D-KHI-PER-EN_phrase,long-haul,PAUSED,PRESENCE,PRESENCE
11946131687,_PK-D-KHI-PHL-EN_exact,long-haul,PAUSED,PRESENCE,PRESENCE
11949509503,_PK-D-KHI-PHL-EN_phrase,long-haul,PAUSED,PRESENCE,PRESENCE
17815688376,_PK-D-KHI-PHX-EN_exact,long-haul,PAUSED,PRESENCE_OR_INTEREST,PRESENCE
17816807194,_PK-D-KHI-PHX-EN_phrase,long-haul,PAUSED,PRESENCE_OR_INTEREST,PRESENCE
11946125729,_PK-D-KHI-PRG-EN_exact,long-haul,PAUSED,PRESENCE,PRESENCE
11946131720,_PK-D-KHI-PRG-EN_phrase,long-haul,PAUSED,PRESENCE,PRESENCE
11949507736,_PK-D-KHI-PVG-EN_exact,regional,PAUSED,PRESENCE,PRESENCE
11945117934,_PK-D-KHI-PVG-EN_phrase,regional,PAUSED,PRESENCE,PRESENCE
11949494527,_PK-D-KHI-RAK-EN_exact,regional,PAUSED,PRESENCE,PRESENCE
11946120629,_PK-D-KHI-RAK-EN_phrase,regional,PAUSED,PRESENCE,PRESENCE
11946131648,_PK-D-KHI-RBA-EN_phrase,regional,PAUSED,PRESENCE,PRESENCE
17816808457,_PK-D-KHI-RDU-EN_exact,long-haul,PAUSED,PRESENCE_OR_INTEREST,PRESENCE
17815640583,_PK-D-KHI-RDU-EN_phrase,long-haul,PAUSED,PRESENCE_OR_INTEREST,PRESENCE
20075025569,_PK-D-KHI-RKT-EN_exact,regional,PAUSED,PRESENCE_OR_INTEREST,PRESENCE
12051877345,_PK-D-KHI-RUH-EN_exact,regional,PAUSED,PRESENCE,PRESENCE
12051876862,_PK-D-KHI-RUH-EN_phrase,regional,PAUSED,PRESENCE,PRESENCE
17815662867,_PK-D-KHI-SAN-EN_phrase,long-haul,PAUSED,PRESENCE_OR_INTEREST,PRESENCE
11946128618,_PK-D-KHI-SAW-EN_exact,regional,PAUSED,PRESENCE,PRESENCE
11946117032,_PK-D-KHI-SAW-EN_phrase,regional,PAUSED,PRESENCE,PRESENCE
11408656256,_PK-D-KHI-SEA-EN_exact,long-haul,PAUSED,PRESENCE,PRESENCE
11408655995,_PK-D-KHI-SEA-EN_phrase,long-haul,PAUSED,PRESENCE,PRESENCE
11382622730,_PK-D-KHI-SFO-EN_exact,long-haul,PAUSED,PRESENCE,PRESENCE
11382622718,_PK-D-KHI-SFO-EN_phrase,long-haul,PAUSED,PRESENCE,PRESENCE
13414103260,_PK-D-KHI-SHJ-EN_exact,regional,PAUSED,PRESENCE_OR_INTEREST,PRESENCE
13414103407,_PK-D-KHI-SHJ-EN_phrase,regional,PAUSED,PRESENCE_OR_INTEREST,PRESENCE
11946116102,_PK-D-KHI-SIN-EN_exact,regional,PAUSED,PRESENCE,PRESENCE
11945112441,_PK-D-KHI-SIN-EN_phrase,regional,PAUSED,PRESENCE,PRESENCE
11949510166,_PK-D-KHI-SKP-EN_phrase,regional,PAUSED,PRESENCE,PRESENCE
11946120686,_PK-D-KHI-SLL-EN_exact,regional,PAUSED,PRESENCE,PRESENCE
11946132950,_PK-D-KHI-SLL-EN_phrase,regional,PAUSED,PRESENCE,PRESENCE
11946126395,_PK-D-KHI-SOF-EN_phrase,long-haul,PAUSED,PRESENCE,PRESENCE
15021538792,_PK-D-KHI-SVO-EN_exact,regional,PAUSED,PRESENCE_OR_INTEREST,PRESENCE
15021538690,_PK-D-KHI-SVO-EN_phrase,regional,PAUSED,PRESENCE_OR_INTEREST,PRESENCE
12051876655,_PK-D-KHI-SYD-EN_exact,long-haul,PAUSED,PRESENCE,PRESENCE
12051877372,_PK-D-KHI-SYD-EN_phrase,long-haul,PAUSED,PRESENCE,PRESENCE
11945112225,_PK-D-KHI-TBS-EN_exact,regional,PAUSED,PRESENCE,PRESENCE
11946116825,_PK-D-KHI-TBS-EN_phrase,regional,PAUSED,PRESENCE,PRESENCE
17815663362,_PK-D-KHI-TLL-EN_phrase,long-haul,PAUSED,PRESENCE_OR_INTEREST,PRESENCE
20075025578,_PK-D-KHI-TLS-EN_phrase,long-haul,PAUSED,PRESENCE_OR_INTEREST,PRESENCE
11949494299,_PK-D-KHI-TUN-EN_exact,regional,PAUSED,PRESENCE,PRESENCE
11946116384,_PK-D-KHI-TUN-EN_phrase,regional,PAUSED,PRESENCE,PRESENCE
12051876664,_PK-D-KHI-TUU-EN_phrase,regional,PAUSED,PRESENCE,PRESENCE
11946131690,_PK-D-KHI-TXL-EN_exact,long-haul,PAUSED,PRESENCE,PRESENCE
11945111439,_PK-D-KHI-TXL-EN_phrase,long-haul,PAUSED,PRESENCE,PRESENCE
11949496441,_PK-D-KHI-TYO-EN_exact,regional,PAUSED,PRESENCE,PRESENCE
11946117026,_PK-D-KHI-TYO-EN_phrase,regional,PAUSED,PRESENCE,PRESENCE
20642642799,_PK-D-KHI-ULH-EN_phrase,regional,PAUSED,PRESENCE_OR_INTEREST,PRESENCE
11949494578,_PK-D-KHI-VCE-EN_exact,long-haul,PAUSED,PRESENCE,PRESENCE
11945112153,_PK-D-KHI-VCE-EN_phrase,long-haul,PAUSED,PRESENCE,PRESENCE
11945112171,_PK-D-KHI-VIE-EN_exact,long-haul,PAUSED,PRESENCE,PRESENCE
11946116381,_PK-D-KHI-VIE-EN_phrase,long-haul,PAUSED,PRESENCE,PRESENCE
11945111472,_PK-D-KHI-WAW-EN_exact,long-haul,PAUSED,PRESENCE,PRESENCE
11949508213,_PK-D-KHI-WAW-EN_phrase,long-haul,PAUSED,PRESENCE,PRESENCE
11949509707,_PK-D-KHI-WDH-EN_phrase,regional,PAUSED,PRESENCE,PRESENCE
20645230275,_PK-D-KHI-YNB-EN_exact,regional,PAUSED,PRESENCE_OR_INTEREST,PRESENCE
11945118606,_PK-D-KHI-YUL-EN_exact,long-haul,PAUSED,PRESENCE,PRESENCE
11946125714,_PK-D-KHI-YUL-EN_phrase,long-haul,PAUSED,PRESENCE,PRESENCE
11408656265,_PK-D-KHI-YVR-EN_exact,long-haul,PAUSED,PRESENCE,PRESENCE
11408656244,_PK-D-KHI-YVR-EN_phrase,long-haul,PAUSED,PRESENCE,PRESENCE
11408656022,_PK-D-KHI-YYC-EN_exact,long-haul,PAUSED,PRESENCE,PRESENCE
11408656001,_PK-D-KHI-YYC-EN_phrase,long-haul,PAUSED,PRESENCE,PRESENCE
11945111739,_PK-D-KHI-YYZ-EN_exact,long-haul,PAUSED,PRESENCE,PRESENCE
11945101089,_PK-D-KHI-YYZ-EN_phrase,long-haul,PAUSED,PRESENCE,PRESENCE
17816807035,_PK-D-KHI-ZAG-EN_exact,long-haul,PAUSED,PRESENCE_OR_INTEREST,PRESENCE
17815662708,_PK-D-KHI-ZAG-EN_phrase,long-haul,PAUSED,PRESENCE_OR_INTEREST,PRESENCE
17816806948,_PK-D-KHI-ZNZ-EN_exact,regional,PAUSED,PRESENCE_OR_INTEREST,PRESENCE
17824328321,_PK-D-KHI-ZNZ-EN_phrase,regional,PAUSED,PRESENCE_OR_INTEREST,PRESENCE
11946129977,_PK-D-KHI-ZRH-EN_exact,long-haul,PAUSED,PRESENCE,PRESENCE
11945103282,_PK-D-KHI-ZRH-EN_phrase,long-haul,PAUSED,PRESENCE,PRESENCE
17815663371,_PK-D-LHE-ABZ-EN_exact,UK+IE (outside brief list),PAUSED,PRESENCE_OR_INTEREST,PRESENCE
17824320845,_PK-D-LHE-ABZ-EN_phrase,UK+IE (outside brief list),PAUSED,PRESENCE_OR_INTEREST,PRESENCE
12308148931,_PK-D-LHE-ADL-EN_exact,long-haul,PAUSED,PRESENCE,PRESENCE
12308149357,_PK-D-LHE-ADL-EN_phrase,long-haul,PAUSED,PRESENCE,PRESENCE
11946130061,_PK-D-LHE-AGP-EN_exact,long-haul,PAUSED,PRESENCE,PRESENCE
11949502282,_PK-D-LHE-AGP-EN_phrase,long-haul,PAUSED,PRESENCE,PRESENCE
12308149117,_PK-D-LHE-AKL-EN_exact,long-haul,PAUSED,PRESENCE,PRESENCE
12308148928,_PK-D-LHE-AKL-EN_phrase,long-haul,PAUSED,PRESENCE,PRESENCE
11945118222,_PK-D-LHE-ALG-EN_phrase,regional,PAUSED,PRESENCE,PRESENCE
11945115282,_PK-D-LHE-AMM-EN_exact,regional,PAUSED,PRESENCE,PRESENCE
11949502693,_PK-D-LHE-AMS-EN_exact,long-haul,PAUSED,PRESENCE,PRESENCE
11949509209,_PK-D-LHE-AMS-EN_phrase,long-haul,PAUSED,PRESENCE,PRESENCE
11949509440,_PK-D-LHE-ARN-EN_exact,long-haul,PAUSED,PRESENCE,PRESENCE
11946132899,_PK-D-LHE-ARN-EN_phrase,long-haul,PAUSED,PRESENCE,PRESENCE
11946130025,_PK-D-LHE-ATH-EN_exact,long-haul,PAUSED,PRESENCE,PRESENCE
11945115723,_PK-D-LHE-ATH-EN_phrase,long-haul,PAUSED,PRESENCE,PRESENCE
11946120452,_PK-D-LHE-ATL-EN_exact,long-haul,PAUSED,PRESENCE,PRESENCE
11946133166,_PK-D-LHE-ATL-EN_phrase,long-haul,PAUSED,PRESENCE,PRESENCE
12047795021,_PK-D-LHE-AUH-EN_exact,regional,PAUSED,PRESENCE,PRESENCE
12051876394,_PK-D-LHE-AUH-EN_phrase,regional,PAUSED,PRESENCE,PRESENCE
17815662387,_PK-D-LHE-AUS-EN_exact,long-haul,PAUSED,PRESENCE_OR_INTEREST,PRESENCE
17816808193,_PK-D-LHE-AUS-EN_phrase,long-haul,PAUSED,PRESENCE_OR_INTEREST,PRESENCE
11946116084,_PK-D-LHE-AYT-EN_exact,regional,PAUSED,PRESENCE,PRESENCE
11946129044,_PK-D-LHE-AYT-EN_phrase,regional,PAUSED,PRESENCE,PRESENCE
12051878338,_PK-D-LHE-BAH-EN_exact,regional,PAUSED,PRESENCE,PRESENCE
12051876850,_PK-D-LHE-BAH-EN_phrase,regional,PAUSED,PRESENCE,PRESENCE
11949494155,_PK-D-LHE-BCN-EN_exact,long-haul,PAUSED,PRESENCE,PRESENCE
11945100708,_PK-D-LHE-BCN-EN_phrase,long-haul,PAUSED,PRESENCE,PRESENCE
17816807017,_PK-D-LHE-BEG-EN_exact,long-haul,PAUSED,PRESENCE_OR_INTEREST,PRESENCE
17824284653,_PK-D-LHE-BEG-EN_phrase,long-haul,PAUSED,PRESENCE_OR_INTEREST,PRESENCE
11949509407,_PK-D-LHE-BER-EN_exact,long-haul,PAUSED,PRESENCE,PRESENCE
11949509722,_PK-D-LHE-BER-EN_phrase,long-haul,PAUSED,PRESENCE,PRESENCE
17824284698,_PK-D-LHE-BGO-EN_phrase,long-haul,PAUSED,PRESENCE_OR_INTEREST,PRESENCE
11946129809,_PK-D-LHE-BGW-EN_exact,regional,PAUSED,PRESENCE,PRESENCE
11946126209,_PK-D-LHE-BGW-EN_phrase,regional,PAUSED,PRESENCE,PRESENCE
17815640580,_PK-D-LHE-BHD-EN_exact,UK+IE (outside brief list),PAUSED,PRESENCE_OR_INTEREST,PRESENCE
17815691925,_PK-D-LHE-BHD-EN_phrase,UK+IE (outside brief list),PAUSED,PRESENCE_OR_INTEREST,PRESENCE
11945111679,_PK-D-LHE-BHX-EN_exact,UK+IE rest,PAUSED,PRESENCE,PRESENCE
11946133133,_PK-D-LHE-BHX-EN_phrase,UK+IE rest,PAUSED,PRESENCE,PRESENCE
11945111262,_PK-D-LHE-BKK-EN_exact,regional,PAUSED,PRESENCE,PRESENCE
11946125738,_PK-D-LHE-BKK-EN_phrase,regional,PAUSED,PRESENCE,PRESENCE
17815641279,_PK-D-LHE-BNE-EN_exact,long-haul,PAUSED,PRESENCE_OR_INTEREST,PRESENCE
11949502516,_PK-D-LHE-BOS-EN_exact,long-haul,PAUSED,PRESENCE,PRESENCE
11946117737,_PK-D-LHE-BOS-EN_phrase,long-haul,PAUSED,PRESENCE,PRESENCE
11945118138,_PK-D-LHE-BRU-EN_exact,long-haul,PAUSED,PRESENCE,PRESENCE
11949494131,_PK-D-LHE-BRU-EN_phrase,long-haul,PAUSED,PRESENCE,PRESENCE
11949510205,_PK-D-LHE-BSR-EN_phrase,regional,PAUSED,PRESENCE,PRESENCE
11945111277,_PK-D-LHE-BUD-EN_exact,long-haul,PAUSED,PRESENCE,PRESENCE
11949509185,_PK-D-LHE-BUD-EN_phrase,long-haul,PAUSED,PRESENCE,PRESENCE
12051878374,_PK-D-LHE-CAI-EN_exact,regional,PAUSED,PRESENCE,PRESENCE
12047795477,_PK-D-LHE-CAI-EN_phrase,regional,PAUSED,PRESENCE,PRESENCE
11946116297,_PK-D-LHE-CAN-EN_exact,regional,PAUSED,PRESENCE,PRESENCE
11949509239,_PK-D-LHE-CAN-EN_phrase,regional,PAUSED,PRESENCE,PRESENCE
12051876844,_PK-D-LHE-CBR-EN_exact,long-haul,PAUSED,PRESENCE,PRESENCE
12051876904,_PK-D-LHE-CBR-EN_phrase,long-haul,PAUSED,PRESENCE,PRESENCE
11946132716,_PK-D-LHE-CDG-EN_exact,long-haul,PAUSED,PRESENCE,PRESENCE
11946133124,_PK-D-LHE-CDG-EN_phrase,long-haul,PAUSED,PRESENCE,PRESENCE
11945103507,_PK-D-LHE-CGK-EN_exact,regional,PAUSED,PRESENCE,PRESENCE
11945111991,_PK-D-LHE-CGK-EN_phrase,regional,PAUSED,PRESENCE,PRESENCE
11949502069,_PK-D-LHE-CHI-EN_exact,long-haul,PAUSED,PRESENCE,PRESENCE
11949509902,_PK-D-LHE-CHI-EN_phrase,long-haul,PAUSED,PRESENCE,PRESENCE
17815658124,_PK-D-LHE-CLE-EN_phrase,long-haul,PAUSED,PRESENCE_OR_INTEREST,PRESENCE
17816808622,_PK-D-LHE-CLT-EN_exact,long-haul,PAUSED,PRESENCE_OR_INTEREST,PRESENCE
11945112471,_PK-D-LHE-CMN-EN_phrase,regional,PAUSED,PRESENCE,PRESENCE
11945118705,_PK-D-LHE-CNX-EN_exact,regional,PAUSED,PRESENCE,PRESENCE
11946126173,_PK-D-LHE-CNX-EN_phrase,regional,PAUSED,PRESENCE,PRESENCE
11946132671,_PK-D-LHE-CPH-EN_exact,long-haul,PAUSED,PRESENCE,PRESENCE
11946129266,_PK-D-LHE-CPH-EN_phrase,long-haul,PAUSED,PRESENCE,PRESENCE
11946125741,_PK-D-LHE-CPT-EN_exact,regional,PAUSED,PRESENCE,PRESENCE
11946129827,_PK-D-LHE-CPT-EN_phrase,regional,PAUSED,PRESENCE,PRESENCE
11949507775,_PK-D-LHE-CTU-EN_exact,regional,PAUSED,PRESENCE,PRESENCE
11946128792,_PK-D-LHE-CTU-EN_phrase,regional,PAUSED,PRESENCE,PRESENCE
11946130046,_PK-D-LHE-DAR-EN_phrase,regional,PAUSED,PRESENCE,PRESENCE
17815641048,_PK-D-LHE-DEN-EN_exact,long-haul,PAUSED,PRESENCE_OR_INTEREST,PRESENCE
11946131501,_PK-D-LHE-DFW-EN_exact,long-haul,PAUSED,PRESENCE,PRESENCE
11949510121,_PK-D-LHE-DFW-EN_phrase,long-haul,PAUSED,PRESENCE,PRESENCE
11949502948,_PK-D-LHE-DME-EN_exact,regional,PAUSED,PRESENCE,PRESENCE
11946130448,_PK-D-LHE-DME-EN_phrase,regional,PAUSED,PRESENCE,PRESENCE
12051877177,_PK-D-LHE-DMM-EN_exact,regional,PAUSED,PRESENCE,PRESENCE
12051876892,_PK-D-LHE-DMM-EN_phrase,regional,PAUSED,PRESENCE,PRESENCE
11949502999,_PK-D-LHE-DOH-EN_exact,regional,PAUSED,PRESENCE,PRESENCE
11946120881,_PK-D-LHE-DOH-EN_phrase,regional,PAUSED,PRESENCE,PRESENCE
11949508225,_PK-D-LHE-DPS-EN_exact,regional,PAUSED,PRESENCE,PRESENCE
11945112468,_PK-D-LHE-DPS-EN_phrase,regional,PAUSED,PRESENCE,PRESENCE
11408656055,_PK-D-LHE-DTW-EN_phrase,long-haul,PAUSED,PRESENCE,PRESENCE
11946125498,_PK-D-LHE-DUB-EN_exact,UK+IE rest,PAUSED,PRESENCE,PRESENCE
11945115573,_PK-D-LHE-DUB-EN_phrase,UK+IE rest,PAUSED,PRESENCE,PRESENCE
11949502231,_PK-D-LHE-DUR-EN_exact,regional,PAUSED,PRESENCE,PRESENCE
11949494092,_PK-D-LHE-DUR-EN_phrase,regional,PAUSED,PRESENCE,PRESENCE
17777570392,_PK-D-LHE-DUS-EN_exact,long-haul,PAUSED,PRESENCE_OR_INTEREST,PRESENCE
11946117548,_PK-D-LHE-DVO-EN_exact,regional,PAUSED,PRESENCE,PRESENCE
12051876925,_PK-D-LHE-DXB-EN_exact,regional,PAUSED,PRESENCE,PRESENCE
12051878536,_PK-D-LHE-DXB-EN_phrase,regional,PAUSED,PRESENCE,PRESENCE
11949502741,_PK-D-LHE-EBB-EN_phrase,regional,PAUSED,PRESENCE,PRESENCE
11945115480,_PK-D-LHE-EBL-EN_phrase,regional,PAUSED,PRESENCE,PRESENCE
17815641750,_PK-D-LHE-ECN-EN_phrase,long-haul,PAUSED,PRESENCE_OR_INTEREST,PRESENCE
11946125888,_PK-D-LHE-EDI-EN_exact,UK+IE rest,PAUSED,PRESENCE,PRESENCE
11946131699,_PK-D-LHE-EDI-EN_phrase,UK+IE rest,PAUSED,PRESENCE,PRESENCE
17815688076,_PK-D-LHE-ELQ-EN_exact,regional,PAUSED,PRESENCE_OR_INTEREST,PRESENCE
17816827369,_PK-D-LHE-ELQ-EN_phrase,regional,PAUSED,PRESENCE_OR_INTEREST,PRESENCE
11946131696,_PK-D-LHE-ESB-EN_exact,regional,PAUSED,PRESENCE,PRESENCE
11946117581,_PK-D-LHE-ESB-EN_phrase,regional,PAUSED,PRESENCE,PRESENCE
11946120944,_PK-D-LHE-EZE-EN_exact,regional,PAUSED,PRESENCE,PRESENCE
11946129245,_PK-D-LHE-EZE-EN_phrase,regional,PAUSED,PRESENCE,PRESENCE
11946117800,_PK-D-LHE-FCO-EN_exact,long-haul,PAUSED,PRESENCE,PRESENCE
11949496003,_PK-D-LHE-FCO-EN_phrase,long-haul,PAUSED,PRESENCE,PRESENCE
11945115543,_PK-D-LHE-FRA-EN_exact,long-haul,PAUSED,PRESENCE,PRESENCE
11946116633,_PK-D-LHE-FRA-EN_phrase,long-haul,PAUSED,PRESENCE,PRESENCE
17816806993,_PK-D-LHE-GLA-EN_exact,UK+IE (outside brief list),PAUSED,PRESENCE_OR_INTEREST,PRESENCE
17815658340,_PK-D-LHE-GLA-EN_phrase,UK+IE (outside brief list),PAUSED,PRESENCE_OR_INTEREST,PRESENCE
11945118456,_PK-D-LHE-GOT-EN_exact,long-haul,PAUSED,PRESENCE,PRESENCE
11949502945,_PK-D-LHE-GRU-EN_phrase,regional,PAUSED,PRESENCE,PRESENCE
11946117359,_PK-D-LHE-GVA-EN_exact,long-haul,PAUSED,PRESENCE,PRESENCE
11946121373,_PK-D-LHE-GVA-EN_phrase,long-haul,PAUSED,PRESENCE,PRESENCE
11946126122,_PK-D-LHE-GYD-EN_exact,regional,PAUSED,PRESENCE,PRESENCE
11946125669,_PK-D-LHE-GYD-EN_phrase,regional,PAUSED,PRESENCE,PRESENCE
11946117551,_PK-D-LHE-HEL-EN_exact,long-haul,PAUSED,PRESENCE,PRESENCE
11946116285,_PK-D-LHE-HEL-EN_phrase,long-haul,PAUSED,PRESENCE,PRESENCE
11946117014,_PK-D-LHE-HGH-EN_exact,regional,PAUSED,PRESENCE,PRESENCE
11946116801,_PK-D-LHE-HGH-EN_phrase,regional,PAUSED,PRESENCE,PRESENCE
11946131507,_PK-D-LHE-HKG-EN_exact,regional,PAUSED,PRESENCE,PRESENCE
11946130016,_PK-D-LHE-HKG-EN_phrase,regional,PAUSED,PRESENCE,PRESENCE
11949494608,_PK-D-LHE-HKT-EN_exact,regional,PAUSED,PRESENCE,PRESENCE
11946116603,_PK-D-LHE-HKT-EN_phrase,regional,PAUSED,PRESENCE,PRESENCE
11949510148,_PK-D-LHE-HND-EN_exact,regional,PAUSED,PRESENCE,PRESENCE
11945115741,_PK-D-LHE-HND-EN_phrase,regional,PAUSED,PRESENCE,PRESENCE
14053516706,_PK-D-LHE-HRE-EN_exact,regional,PAUSED,PRESENCE_OR_INTEREST,PRESENCE
11945118411,_PK-D-LHE-IAD-EN_exact,long-haul,PAUSED,PRESENCE,PRESENCE
11949502252,_PK-D-LHE-IAD-EN_phrase,long-haul,PAUSED,PRESENCE,PRESENCE
11946129743,_PK-D-LHE-IAH-EN_exact,long-haul,PAUSED,PRESENCE,PRESENCE
11946130280,_PK-D-LHE-IAH-EN_phrase,long-haul,PAUSED,PRESENCE,PRESENCE
11946129821,_PK-D-LHE-ICN-EN_exact,regional,PAUSED,PRESENCE,PRESENCE
11946129014,_PK-D-LHE-ICN-EN_phrase,regional,PAUSED,PRESENCE,PRESENCE
11949502696,_PK-D-LHE-IST-EN_exact,regional,PAUSED,PRESENCE,PRESENCE
11946131426,_PK-D-LHE-IST-EN_phrase,regional,PAUSED,PRESENCE,PRESENCE
11946131480,_PK-D-LHE-ISU-EN_phrase,regional,PAUSED,PRESENCE,PRESENCE
12051876640,_PK-D-LHE-JED-EN_exact,regional,PAUSED,PRESENCE,PRESENCE
12047795036,_PK-D-LHE-JED-EN_phrase,regional,PAUSED,PRESENCE,PRESENCE
11949494326,_PK-D-LHE-JFK-EN_exact,long-haul,PAUSED,PRESENCE,PRESENCE
11949494044,_PK-D-LHE-JFK-EN_phrase,long-haul,PAUSED,PRESENCE,PRESENCE
11946131957,_PK-D-LHE-JNB-EN_exact,regional,PAUSED,PRESENCE,PRESENCE
11945111757,_PK-D-LHE-JNB-EN_phrase,regional,PAUSED,PRESENCE,PRESENCE
16699743025,_PK-D-LHE-JTR-EN_exact,long-haul,PAUSED,PRESENCE_OR_INTEREST,PRESENCE
16699742851,_PK-D-LHE-JTR-EN_phrase,long-haul,PAUSED,PRESENCE_OR_INTEREST,PRESENCE
11945111517,_PK-D-LHE-KBP-EN_phrase,regional,PAUSED,PRESENCE,PRESENCE
11946133130,_PK-D-LHE-KBV-EN_phrase,regional,PAUSED,PRESENCE,PRESENCE
11946125213,_PK-D-LHE-KGL-EN_phrase,regional,PAUSED,PRESENCE,PRESENCE
11946131474,_PK-D-LHE-KIX-EN_phrase,regional,PAUSED,PRESENCE,PRESENCE
11946129254,_PK-D-LHE-KUL-EN_exact,regional,PAUSED,PRESENCE,PRESENCE
11946131456,_PK-D-LHE-KUL-EN_phrase,regional,PAUSED,PRESENCE,PRESENCE
11946129980,_PK-D-LHE-KWI-EN_exact,regional,PAUSED,PRESENCE,PRESENCE
11945100930,_PK-D-LHE-KWI-EN_phrase,regional,PAUSED,PRESENCE,PRESENCE
11945101155,_PK-D-LHE-LAX-EN_exact,long-haul,PAUSED,PRESENCE,PRESENCE
11945115792,_PK-D-LHE-LAX-EN_phrase,long-haul,PAUSED,PRESENCE,PRESENCE
11945103333,_PK-D-LHE-LCA-EN_exact,long-haul,PAUSED,PRESENCE,PRESENCE
11946130238,_PK-D-LHE-LCA-EN_phrase,long-haul,PAUSED,PRESENCE,PRESENCE
11946125936,_PK-D-LHE-LED-EN_exact,regional,PAUSED,PRESENCE,PRESENCE
11945100957,_PK-D-LHE-LED-EN_phrase,regional,PAUSED,PRESENCE,PRESENCE
11949509449,_PK-D-LHE-LGK-EN_exact,regional,PAUSED,PRESENCE,PRESENCE
11949507832,_PK-D-LHE-LGK-EN_phrase,regional,PAUSED,PRESENCE,PRESENCE
11946125930,_PK-D-LHE-LGW-EN_exact,UK+IE rest,PAUSED,PRESENCE,PRESENCE
11949502978,_PK-D-LHE-LGW-EN_phrase,UK+IE rest,PAUSED,PRESENCE,PRESENCE
11949511660,_PK-D-LHE-LHR-EN_exact,UK+IE rest,PAUSED,PRESENCE,PRESENCE
11945103306,_PK-D-LHE-LHR-EN_phrase,UK+IE rest,PAUSED,PRESENCE,PRESENCE
12047795756,_PK-D-LHE-LIS-EN_exact,long-haul,PAUSED,PRESENCE,PRESENCE
12051877339,_PK-D-LHE-LIS-EN_phrase,long-haul,PAUSED,PRESENCE,PRESENCE
11945103774,_PK-D-LHE-LON-EN_exact,UK+IE (outside brief list),PAUSED,PRESENCE,PRESENCE
11949509881,_PK-D-LHE-LON-EN_phrase,UK+IE (outside brief list),PAUSED,PRESENCE,PRESENCE
11945103480,_PK-D-LHE-LOS-EN_exact,regional,PAUSED,PRESENCE,PRESENCE
11949507595,_PK-D-LHE-LOS-EN_phrase,regional,PAUSED,PRESENCE,PRESENCE
17815641780,_PK-D-LHE-LUN-EN_exact,regional,PAUSED,PRESENCE_OR_INTEREST,PRESENCE
17816818789,_PK-D-LHE-LUN-EN_phrase,regional,PAUSED,PRESENCE_OR_INTEREST,PRESENCE
11946129317,_PK-D-LHE-LUX-EN_exact,long-haul,PAUSED,PRESENCE,PRESENCE
11946117788,_PK-D-LHE-LUX-EN_phrase,long-haul,PAUSED,PRESENCE,PRESENCE
11949507574,_PK-D-LHE-MAD-EN_exact,long-haul,PAUSED,PRESENCE,PRESENCE
11949493918,_PK-D-LHE-MAN-EN_exact,UK+IE rest,PAUSED,PRESENCE,PRESENCE
11949508231,_PK-D-LHE-MAN-EN_phrase,UK+IE rest,PAUSED,PRESENCE,PRESENCE
11949494350,_PK-D-LHE-MBA-EN_exact,regional,PAUSED,PRESENCE,PRESENCE
11946117554,_PK-D-LHE-MCT-EN_exact,regional,PAUSED,PRESENCE,PRESENCE
11946132668,_PK-D-LHE-MCT-EN_phrase,regional,PAUSED,PRESENCE,PRESENCE
12051878287,_PK-D-LHE-MED-EN_phrase,regional,PAUSED,PRESENCE,PRESENCE
12047795447,_PK-D-LHE-MEL-EN_exact,long-haul,PAUSED,PRESENCE,PRESENCE
12051876682,_PK-D-LHE-MEL-EN_phrase,long-haul,PAUSED,PRESENCE,PRESENCE
11946117740,_PK-D-LHE-MGQ-EN_phrase,regional,PAUSED,PRESENCE,PRESENCE
11945118132,_PK-D-LHE-MIA-EN_exact,long-haul,PAUSED,PRESENCE,PRESENCE
11946131459,_PK-D-LHE-MIA-EN_phrase,long-haul,PAUSED,PRESENCE,PRESENCE
11946116540,_PK-D-LHE-MLA-EN_exact,long-haul,PAUSED,PRESENCE,PRESENCE
11949493858,_PK-D-LHE-MLA-EN_phrase,long-haul,PAUSED,PRESENCE,PRESENCE
11946120428,_PK-D-LHE-MLE-EN_exact,regional,PAUSED,PRESENCE,PRESENCE
11946125990,_PK-D-LHE-MLE-EN_phrase,regional,PAUSED,PRESENCE,PRESENCE
11946133115,_PK-D-LHE-MNL-EN_exact,regional,PAUSED,PRESENCE,PRESENCE
11949509752,_PK-D-LHE-MNL-EN_phrase,regional,PAUSED,PRESENCE,PRESENCE
11946116348,_PK-D-LHE-MOW-EN_exact,regional,PAUSED,PRESENCE,PRESENCE
11945118603,_PK-D-LHE-MOW-EN_phrase,regional,PAUSED,PRESENCE,PRESENCE
11945103576,_PK-D-LHE-MPM-EN_phrase,regional,PAUSED,PRESENCE,PRESENCE
17815663131,_PK-D-LHE-MSP-EN_exact,long-haul,PAUSED,PRESENCE_OR_INTEREST,PRESENCE
17816807515,_PK-D-LHE-MSP-EN_phrase,long-haul,PAUSED,PRESENCE_OR_INTEREST,PRESENCE
11945112426,_PK-D-LHE-MUC-EN_exact,long-haul,PAUSED,PRESENCE,PRESENCE
11949510160,_PK-D-LHE-MUC-EN_phrase,long-haul,PAUSED,PRESENCE,PRESENCE
11946116366,_PK-D-LHE-MXP-EN_exact,long-haul,PAUSED,PRESENCE,PRESENCE
11945111430,_PK-D-LHE-MXP-EN_phrase,long-haul,PAUSED,PRESENCE,PRESENCE
11945118171,_PK-D-LHE-NBO-EN_exact,regional,PAUSED,PRESENCE,PRESENCE
11946129542,_PK-D-LHE-NBO-EN_phrase,regional,PAUSED,PRESENCE,PRESENCE
11949509980,_PK-D-LHE-NCE-EN_phrase,long-haul,PAUSED,PRESENCE,PRESENCE
17815691907,_PK-D-LHE-NCL-EN_exact,UK+IE (outside brief list),PAUSED,PRESENCE_OR_INTEREST,PRESENCE
17816807008,_PK-D-LHE-NCL-EN_phrase,UK+IE (outside brief list),PAUSED,PRESENCE_OR_INTEREST,PRESENCE
11949496294,_PK-D-LHE-NJF-EN_exact,regional,PAUSED,PRESENCE,PRESENCE
11949496054,_PK-D-LHE-NJF-EN_phrase,regional,PAUSED,PRESENCE,PRESENCE
11946130241,_PK-D-LHE-NRT-EN_exact,regional,PAUSED,PRESENCE,PRESENCE
11949501970,_PK-D-LHE-NRT-EN_phrase,regional,PAUSED,PRESENCE,PRESENCE
20706336399,_PK-D-LHE-NUM-EN_exact,regional,PAUSED,PRESENCE_OR_INTEREST,PRESENCE
20706336426,_PK-D-LHE-NUM-EN_phrase,regional,PAUSED,PRESENCE_OR_INTEREST,PRESENCE
11949509914,_PK-D-LHE-NYC-EN_exact,long-haul,PAUSED,PRESENCE,PRESENCE
11945118672,_PK-D-LHE-NYC-EN_phrase,long-haul,PAUSED,PRESENCE,PRESENCE
15410607003,_PK-D-LHE-ODS-EN_phrase,regional,PAUSED,PRESENCE_OR_INTEREST,PRESENCE
11945115315,_PK-D-LHE-ORD-EN_exact,long-haul,PAUSED,PRESENCE,PRESENCE
11946116315,_PK-D-LHE-ORD-EN_phrase,long-haul,PAUSED,PRESENCE,PRESENCE
17815688595,_PK-D-LHE-ORK-EN_phrase,UK+IE (outside brief list),PAUSED,PRESENCE_OR_INTEREST,PRESENCE
11945118219,_PK-D-LHE-OSL-EN_exact,long-haul,PAUSED,PRESENCE,PRESENCE
11946132845,_PK-D-LHE-OSL-EN_phrase,long-haul,PAUSED,PRESENCE,PRESENCE
11946125693,_PK-D-LHE-OTP-EN_exact,long-haul,PAUSED,PRESENCE,PRESENCE
11949509218,_PK-D-LHE-OTP-EN_phrase,long-haul,PAUSED,PRESENCE,PRESENCE
17815662405,_PK-D-LHE-OUL-EN_phrase,long-haul,PAUSED,PRESENCE_OR_INTEREST,PRESENCE
11949510151,_PK-D-LHE-PAR-EN_exact,long-haul,PAUSED,PRESENCE,PRESENCE
11946129989,_PK-D-LHE-PAR-EN_phrase,long-haul,PAUSED,PRESENCE,PRESENCE
17815663374,_PK-D-LHE-PDX-EN_exact,long-haul,PAUSED,PRESENCE_OR_INTEREST,PRESENCE
11949502462,_PK-D-LHE-PEK-EN_exact,regional,PAUSED,PRESENCE,PRESENCE
11945118360,_PK-D-LHE-PEK-EN_phrase,regional,PAUSED,PRESENCE,PRESENCE
12047795402,_PK-D-LHE-PER-EN_exact,long-haul,PAUSED,PRESENCE,PRESENCE
12051876622,_PK-D-LHE-PER-EN_phrase,long-haul,PAUSED,PRESENCE,PRESENCE
11946116864,_PK-D-LHE-PHL-EN_exact,long-haul,PAUSED,PRESENCE,PRESENCE
11946129242,_PK-D-LHE-PHL-EN_phrase,long-haul,PAUSED,PRESENCE,PRESENCE
17815663083,_PK-D-LHE-PIT-EN_phrase,long-haul,PAUSED,PRESENCE_OR_INTEREST,PRESENCE
11946125438,_PK-D-LHE-PRG-EN_exact,long-haul,PAUSED,PRESENCE,PRESENCE
11946117599,_PK-D-LHE-PRG-EN_phrase,long-haul,PAUSED,PRESENCE,PRESENCE
11945115510,_PK-D-LHE-PSA-EN_phrase,long-haul,PAUSED,PRESENCE,PRESENCE
11946128813,_PK-D-LHE-PVG-EN_exact,regional,PAUSED,PRESENCE,PRESENCE
11945111652,_PK-D-LHE-PVG-EN_phrase,regional,PAUSED,PRESENCE,PRESENCE
11945118636,_PK-D-LHE-RAK-EN_exact,regional,PAUSED,PRESENCE,PRESENCE
11946120638,_PK-D-LHE-RAK-EN_phrase,regional,PAUSED,PRESENCE,PRESENCE
11946129065,_PK-D-LHE-RBA-EN_exact,regional,PAUSED,PRESENCE,PRESENCE
17816807443,_PK-D-LHE-RIX-EN_exact,long-haul,PAUSED,PRESENCE_OR_INTEREST,PRESENCE
17824320455,_PK-D-LHE-RIX-EN_phrase,long-haul,PAUSED,PRESENCE_OR_INTEREST,PRESENCE
12051876646,_PK-D-LHE-RUH-EN_exact,regional,PAUSED,PRESENCE,PRESENCE
12047795483,_PK-D-LHE-RUH-EN_phrase,regional,PAUSED,PRESENCE,PRESENCE
17815640874,_PK-D-LHE-SAN-EN_exact,long-haul,PAUSED,PRESENCE_OR_INTEREST,PRESENCE
17816807644,_PK-D-LHE-SAN-EN_phrase,long-haul,PAUSED,PRESENCE_OR_INTEREST,PRESENCE
11949507826,_PK-D-LHE-SAW-EN_exact,regional,PAUSED,PRESENCE,PRESENCE
11946133109,_PK-D-LHE-SAW-EN_phrase,regional,PAUSED,PRESENCE,PRESENCE
11408656043,_PK-D-LHE-SEA-EN_exact,long-haul,PAUSED,PRESENCE,PRESENCE
11408656226,_PK-D-LHE-SEA-EN_phrase,long-haul,PAUSED,PRESENCE,PRESENCE
11382622727,_PK-D-LHE-SFO-EN_exact,long-haul,PAUSED,PRESENCE,PRESENCE
11382622724,_PK-D-LHE-SFO-EN_phrase,long-haul,PAUSED,PRESENCE,PRESENCE
17815662675,_PK-D-LHE-SGN-EN_exact,regional,PAUSED,PRESENCE_OR_INTEREST,PRESENCE
17816807971,_PK-D-LHE-SGN-EN_phrase,regional,PAUSED,PRESENCE_OR_INTEREST,PRESENCE
13414103272,_PK-D-LHE-SHJ-EN_exact,regional,PAUSED,PRESENCE_OR_INTEREST,PRESENCE
13414103245,_PK-D-LHE-SHJ-EN_phrase,regional,PAUSED,PRESENCE_OR_INTEREST,PRESENCE
11946129308,_PK-D-LHE-SIN-EN_exact,regional,PAUSED,PRESENCE,PRESENCE
11949494362,_PK-D-LHE-SIN-EN_phrase,regional,PAUSED,PRESENCE,PRESENCE
11945101143,_PK-D-LHE-SKP-EN_phrase,regional,PAUSED,PRESENCE,PRESENCE
11945118447,_PK-D-LHE-SLL-EN_exact,regional,PAUSED,PRESENCE,PRESENCE
11949501967,_PK-D-LHE-SLL-EN_phrase,regional,PAUSED,PRESENCE,PRESENCE
11949508075,_PK-D-LHE-SOF-EN_phrase,long-haul,PAUSED,PRESENCE,PRESENCE
17815663137,_PK-D-LHE-STL-EN_phrase,long-haul,PAUSED,PRESENCE_OR_INTEREST,PRESENCE
17815688148,_PK-D-LHE-SVG-EN_phrase,long-haul,PAUSED,PRESENCE_OR_INTEREST,PRESENCE
15021538780,_PK-D-LHE-SVO-EN_exact,regional,PAUSED,PRESENCE_OR_INTEREST,PRESENCE
15021538708,_PK-D-LHE-SVO-EN_phrase,regional,PAUSED,PRESENCE_OR_INTEREST,PRESENCE
12051877408,_PK-D-LHE-SYD-EN_exact,long-haul,PAUSED,PRESENCE,PRESENCE
12051876403,_PK-D-LHE-SYD-EN_phrase,long-haul,PAUSED,PRESENCE,PRESENCE
11945118468,_PK-D-LHE-TBS-EN_exact,regional,PAUSED,PRESENCE,PRESENCE
11945115534,_PK-D-LHE-TBS-EN_phrase,regional,PAUSED,PRESENCE,PRESENCE
17824284920,_PK-D-LHE-TLL-EN_exact,long-haul,PAUSED,PRESENCE_OR_INTEREST,PRESENCE
17815658358,_PK-D-LHE-TLL-EN_phrase,long-haul,PAUSED,PRESENCE_OR_INTEREST,PRESENCE
20075025548,_PK-D-LHE-TLS-EN_phrase,long-haul,PAUSED,PRESENCE_OR_INTEREST,PRESENCE
17824284680,_PK-D-LHE-TPA-EN_phrase,long-haul,PAUSED,PRESENCE_OR_INTEREST,PRESENCE
11946130301,_PK-D-LHE-TUN-EN_exact,regional,PAUSED,PRESENCE,PRESENCE
11945112159,_PK-D-LHE-TUN-EN_phrase,regional,PAUSED,PRESENCE,PRESENCE
12051877336,_PK-D-LHE-TUU-EN_phrase,regional,PAUSED,PRESENCE,PRESENCE
11949494581,_PK-D-LHE-TXL-EN_exact,long-haul,PAUSED,PRESENCE,PRESENCE
11946120887,_PK-D-LHE-TXL-EN_phrase,long-haul,PAUSED,PRESENCE,PRESENCE
11946132938,_PK-D-LHE-TYO-EN_exact,regional,PAUSED,PRESENCE,PRESENCE
11949509179,_PK-D-LHE-TYO-EN_phrase,regional,PAUSED,PRESENCE,PRESENCE
11946130262,_PK-D-LHE-VCE-EN_exact,long-haul,PAUSED,PRESENCE,PRESENCE
11946131423,_PK-D-LHE-VCE-EN_phrase,long-haul,PAUSED,PRESENCE,PRESENCE
11945115492,_PK-D-LHE-VIE-EN_exact,long-haul,PAUSED,PRESENCE,PRESENCE
11949502219,_PK-D-LHE-VIE-EN_phrase,long-haul,PAUSED,PRESENCE,PRESENCE
11946131729,_PK-D-LHE-WAW-EN_exact,long-haul,PAUSED,PRESENCE,PRESENCE
11946126380,_PK-D-LHE-WAW-EN_phrase,long-haul,PAUSED,PRESENCE,PRESENCE
11946128846,_PK-D-LHE-WDH-EN_phrase,regional,PAUSED,PRESENCE,PRESENCE
20645230302,_PK-D-LHE-YNB-EN_exact,regional,PAUSED,PRESENCE_OR_INTEREST,PRESENCE
17815688556,_PK-D-LHE-YTO-EN_exact,long-haul,PAUSED,PRESENCE_OR_INTEREST,PRESENCE
17824328537,_PK-D-LHE-YTO-EN_phrase,long-haul,PAUSED,PRESENCE_OR_INTEREST,PRESENCE
11946125957,_PK-D-LHE-YUL-EN_exact,long-haul,PAUSED,PRESENCE,PRESENCE
11945112237,_PK-D-LHE-YUL-EN_phrase,long-haul,PAUSED,PRESENCE,PRESENCE
17815640565,_PK-D-LHE-YVR-EN_exact,long-haul,PAUSED,PRESENCE_OR_INTEREST,PRESENCE
17824284692,_PK-D-LHE-YVR-EN_phrase,long-haul,PAUSED,PRESENCE_OR_INTEREST,PRESENCE
11408656046,_PK-D-LHE-YYC-EN_exact,long-haul,PAUSED,PRESENCE,PRESENCE
11408656004,_PK-D-LHE-YYC-EN_phrase,long-haul,PAUSED,PRESENCE,PRESENCE
11946121379,_PK-D-LHE-YYZ-EN_phrase,long-haul,PAUSED,PRESENCE,PRESENCE
17815640784,_PK-D-LHE-ZAG-EN_exact,long-haul,PAUSED,PRESENCE_OR_INTEREST,PRESENCE
17824320689,_PK-D-LHE-ZAG-EN_phrase,long-haul,PAUSED,PRESENCE_OR_INTEREST,PRESENCE
17824284476,_PK-D-LHE-ZNZ-EN_exact,regional,PAUSED,PRESENCE_OR_INTEREST,PRESENCE
17824320224,_PK-D-LHE-ZNZ-EN_phrase,regional,PAUSED,PRESENCE_OR_INTEREST,PRESENCE
11946125432,_PK-D-LHE-ZRH-EN_exact,long-haul,PAUSED,PRESENCE,PRESENCE
11945118666,_PK-D-LHE-ZRH-EN_phrase,long-haul,PAUSED,PRESENCE,PRESENCE
11946131933,_PK-D-LYP-AGP-EN_phrase,long-haul,PAUSED,PRESENCE,PRESENCE
11946117272,_PK-D-LYP-AMM-EN_exact,regional,PAUSED,PRESENCE,PRESENCE
11946130463,_PK-D-LYP-AMM-EN_phrase,regional,PAUSED,PRESENCE,PRESENCE
11949502531,_PK-D-LYP-AMS-EN_exact,long-haul,PAUSED,PRESENCE,PRESENCE
11946129782,_PK-D-LYP-ATH-EN_phrase,long-haul,PAUSED,PRESENCE,PRESENCE
11946125402,_PK-D-LYP-BER-EN_phrase,long-haul,PAUSED,PRESENCE,PRESENCE
11949496018,_PK-D-LYP-BGW-EN_phrase,regional,PAUSED,PRESENCE,PRESENCE
11946126365,_PK-D-LYP-BHX-EN_exact,UK+IE rest,PAUSED,PRESENCE,PRESENCE
11946125408,_PK-D-LYP-BHX-EN_phrase,UK+IE rest,PAUSED,PRESENCE,PRESENCE
11946126170,_PK-D-LYP-BKK-EN_exact,regional,PAUSED,PRESENCE,PRESENCE
11946126230,_PK-D-LYP-BKK-EN_phrase,regional,PAUSED,PRESENCE,PRESENCE
11949508054,_PK-D-LYP-BOS-EN_exact,long-haul,PAUSED,PRESENCE,PRESENCE
11949507754,_PK-D-LYP-BOS-EN_phrase,long-haul,PAUSED,PRESENCE,PRESENCE
11946125261,_PK-D-LYP-BRU-EN_exact,long-haul,PAUSED,PRESENCE,PRESENCE
11946129005,_PK-D-LYP-BUD-EN_phrase,long-haul,PAUSED,PRESENCE,PRESENCE
12047795222,_PK-D-LYP-CAI-EN_exact,regional,PAUSED,PRESENCE,PRESENCE
11946120413,_PK-D-LYP-CAN-EN_exact,regional,PAUSED,PRESENCE,PRESENCE
11949496465,_PK-D-LYP-CAN-EN_phrase,regional,PAUSED,PRESENCE,PRESENCE
11946116294,_PK-D-LYP-CDG-EN_exact,long-haul,PAUSED,PRESENCE,PRESENCE
11949509677,_PK-D-LYP-CGK-EN_exact,regional,PAUSED,PRESENCE,PRESENCE
11949508057,_PK-D-LYP-CHI-EN_exact,long-haul,PAUSED,PRESENCE,PRESENCE
11949493570,_PK-D-LYP-CNX-EN_phrase,regional,PAUSED,PRESENCE,PRESENCE
11949501964,_PK-D-LYP-CPT-EN_exact,regional,PAUSED,PRESENCE,PRESENCE
11945112210,_PK-D-LYP-CPT-EN_phrase,regional,PAUSED,PRESENCE,PRESENCE
11949502501,_PK-D-LYP-CTU-EN_phrase,regional,PAUSED,PRESENCE,PRESENCE
11946116105,_PK-D-LYP-DME-EN_phrase,regional,PAUSED,PRESENCE,PRESENCE
11946130253,_PK-D-LYP-DOH-EN_exact,regional,PAUSED,PRESENCE,PRESENCE
11945111742,_PK-D-LYP-DOH-EN_phrase,regional,PAUSED,PRESENCE,PRESENCE
11946117509,_PK-D-LYP-DPS-EN_exact,regional,PAUSED,PRESENCE,PRESENCE
11949493588,_PK-D-LYP-DPS-EN_phrase,regional,PAUSED,PRESENCE,PRESENCE
11949495991,_PK-D-LYP-DUB-EN_exact,UK+IE rest,PAUSED,PRESENCE,PRESENCE
11946116771,_PK-D-LYP-DUR-EN_exact,regional,PAUSED,PRESENCE,PRESENCE
11946125414,_PK-D-LYP-DUR-EN_phrase,regional,PAUSED,PRESENCE,PRESENCE
11946133112,_PK-D-LYP-EDI-EN_exact,UK+IE rest,PAUSED,PRESENCE,PRESENCE
11949502549,_PK-D-LYP-EDI-EN_phrase,UK+IE rest,PAUSED,PRESENCE,PRESENCE
11949512062,_PK-D-LYP-ESB-EN_phrase,regional,PAUSED,PRESENCE,PRESENCE
11946120362,_PK-D-LYP-FRA-EN_exact,long-haul,PAUSED,PRESENCE,PRESENCE
11945103552,_PK-D-LYP-GRU-EN_phrase,regional,PAUSED,PRESENCE,PRESENCE
11945118651,_PK-D-LYP-GYD-EN_exact,regional,PAUSED,PRESENCE,PRESENCE
11949496258,_PK-D-LYP-GYD-EN_phrase,regional,PAUSED,PRESENCE,PRESENCE
11949502939,_PK-D-LYP-HEL-EN_phrase,long-haul,PAUSED,PRESENCE,PRESENCE
11949502213,_PK-D-LYP-HGH-EN_exact,regional,PAUSED,PRESENCE,PRESENCE
11945112642,_PK-D-LYP-HGH-EN_phrase,regional,PAUSED,PRESENCE,PRESENCE
11945100951,_PK-D-LYP-HKG-EN_exact,regional,PAUSED,PRESENCE,PRESENCE
11949509689,_PK-D-LYP-HKG-EN_phrase,regional,PAUSED,PRESENCE,PRESENCE
11946117773,_PK-D-LYP-HKT-EN_exact,regional,PAUSED,PRESENCE,PRESENCE
11946129773,_PK-D-LYP-HKT-EN_phrase,regional,PAUSED,PRESENCE,PRESENCE
11945115558,_PK-D-LYP-HND-EN_exact,regional,PAUSED,PRESENCE,PRESENCE
11946129794,_PK-D-LYP-HND-EN_phrase,regional,PAUSED,PRESENCE,PRESENCE
11946131906,_PK-D-LYP-IAD-EN_phrase,long-haul,PAUSED,PRESENCE,PRESENCE
11949507787,_PK-D-LYP-IAH-EN_exact,long-haul,PAUSED,PRESENCE,PRESENCE
11945103288,_PK-D-LYP-IAH-EN_phrase,long-haul,PAUSED,PRESENCE,PRESENCE
11946129734,_PK-D-LYP-IST-EN_exact,regional,PAUSED,PRESENCE,PRESENCE
11949509443,_PK-D-LYP-IST-EN_phrase,regional,PAUSED,PRESENCE,PRESENCE
11949509413,_PK-D-LYP-JNB-EN_exact,regional,PAUSED,PRESENCE,PRESENCE
11946116111,_PK-D-LYP-KBV-EN_phrase,regional,PAUSED,PRESENCE,PRESENCE
11945111703,_PK-D-LYP-KIX-EN_phrase,regional,PAUSED,PRESENCE,PRESENCE
11945117970,_PK-D-LYP-KUL-EN_exact,regional,PAUSED,PRESENCE,PRESENCE
11946125660,_PK-D-LYP-KUL-EN_phrase,regional,PAUSED,PRESENCE,PRESENCE
11945103336,_PK-D-LYP-KWI-EN_exact,regional,PAUSED,PRESENCE,PRESENCE
11949496024,_PK-D-LYP-KWI-EN_phrase,regional,PAUSED,PRESENCE,PRESENCE
11946125267,_PK-D-LYP-LAX-EN_exact,long-haul,PAUSED,PRESENCE,PRESENCE
11946128849,_PK-D-LYP-LCA-EN_phrase,long-haul,PAUSED,PRESENCE,PRESENCE
11946116873,_PK-D-LYP-LED-EN_phrase,regional,PAUSED,PRESENCE,PRESENCE
11946125954,_PK-D-LYP-LGK-EN_phrase,regional,PAUSED,PRESENCE,PRESENCE
11946116306,_PK-D-LYP-LGW-EN_exact,UK+IE rest,PAUSED,PRESENCE,PRESENCE
11946132911,_PK-D-LYP-LGW-EN_phrase,UK+IE rest,PAUSED,PRESENCE,PRESENCE
11949494380,_PK-D-LYP-LHR-EN_exact,UK+IE rest,PAUSED,PRESENCE,PRESENCE
11949512098,_PK-D-LYP-LHR-EN_phrase,UK+IE rest,PAUSED,PRESENCE,PRESENCE
11946132662,_PK-D-LYP-LON-EN_exact,UK+IE (outside brief list),PAUSED,PRESENCE,PRESENCE
11946126224,_PK-D-LYP-LON-EN_phrase,UK+IE (outside brief list),PAUSED,PRESENCE,PRESENCE
11946120401,_PK-D-LYP-LUX-EN_exact,long-haul,PAUSED,PRESENCE,PRESENCE
11946132941,_PK-D-LYP-LUX-EN_phrase,long-haul,PAUSED,PRESENCE,PRESENCE
11946117515,_PK-D-LYP-MAD-EN_exact,long-haul,PAUSED,PRESENCE,PRESENCE
11946116852,_PK-D-LYP-MAD-EN_phrase,long-haul,PAUSED,PRESENCE,PRESENCE
11949510229,_PK-D-LYP-MAN-EN_exact,UK+IE rest,PAUSED,PRESENCE,PRESENCE
11946125945,_PK-D-LYP-MAN-EN_phrase,UK+IE rest,PAUSED,PRESENCE,PRESENCE
11949509242,_PK-D-LYP-MBA-EN_phrase,regional,PAUSED,PRESENCE,PRESENCE
11946120941,_PK-D-LYP-MCT-EN_phrase,regional,PAUSED,PRESENCE,PRESENCE
12047795234,_PK-D-LYP-MEL-EN_exact,long-haul,PAUSED,PRESENCE,PRESENCE
11945103348,_PK-D-LYP-MIA-EN_exact,long-haul,PAUSED,PRESENCE,PRESENCE
11945101173,_PK-D-LYP-MLE-EN_phrase,regional,PAUSED,PRESENCE,PRESENCE
11949496471,_PK-D-LYP-MNL-EN_phrase,regional,PAUSED,PRESENCE,PRESENCE
11949502954,_PK-D-LYP-MOW-EN_phrase,regional,PAUSED,PRESENCE,PRESENCE
11949507838,_PK-D-LYP-MXP-EN_exact,long-haul,PAUSED,PRESENCE,PRESENCE
11946132920,_PK-D-LYP-MXP-EN_phrase,long-haul,PAUSED,PRESENCE,PRESENCE
11946131486,_PK-D-LYP-NBO-EN_phrase,regional,PAUSED,PRESENCE,PRESENCE
11945100873,_PK-D-LYP-NCE-EN_phrase,long-haul,PAUSED,PRESENCE,PRESENCE
11946126185,_PK-D-LYP-NRT-EN_phrase,regional,PAUSED,PRESENCE,PRESENCE
11946129089,_PK-D-LYP-NYC-EN_exact,long-haul,PAUSED,PRESENCE,PRESENCE
11946132947,_PK-D-LYP-NYC-EN_phrase,long-haul,PAUSED,PRESENCE,PRESENCE
11945118441,_PK-D-LYP-ORD-EN_phrase,long-haul,PAUSED,PRESENCE,PRESENCE
11945103495,_PK-D-LYP-OSL-EN_exact,long-haul,PAUSED,PRESENCE,PRESENCE
11946130268,_PK-D-LYP-OTP-EN_exact,long-haul,PAUSED,PRESENCE,PRESENCE
11946129491,_PK-D-LYP-OTP-EN_phrase,long-haul,PAUSED,PRESENCE,PRESENCE
11946129749,_PK-D-LYP-PAR-EN_exact,long-haul,PAUSED,PRESENCE,PRESENCE
11949502489,_PK-D-LYP-PAR-EN_phrase,long-haul,PAUSED,PRESENCE,PRESENCE
11946130454,_PK-D-LYP-PEK-EN_exact,regional,PAUSED,PRESENCE,PRESENCE
11949502702,_PK-D-LYP-PEK-EN_phrase,regional,PAUSED,PRESENCE,PRESENCE
12051877180,_PK-D-LYP-PER-EN_phrase,long-haul,PAUSED,PRESENCE,PRESENCE
11946117803,_PK-D-LYP-PHL-EN_exact,long-haul,PAUSED,PRESENCE,PRESENCE
11945111745,_PK-D-LYP-PHL-EN_phrase,long-haul,PAUSED,PRESENCE,PRESENCE
11945100876,_PK-D-LYP-PRG-EN_exact,long-haul,PAUSED,PRESENCE,PRESENCE
11945118657,_PK-D-LYP-PVG-EN_phrase,regional,PAUSED,PRESENCE,PRESENCE
11946121352,_PK-D-LYP-RBA-EN_exact,regional,PAUSED,PRESENCE,PRESENCE
11946120713,_PK-D-LYP-SAW-EN_exact,regional,PAUSED,PRESENCE,PRESENCE
11945115507,_PK-D-LYP-SAW-EN_phrase,regional,PAUSED,PRESENCE,PRESENCE
11816943297,_PK-D-LYP-SEA-EN_phrase,long-haul,PAUSED,PRESENCE,PRESENCE
11946125273,_PK-D-LYP-SIN-EN_exact,regional,PAUSED,PRESENCE,PRESENCE
11949494539,_PK-D-LYP-SIN-EN_phrase,regional,PAUSED,PRESENCE,PRESENCE
11945115285,_PK-D-LYP-SLL-EN_phrase,regional,PAUSED,PRESENCE,PRESENCE
15021538555,_PK-D-LYP-SVO-EN_phrase,regional,PAUSED,PRESENCE_OR_INTEREST,PRESENCE
12051877600,_PK-D-LYP-SYD-EN_exact,long-haul,PAUSED,PRESENCE,PRESENCE
11946120611,_PK-D-LYP-TXL-EN_exact,long-haul,PAUSED,PRESENCE,PRESENCE
11946117275,_PK-D-LYP-TXL-EN_phrase,long-haul,PAUSED,PRESENCE,PRESENCE
11946116615,_PK-D-LYP-TYO-EN_phrase,regional,PAUSED,PRESENCE,PRESENCE
11945112222,_PK-D-LYP-VCE-EN_phrase,long-haul,PAUSED,PRESENCE,PRESENCE
11946120209,_PK-D-LYP-VIE-EN_exact,long-haul,PAUSED,PRESENCE,PRESENCE
11946116117,_PK-D-LYP-VIE-EN_phrase,long-haul,PAUSED,PRESENCE,PRESENCE
11949502063,_PK-D-LYP-WAW-EN_exact,long-haul,PAUSED,PRESENCE,PRESENCE
11946130277,_PK-D-LYP-WAW-EN_phrase,long-haul,PAUSED,PRESENCE,PRESENCE
20645230314,_PK-D-LYP-YNB-EN_exact,regional,PAUSED,PRESENCE_OR_INTEREST,PRESENCE
11946117488,_PK-D-LYP-YUL-EN_phrase,long-haul,PAUSED,PRESENCE,PRESENCE
11945111655,_PK-D-MUX-ADB-EN_phrase,regional,PAUSED,PRESENCE,PRESENCE
11949496459,_PK-D-MUX-AMS-EN_exact,long-haul,PAUSED,PRESENCE,PRESENCE
11949508072,_PK-D-MUX-AMS-EN_phrase,long-haul,PAUSED,PRESENCE,PRESENCE
11946116051,_PK-D-MUX-AYT-EN_phrase,regional,PAUSED,PRESENCE,PRESENCE
11949494551,_PK-D-MUX-BCN-EN_exact,long-haul,PAUSED,PRESENCE,PRESENCE
11946115898,_PK-D-MUX-BER-EN_exact,long-haul,PAUSED,PRESENCE,PRESENCE
11945118405,_PK-D-MUX-BER-EN_phrase,long-haul,PAUSED,PRESENCE,PRESENCE
11945118396,_PK-D-MUX-BGW-EN_phrase,regional,PAUSED,PRESENCE,PRESENCE
11946130217,_PK-D-MUX-BKK-EN_exact,regional,PAUSED,PRESENCE,PRESENCE
11946129764,_PK-D-MUX-BKK-EN_phrase,regional,PAUSED,PRESENCE,PRESENCE
12051877150,_PK-D-MUX-CAI-EN_exact,regional,PAUSED,PRESENCE,PRESENCE
11946132713,_PK-D-MUX-CDG-EN_phrase,long-haul,PAUSED,PRESENCE,PRESENCE
11949496468,_PK-D-MUX-CGK-EN_phrase,regional,PAUSED,PRESENCE,PRESENCE
11945103297,_PK-D-MUX-CPH-EN_phrase,long-haul,PAUSED,PRESENCE,PRESENCE
11946128765,_PK-D-MUX-CPT-EN_phrase,regional,PAUSED,PRESENCE,PRESENCE
11949509956,_PK-D-MUX-CTU-EN_phrase,regional,PAUSED,PRESENCE,PRESENCE
11945118477,_PK-D-MUX-DFW-EN_phrase,long-haul,PAUSED,PRESENCE,PRESENCE
11946125462,_PK-D-MUX-DOH-EN_phrase,regional,PAUSED,PRESENCE,PRESENCE
11945111700,_PK-D-MUX-DPS-EN_exact,regional,PAUSED,PRESENCE,PRESENCE
11946116318,_PK-D-MUX-DPS-EN_phrase,regional,PAUSED,PRESENCE,PRESENCE
11946125705,_PK-D-MUX-DVO-EN_phrase,regional,PAUSED,PRESENCE,PRESENCE
17815641009,_PK-D-MUX-DXB-EN_exact,regional,PAUSED,PRESENCE_OR_INTEREST,PRESENCE
17816807518,_PK-D-MUX-DXB-EN_phrase,regional,PAUSED,PRESENCE_OR_INTEREST,PRESENCE
11945112603,_PK-D-MUX-EDI-EN_exact,UK+IE rest,PAUSED,PRESENCE,PRESENCE
11946133097,_PK-D-MUX-EDI-EN_phrase,UK+IE rest,PAUSED,PRESENCE,PRESENCE
17816807014,_PK-D-MUX-ELQ-EN_phrase,regional,PAUSED,PRESENCE_OR_INTEREST,PRESENCE
11945115561,_PK-D-MUX-FRA-EN_exact,long-haul,PAUSED,PRESENCE,PRESENCE
11945103279,_PK-D-MUX-FRA-EN_phrase,long-haul,PAUSED,PRESENCE,PRESENCE
17816807494,_PK-D-MUX-GLA-EN_exact,UK+IE (outside brief list),PAUSED,PRESENCE_OR_INTEREST,PRESENCE
11946129347,_PK-D-MUX-GOT-EN_phrase,long-haul,PAUSED,PRESENCE,PRESENCE
11946120422,_PK-D-MUX-GRU-EN_phrase,regional,PAUSED,PRESENCE,PRESENCE
11949510202,_PK-D-MUX-GVA-EN_exact,long-haul,PAUSED,PRESENCE,PRESENCE
11945112372,_PK-D-MUX-GYD-EN_exact,regional,PAUSED,PRESENCE,PRESENCE
11946115895,_PK-D-MUX-GYD-EN_phrase,regional,PAUSED,PRESENCE,PRESENCE
11949509749,_PK-D-MUX-HEL-EN_exact,long-haul,PAUSED,PRESENCE,PRESENCE
11946120236,_PK-D-MUX-HGH-EN_phrase,regional,PAUSED,PRESENCE,PRESENCE
11945112405,_PK-D-MUX-HKG-EN_phrase,regional,PAUSED,PRESENCE,PRESENCE
11946125417,_PK-D-MUX-IAD-EN_exact,long-haul,PAUSED,PRESENCE,PRESENCE
11945111436,_PK-D-MUX-IAD-EN_phrase,long-haul,PAUSED,PRESENCE,PRESENCE
11949496204,_PK-D-MUX-IAH-EN_phrase,long-haul,PAUSED,PRESENCE,PRESENCE
11945115327,_PK-D-MUX-IST-EN_exact,regional,PAUSED,PRESENCE,PRESENCE
17815641762,_PK-D-MUX-JED-EN_exact,regional,PAUSED,PRESENCE_OR_INTEREST,PRESENCE
17816827186,_PK-D-MUX-JED-EN_phrase,regional,PAUSED,PRESENCE_OR_INTEREST,PRESENCE
11946131723,_PK-D-MUX-JFK-EN_exact,long-haul,PAUSED,PRESENCE,PRESENCE
11945111460,_PK-D-MUX-JFK-EN_phrase,long-haul,PAUSED,PRESENCE,PRESENCE
11946131441,_PK-D-MUX-JNB-EN_phrase,regional,PAUSED,PRESENCE,PRESENCE
11946132914,_PK-D-MUX-KUL-EN_phrase,regional,PAUSED,PRESENCE,PRESENCE
11946116555,_PK-D-MUX-KWI-EN_exact,regional,PAUSED,PRESENCE,PRESENCE
11946129251,_PK-D-MUX-KWI-EN_phrase,regional,PAUSED,PRESENCE,PRESENCE
11946117809,_PK-D-MUX-LAX-EN_exact,long-haul,PAUSED,PRESENCE,PRESENCE
11945111670,_PK-D-MUX-LED-EN_phrase,regional,PAUSED,PRESENCE,PRESENCE
11949509428,_PK-D-MUX-LGK-EN_exact,regional,PAUSED,PRESENCE,PRESENCE
11949509656,_PK-D-MUX-LGK-EN_phrase,regional,PAUSED,PRESENCE,PRESENCE
11949502249,_PK-D-MUX-LGW-EN_exact,UK+IE rest,PAUSED,PRESENCE,PRESENCE
11946126155,_PK-D-MUX-LGW-EN_phrase,UK+IE rest,PAUSED,PRESENCE,PRESENCE
11949509977,_PK-D-MUX-LHR-EN_exact,UK+IE rest,PAUSED,PRESENCE,PRESENCE
11946117521,_PK-D-MUX-LHR-EN_phrase,UK+IE rest,PAUSED,PRESENCE,PRESENCE
11946116309,_PK-D-MUX-LOS-EN_phrase,regional,PAUSED,PRESENCE,PRESENCE
11949502942,_PK-D-MUX-LUX-EN_phrase,long-haul,PAUSED,PRESENCE,PRESENCE
11945103786,_PK-D-MUX-MAD-EN_phrase,long-haul,PAUSED,PRESENCE,PRESENCE
11949493672,_PK-D-MUX-MAN-EN_exact,UK+IE rest,PAUSED,PRESENCE,PRESENCE
11946129548,_PK-D-MUX-MAN-EN_phrase,UK+IE rest,PAUSED,PRESENCE,PRESENCE
17824328120,_PK-D-MUX-MED-EN_phrase,regional,PAUSED,PRESENCE_OR_INTEREST,PRESENCE
12051876451,_PK-D-MUX-MEL-EN_exact,long-haul,PAUSED,PRESENCE,PRESENCE
12047795507,_PK-D-MUX-MEL-EN_phrase,long-haul,PAUSED,PRESENCE,PRESENCE
11946116810,_PK-D-MUX-MLE-EN_exact,regional,PAUSED,PRESENCE,PRESENCE
11949494071,_PK-D-MUX-MOW-EN_phrase,regional,PAUSED,PRESENCE,PRESENCE
11945117949,_PK-D-MUX-NRT-EN_phrase,regional,PAUSED,PRESENCE,PRESENCE
20706336408,_PK-D-MUX-NUM-EN_phrase,regional,PAUSED,PRESENCE_OR_INTEREST,PRESENCE
11949496033,_PK-D-MUX-OTP-EN_exact,long-haul,PAUSED,PRESENCE,PRESENCE
11949507577,_PK-D-MUX-PEK-EN_exact,regional,PAUSED,PRESENCE,PRESENCE
11949502240,_PK-D-MUX-PEK-EN_phrase,regional,PAUSED,PRESENCE,PRESENCE
12047795414,_PK-D-MUX-PER-EN_exact,long-haul,PAUSED,PRESENCE,PRESENCE
11946130442,_PK-D-MUX-PHL-EN_phrase,long-haul,PAUSED,PRESENCE,PRESENCE
11946131747,_PK-D-MUX-PVG-EN_exact,regional,PAUSED,PRESENCE,PRESENCE
11945100942,_PK-D-MUX-PVG-EN_phrase,regional,PAUSED,PRESENCE,PRESENCE
17816819401,_PK-D-MUX-RUH-EN_exact,regional,PAUSED,PRESENCE_OR_INTEREST,PRESENCE
17816819023,_PK-D-MUX-RUH-EN_phrase,regional,PAUSED,PRESENCE_OR_INTEREST,PRESENCE
11949494632,_PK-D-MUX-SAW-EN_phrase,regional,PAUSED,PRESENCE,PRESENCE
11816943279,_PK-D-MUX-SEA-EN_phrase,long-haul,PAUSED,PRESENCE,PRESENCE
17816807197,_PK-D-MUX-SHJ-EN_phrase,regional,PAUSED,PRESENCE_OR_INTEREST,PRESENCE
11946116573,_PK-D-MUX-SIN-EN_exact,regional,PAUSED,PRESENCE,PRESENCE
12051878314,_PK-D-MUX-SYD-EN_exact,long-haul,PAUSED,PRESENCE,PRESENCE
12051876625,_PK-D-MUX-SYD-EN_phrase,long-haul,PAUSED,PRESENCE,PRESENCE
11946130208,_PK-D-MUX-TBS-EN_phrase,regional,PAUSED,PRESENCE,PRESENCE
17815658382,_PK-D-MUX-TIF-EN_phrase,regional,PAUSED,PRESENCE_OR_INTEREST,PRESENCE
20075025599,_PK-D-MUX-TLS-EN_phrase,long-haul,PAUSED,PRESENCE_OR_INTEREST,PRESENCE
11946117293,_PK-D-MUX-TXL-EN_phrase,long-haul,PAUSED,PRESENCE,PRESENCE
11946116594,_PK-D-MUX-TYO-EN_phrase,regional,PAUSED,PRESENCE,PRESENCE
11949509674,_PK-D-MUX-VCE-EN_phrase,long-haul,PAUSED,PRESENCE,PRESENCE
11949509269,_PK-D-MUX-VIE-EN_exact,long-haul,PAUSED,PRESENCE,PRESENCE
11949511882,_PK-D-MUX-VIE-EN_phrase,long-haul,PAUSED,PRESENCE,PRESENCE
11949509188,_PK-D-MUX-WAW-EN_phrase,long-haul,PAUSED,PRESENCE,PRESENCE
11946117500,_PK-D-MUX-YUL-EN_phrase,long-haul,PAUSED,PRESENCE,PRESENCE
11945115564,_PK-D-MUX-ZRH-EN_phrase,long-haul,PAUSED,PRESENCE,PRESENCE
11946130229,_PK-D-PEW-AGP-EN_exact,long-haul,PAUSED,PRESENCE,PRESENCE
11945112192,_PK-D-PEW-ALG-EN_phrase,regional,PAUSED,PRESENCE,PRESENCE
11949502477,_PK-D-PEW-AMS-EN_exact,long-haul,PAUSED,PRESENCE,PRESENCE
11949493846,_PK-D-PEW-AMS-EN_phrase,long-haul,PAUSED,PRESENCE,PRESENCE
11949510136,_PK-D-PEW-ATH-EN_phrase,long-haul,PAUSED,PRESENCE,PRESENCE
12051876886,_PK-D-PEW-AUH-EN_exact,regional,PAUSED,PRESENCE,PRESENCE
12047795519,_PK-D-PEW-AUH-EN_phrase,regional,PAUSED,PRESENCE,PRESENCE
11946129596,_PK-D-PEW-AYT-EN_exact,regional,PAUSED,PRESENCE,PRESENCE
12051877189,_PK-D-PEW-BAH-EN_exact,regional,PAUSED,PRESENCE,PRESENCE
12051876661,_PK-D-PEW-BAH-EN_phrase,regional,PAUSED,PRESENCE,PRESENCE
11949493597,_PK-D-PEW-BCN-EN_exact,long-haul,PAUSED,PRESENCE,PRESENCE
11946128798,_PK-D-PEW-BCN-EN_phrase,long-haul,PAUSED,PRESENCE,PRESENCE
11946125504,_PK-D-PEW-BER-EN_exact,long-haul,PAUSED,PRESENCE,PRESENCE
11945115519,_PK-D-PEW-BER-EN_phrase,long-haul,PAUSED,PRESENCE,PRESENCE
11949509275,_PK-D-PEW-BGW-EN_exact,regional,PAUSED,PRESENCE,PRESENCE
11946115883,_PK-D-PEW-BHX-EN_exact,UK+IE rest,PAUSED,PRESENCE,PRESENCE
11945115306,_PK-D-PEW-BHX-EN_phrase,UK+IE rest,PAUSED,PRESENCE,PRESENCE
11946125987,_PK-D-PEW-BKK-EN_exact,regional,PAUSED,PRESENCE,PRESENCE
11945103720,_PK-D-PEW-BOS-EN_phrase,long-haul,PAUSED,PRESENCE,PRESENCE
11945118156,_PK-D-PEW-BRU-EN_exact,long-haul,PAUSED,PRESENCE,PRESENCE
11946131732,_PK-D-PEW-BRU-EN_phrase,long-haul,PAUSED,PRESENCE,PRESENCE
11949511825,_PK-D-PEW-BUD-EN_phrase,long-haul,PAUSED,PRESENCE,PRESENCE
12047795696,_PK-D-PEW-CAI-EN_exact,regional,PAUSED,PRESENCE,PRESENCE
12051877630,_PK-D-PEW-CAI-EN_phrase,regional,PAUSED,PRESENCE,PRESENCE
11946128834,_PK-D-PEW-CAN-EN_exact,regional,PAUSED,PRESENCE,PRESENCE
11949501988,_PK-D-PEW-CAN-EN_phrase,regional,PAUSED,PRESENCE,PRESENCE
12051876847,_PK-D-PEW-CBR-EN_phrase,long-haul,PAUSED,PRESENCE,PRESENCE
11946131924,_PK-D-PEW-CDG-EN_exact,long-haul,PAUSED,PRESENCE,PRESENCE
11945115279,_PK-D-PEW-CDG-EN_phrase,long-haul,PAUSED,PRESENCE,PRESENCE
11945115321,_PK-D-PEW-CGK-EN_phrase,regional,PAUSED,PRESENCE,PRESENCE
11946120626,_PK-D-PEW-CMN-EN_phrase,regional,PAUSED,PRESENCE,PRESENCE
11949494125,_PK-D-PEW-CPH-EN_exact,long-haul,PAUSED,PRESENCE,PRESENCE
11949493816,_PK-D-PEW-CPH-EN_phrase,long-haul,PAUSED,PRESENCE,PRESENCE
11949509758,_PK-D-PEW-CPT-EN_phrase,regional,PAUSED,PRESENCE,PRESENCE
11945118135,_PK-D-PEW-CTU-EN_phrase,regional,PAUSED,PRESENCE,PRESENCE
11945101158,_PK-D-PEW-DFW-EN_phrase,long-haul,PAUSED,PRESENCE,PRESENCE
11949502681,_PK-D-PEW-DME-EN_exact,regional,PAUSED,PRESENCE,PRESENCE
11946131444,_PK-D-PEW-DME-EN_phrase,regional,PAUSED,PRESENCE,PRESENCE
12051876877,_PK-D-PEW-DMM-EN_exact,regional,PAUSED,PRESENCE,PRESENCE
12051876874,_PK-D-PEW-DMM-EN_phrase,regional,PAUSED,PRESENCE,PRESENCE
11946116087,_PK-D-PEW-DOH-EN_exact,regional,PAUSED,PRESENCE,PRESENCE
11945100933,_PK-D-PEW-DOH-EN_phrase,regional,PAUSED,PRESENCE,PRESENCE
11945118402,_PK-D-PEW-DPS-EN_exact,regional,PAUSED,PRESENCE,PRESENCE
11946120464,_PK-D-PEW-DPS-EN_phrase,regional,PAUSED,PRESENCE,PRESENCE
11946128627,_PK-D-PEW-DUB-EN_phrase,UK+IE rest,PAUSED,PRESENCE,PRESENCE
12047795168,_PK-D-PEW-DXB-EN_exact,regional,PAUSED,PRESENCE,PRESENCE
12051877579,_PK-D-PEW-DXB-EN_phrase,regional,PAUSED,PRESENCE,PRESENCE
11946129353,_PK-D-PEW-EBB-EN_exact,regional,PAUSED,PRESENCE,PRESENCE
17815688328,_PK-D-PEW-ECN-EN_exact,long-haul,PAUSED,PRESENCE_OR_INTEREST,PRESENCE
17824320236,_PK-D-PEW-ECN-EN_phrase,long-haul,PAUSED,PRESENCE_OR_INTEREST,PRESENCE
11945103567,_PK-D-PEW-EDI-EN_exact,UK+IE rest,PAUSED,PRESENCE,PRESENCE
11946133088,_PK-D-PEW-EDI-EN_phrase,UK+IE rest,PAUSED,PRESENCE,PRESENCE
11946129494,_PK-D-PEW-ESB-EN_phrase,regional,PAUSED,PRESENCE,PRESENCE
11949508015,_PK-D-PEW-EZE-EN_phrase,regional,PAUSED,PRESENCE,PRESENCE
11945103597,_PK-D-PEW-FCO-EN_exact,long-haul,PAUSED,PRESENCE,PRESENCE
11946132893,_PK-D-PEW-FCO-EN_phrase,long-haul,PAUSED,PRESENCE,PRESENCE
11946129329,_PK-D-PEW-FRA-EN_exact,long-haul,PAUSED,PRESENCE,PRESENCE
11945100858,_PK-D-PEW-FRA-EN_phrase,long-haul,PAUSED,PRESENCE,PRESENCE
11946121391,_PK-D-PEW-GOT-EN_phrase,long-haul,PAUSED,PRESENCE,PRESENCE
11946130037,_PK-D-PEW-GRU-EN_phrase,regional,PAUSED,PRESENCE,PRESENCE
11949493840,_PK-D-PEW-GVA-EN_exact,long-haul,PAUSED,PRESENCE,PRESENCE
11946116861,_PK-D-PEW-GVA-EN_phrase,long-haul,PAUSED,PRESENCE,PRESENCE
11946116144,_PK-D-PEW-GYD-EN_exact,regional,PAUSED,PRESENCE,PRESENCE
11945112606,_PK-D-PEW-GYD-EN_phrase,regional,PAUSED,PRESENCE,PRESENCE
11946125429,_PK-D-PEW-HEL-EN_phrase,long-haul,PAUSED,PRESENCE,PRESENCE
11949501976,_PK-D-PEW-HGH-EN_phrase,regional,PAUSED,PRESENCE,PRESENCE
11945101194,_PK-D-PEW-HKG-EN_exact,regional,PAUSED,PRESENCE,PRESENCE
11949512305,_PK-D-PEW-HKT-EN_exact,regional,PAUSED,PRESENCE,PRESENCE
11946121349,_PK-D-PEW-HKT-EN_phrase,regional,PAUSED,PRESENCE,PRESENCE
11946129599,_PK-D-PEW-HND-EN_exact,regional,PAUSED,PRESENCE,PRESENCE
11949510154,_PK-D-PEW-HND-EN_phrase,regional,PAUSED,PRESENCE,PRESENCE
11945115816,_PK-D-PEW-IAD-EN_phrase,long-haul,PAUSED,PRESENCE,PRESENCE
11946120470,_PK-D-PEW-IAH-EN_exact,long-haul,PAUSED,PRESENCE,PRESENCE
11946129359,_PK-D-PEW-IAH-EN_phrase,long-haul,PAUSED,PRESENCE,PRESENCE
11946131432,_PK-D-PEW-ICN-EN_exact,regional,PAUSED,PRESENCE,PRESENCE
11949494533,_PK-D-PEW-ICN-EN_phrase,regional,PAUSED,PRESENCE,PRESENCE
11949502750,_PK-D-PEW-IST-EN_exact,regional,PAUSED,PRESENCE,PRESENCE
12051876859,_PK-D-PEW-JED-EN_exact,regional,PAUSED,PRESENCE,PRESENCE
12051876454,_PK-D-PEW-JED-EN_phrase,regional,PAUSED,PRESENCE,PRESENCE
11946116858,_PK-D-PEW-JFK-EN_exact,long-haul,PAUSED,PRESENCE,PRESENCE
11946129356,_PK-D-PEW-JFK-EN_phrase,long-haul,PAUSED,PRESENCE,PRESENCE
16699742857,_PK-D-PEW-JTR-EN_exact,long-haul,PAUSED,PRESENCE_OR_INTEREST,PRESENCE
16699743022,_PK-D-PEW-JTR-EN_phrase,long-haul,PAUSED,PRESENCE_OR_INTEREST,PRESENCE
11946116624,_PK-D-PEW-KBP-EN_phrase,regional,PAUSED,PRESENCE,PRESENCE
11949509665,_PK-D-PEW-KIX-EN_phrase,regional,PAUSED,PRESENCE,PRESENCE
11945111640,_PK-D-PEW-KUL-EN_exact,regional,PAUSED,PRESENCE,PRESENCE
11946121193,_PK-D-PEW-KUL-EN_phrase,regional,PAUSED,PRESENCE,PRESENCE
11946131936,_PK-D-PEW-KWI-EN_exact,regional,PAUSED,PRESENCE,PRESENCE
11949512041,_PK-D-PEW-LCA-EN_phrase,long-haul,PAUSED,PRESENCE,PRESENCE
11946129035,_PK-D-PEW-LED-EN_phrase,regional,PAUSED,PRESENCE,PRESENCE
11946132863,_PK-D-PEW-LGK-EN_exact,regional,PAUSED,PRESENCE,PRESENCE
11946131645,_PK-D-PEW-LGK-EN_phrase,regional,PAUSED,PRESENCE,PRESENCE
11949508048,_PK-D-PEW-LGW-EN_exact,UK+IE rest,PAUSED,PRESENCE,PRESENCE
11949496489,_PK-D-PEW-LGW-EN_phrase,UK+IE rest,PAUSED,PRESENCE,PRESENCE
11946131888,_PK-D-PEW-LHR-EN_exact,UK+IE rest,PAUSED,PRESENCE,PRESENCE
11946129563,_PK-D-PEW-LHR-EN_phrase,UK+IE rest,PAUSED,PRESENCE,PRESENCE
11946117302,_PK-D-PEW-LON-EN_exact,UK+IE (outside brief list),PAUSED,PRESENCE,PRESENCE
11949511807,_PK-D-PEW-LON-EN_phrase,UK+IE (outside brief list),PAUSED,PRESENCE,PRESENCE
11946125258,_PK-D-PEW-LUX-EN_phrase,long-haul,PAUSED,PRESENCE,PRESENCE
11949510169,_PK-D-PEW-MAD-EN_exact,long-haul,PAUSED,PRESENCE,PRESENCE
11946116582,_PK-D-PEW-MAN-EN_exact,UK+IE rest,PAUSED,PRESENCE,PRESENCE
11949510196,_PK-D-PEW-MAN-EN_phrase,UK+IE rest,PAUSED,PRESENCE,PRESENCE
11945100879,_PK-D-PEW-MBA-EN_phrase,regional,PAUSED,PRESENCE,PRESENCE
12051878524,_PK-D-PEW-MED-EN_exact,regional,PAUSED,PRESENCE,PRESENCE
12051876616,_PK-D-PEW-MED-EN_phrase,regional,PAUSED,PRESENCE,PRESENCE
12047795177,_PK-D-PEW-MEL-EN_exact,long-haul,PAUSED,PRESENCE,PRESENCE
12051878155,_PK-D-PEW-MEL-EN_phrase,long-haul,PAUSED,PRESENCE,PRESENCE
11945100861,_PK-D-PEW-MGQ-EN_phrase,regional,PAUSED,PRESENCE,PRESENCE
11945117928,_PK-D-PEW-MIA-EN_exact,long-haul,PAUSED,PRESENCE,PRESENCE
11949509422,_PK-D-PEW-MLE-EN_phrase,regional,PAUSED,PRESENCE,PRESENCE
11946130250,_PK-D-PEW-MNL-EN_exact,regional,PAUSED,PRESENCE,PRESENCE
11946116531,_PK-D-PEW-MOW-EN_exact,regional,PAUSED,PRESENCE,PRESENCE
11945111232,_PK-D-PEW-MPM-EN_phrase,regional,PAUSED,PRESENCE,PRESENCE
11946115862,_PK-D-PEW-MUC-EN_exact,long-haul,PAUSED,PRESENCE,PRESENCE
11949493885,_PK-D-PEW-MUC-EN_phrase,long-haul,PAUSED,PRESENCE,PRESENCE
11946116156,_PK-D-PEW-MXP-EN_exact,long-haul,PAUSED,PRESENCE,PRESENCE
11946115916,_PK-D-PEW-MXP-EN_phrase,long-haul,PAUSED,PRESENCE,PRESENCE
11949496042,_PK-D-PEW-NCE-EN_phrase,long-haul,PAUSED,PRESENCE,PRESENCE
11946120371,_PK-D-PEW-NJF-EN_exact,regional,PAUSED,PRESENCE,PRESENCE
11949511816,_PK-D-PEW-NRT-EN_exact,regional,PAUSED,PRESENCE,PRESENCE
20706336402,_PK-D-PEW-NUM-EN_phrase,regional,PAUSED,PRESENCE_OR_INTEREST,PRESENCE
11946120233,_PK-D-PEW-NYC-EN_exact,long-haul,PAUSED,PRESENCE,PRESENCE
11945103300,_PK-D-PEW-NYC-EN_phrase,long-haul,PAUSED,PRESENCE,PRESENCE
11946120920,_PK-D-PEW-ORD-EN_exact,long-haul,PAUSED,PRESENCE,PRESENCE
11946130013,_PK-D-PEW-OSL-EN_exact,long-haul,PAUSED,PRESENCE,PRESENCE
11949494077,_PK-D-PEW-OSL-EN_phrase,long-haul,PAUSED,PRESENCE,PRESENCE
11946117344,_PK-D-PEW-OTP-EN_phrase,long-haul,PAUSED,PRESENCE,PRESENCE
11945115732,_PK-D-PEW-PAR-EN_exact,long-haul,PAUSED,PRESENCE,PRESENCE
11946131921,_PK-D-PEW-PAR-EN_phrase,long-haul,PAUSED,PRESENCE,PRESENCE
11946115919,_PK-D-PEW-PEK-EN_exact,regional,PAUSED,PRESENCE,PRESENCE
11949508030,_PK-D-PEW-PEK-EN_phrase,regional,PAUSED,PRESENCE,PRESENCE
12051878341,_PK-D-PEW-PER-EN_phrase,long-haul,PAUSED,PRESENCE,PRESENCE
11949496315,_PK-D-PEW-PHL-EN_phrase,long-haul,PAUSED,PRESENCE,PRESENCE
11946128870,_PK-D-PEW-PRG-EN_phrase,long-haul,PAUSED,PRESENCE,PRESENCE
11949510187,_PK-D-PEW-PVG-EN_exact,regional,PAUSED,PRESENCE,PRESENCE
11946115901,_PK-D-PEW-PVG-EN_phrase,regional,PAUSED,PRESENCE,PRESENCE
11949502993,_PK-D-PEW-RBA-EN_phrase,regional,PAUSED,PRESENCE,PRESENCE
20075025587,_PK-D-PEW-RKT-EN_phrase,regional,PAUSED,PRESENCE_OR_INTEREST,PRESENCE
12051876712,_PK-D-PEW-RUH-EN_exact,regional,PAUSED,PRESENCE,PRESENCE
12051876439,_PK-D-PEW-RUH-EN_phrase,regional,PAUSED,PRESENCE,PRESENCE
11946129056,_PK-D-PEW-SAW-EN_exact,regional,PAUSED,PRESENCE,PRESENCE
11949512125,_PK-D-PEW-SAW-EN_phrase,regional,PAUSED,PRESENCE,PRESENCE
11408656235,_PK-D-PEW-SFO-EN_exact,long-haul,PAUSED,PRESENCE,PRESENCE
11408656250,_PK-D-PEW-SFO-EN_phrase,long-haul,PAUSED,PRESENCE,PRESENCE
11946120392,_PK-D-PEW-SIN-EN_phrase,regional,PAUSED,PRESENCE,PRESENCE
11946116300,_PK-D-PEW-SLL-EN_phrase,regional,PAUSED,PRESENCE,PRESENCE
11946131447,_PK-D-PEW-SOF-EN_phrase,long-haul,PAUSED,PRESENCE,PRESENCE
15021538714,_PK-D-PEW-SVO-EN_exact,regional,PAUSED,PRESENCE_OR_INTEREST,PRESENCE
15021538720,_PK-D-PEW-SVO-EN_phrase,regional,PAUSED,PRESENCE_OR_INTEREST,PRESENCE
12051877423,_PK-D-PEW-SYD-EN_phrase,long-haul,PAUSED,PRESENCE,PRESENCE
11946117008,_PK-D-PEW-TBS-EN_exact,regional,PAUSED,PRESENCE,PRESENCE
11949493663,_PK-D-PEW-TBS-EN_phrase,regional,PAUSED,PRESENCE,PRESENCE
12047795711,_PK-D-PEW-TUU-EN_phrase,regional,PAUSED,PRESENCE,PRESENCE
11949511867,_PK-D-PEW-TXL-EN_exact,long-haul,PAUSED,PRESENCE,PRESENCE
11946125750,_PK-D-PEW-TYO-EN_phrase,regional,PAUSED,PRESENCE,PRESENCE
11949512149,_PK-D-PEW-VCE-EN_phrase,long-haul,PAUSED,PRESENCE,PRESENCE
11949507724,_PK-D-PEW-VIE-EN_phrase,long-haul,PAUSED,PRESENCE,PRESENCE
11946129965,_PK-D-PEW-WAW-EN_exact,long-haul,PAUSED,PRESENCE,PRESENCE
11949502480,_PK-D-PEW-WAW-EN_phrase,long-haul,PAUSED,PRESENCE,PRESENCE
11946125255,_PK-D-PEW-YUL-EN_exact,long-haul,PAUSED,PRESENCE,PRESENCE
11946129335,_PK-D-PEW-YUL-EN_phrase,long-haul,PAUSED,PRESENCE,PRESENCE
17815688097,_PK-D-PEW-YYZ-EN_exact,long-haul,PAUSED,PRESENCE_OR_INTEREST,PRESENCE
11946129584,_PK-D-PEW-ZRH-EN_exact,long-haul,PAUSED,PRESENCE,PRESENCE
11945118408,_PK-D-SKT-ALG-EN_phrase,regional,PAUSED,PRESENCE,PRESENCE
11946115886,_PK-D-SKT-AMM-EN_phrase,regional,PAUSED,PRESENCE,PRESENCE
11945118237,_PK-D-SKT-AMS-EN_exact,long-haul,PAUSED,PRESENCE,PRESENCE
11945115555,_PK-D-SKT-AMS-EN_phrase,long-haul,PAUSED,PRESENCE,PRESENCE
11946121187,_PK-D-SKT-ATH-EN_exact,long-haul,PAUSED,PRESENCE,PRESENCE
11946120206,_PK-D-SKT-AYT-EN_phrase,regional,PAUSED,PRESENCE,PRESENCE
20192023433,_PK-D-SKT-BAH-EN_exact,regional,PAUSED,PRESENCE_OR_INTEREST,PRESENCE
20192023430,_PK-D-SKT-BAH-EN_phrase,regional,PAUSED,PRESENCE_OR_INTEREST,PRESENCE
11946116327,_PK-D-SKT-BCN-EN_exact,long-haul,PAUSED,PRESENCE,PRESENCE
11946126203,_PK-D-SKT-BCN-EN_phrase,long-haul,PAUSED,PRESENCE,PRESENCE
11945118147,_PK-D-SKT-BER-EN_exact,long-haul,PAUSED,PRESENCE,PRESENCE
11949495979,_PK-D-SKT-BER-EN_phrase,long-haul,PAUSED,PRESENCE,PRESENCE
11945101146,_PK-D-SKT-BGW-EN_phrase,regional,PAUSED,PRESENCE,PRESENCE
11946128774,_PK-D-SKT-BKK-EN_exact,regional,PAUSED,PRESENCE,PRESENCE
11946116558,_PK-D-SKT-BKK-EN_phrase,regional,PAUSED,PRESENCE,PRESENCE
11946117320,_PK-D-SKT-BRU-EN_exact,long-haul,PAUSED,PRESENCE,PRESENCE
11945111250,_PK-D-SKT-BRU-EN_phrase,long-haul,PAUSED,PRESENCE,PRESENCE
11946132653,_PK-D-SKT-BSR-EN_phrase,regional,PAUSED,PRESENCE,PRESENCE
11946131498,_PK-D-SKT-BUD-EN_phrase,long-haul,PAUSED,PRESENCE,PRESENCE
12047795504,_PK-D-SKT-CAI-EN_phrase,regional,PAUSED,PRESENCE,PRESENCE
11946130055,_PK-D-SKT-CAN-EN_exact,regional,PAUSED,PRESENCE,PRESENCE
11946133091,_PK-D-SKT-CAN-EN_phrase,regional,PAUSED,PRESENCE,PRESENCE
11945100849,_PK-D-SKT-CDG-EN_exact,long-haul,PAUSED,PRESENCE,PRESENCE
11946130313,_PK-D-SKT-CDG-EN_phrase,long-haul,PAUSED,PRESENCE,PRESENCE
11945093715,_PK-D-SKT-CGK-EN_exact,regional,PAUSED,PRESENCE,PRESENCE
11949493888,_PK-D-SKT-CGK-EN_phrase,regional,PAUSED,PRESENCE,PRESENCE
11945115762,_PK-D-SKT-CHI-EN_exact,long-haul,PAUSED,PRESENCE,PRESENCE
11946129761,_PK-D-SKT-CHI-EN_phrase,long-haul,PAUSED,PRESENCE,PRESENCE
11945101323,_PK-D-SKT-CPT-EN_exact,regional,PAUSED,PRESENCE,PRESENCE
11949509704,_PK-D-SKT-CPT-EN_phrase,regional,PAUSED,PRESENCE,PRESENCE
11945118213,_PK-D-SKT-CTU-EN_phrase,regional,PAUSED,PRESENCE,PRESENCE
11946116324,_PK-D-SKT-DFW-EN_exact,long-haul,PAUSED,PRESENCE,PRESENCE
11949509992,_PK-D-SKT-DME-EN_phrase,regional,PAUSED,PRESENCE,PRESENCE
17815662456,_PK-D-SKT-DMM-EN_exact,regional,PAUSED,PRESENCE_OR_INTEREST,PRESENCE
17816808196,_PK-D-SKT-DMM-EN_phrase,regional,PAUSED,PRESENCE_OR_INTEREST,PRESENCE
11949509221,_PK-D-SKT-DOH-EN_exact,regional,PAUSED,PRESENCE,PRESENCE
11946120434,_PK-D-SKT-DOH-EN_phrase,regional,PAUSED,PRESENCE,PRESENCE
11949495967,_PK-D-SKT-DPS-EN_phrase,regional,PAUSED,PRESENCE,PRESENCE
11946125435,_PK-D-SKT-DUB-EN_phrase,UK+IE rest,PAUSED,PRESENCE,PRESENCE
11949502975,_PK-D-SKT-DUR-EN_phrase,regional,PAUSED,PRESENCE,PRESENCE
17777570371,_PK-D-SKT-DUS-EN_exact,long-haul,PAUSED,PRESENCE_OR_INTEREST,PRESENCE
17777570374,_PK-D-SKT-DUS-EN_phrase,long-haul,PAUSED,PRESENCE_OR_INTEREST,PRESENCE
17815658364,_PK-D-SKT-DXB-EN_exact,regional,PAUSED,PRESENCE_OR_INTEREST,PRESENCE
17815658088,_PK-D-SKT-DXB-EN_phrase,regional,PAUSED,PRESENCE_OR_INTEREST,PRESENCE
11949495973,_PK-D-SKT-EBB-EN_phrase,regional,PAUSED,PRESENCE,PRESENCE
11949511663,_PK-D-SKT-EDI-EN_phrase,UK+IE rest,PAUSED,PRESENCE,PRESENCE
17816808217,_PK-D-SKT-ELQ-EN_phrase,regional,PAUSED,PRESENCE_OR_INTEREST,PRESENCE
11949508042,_PK-D-SKT-EZE-EN_phrase,regional,PAUSED,PRESENCE,PRESENCE
11949509647,_PK-D-SKT-FCO-EN_exact,long-haul,PAUSED,PRESENCE,PRESENCE
11949501832,_PK-D-SKT-FRA-EN_exact,long-haul,PAUSED,PRESENCE,PRESENCE
11946129071,_PK-D-SKT-FRA-EN_phrase,long-haul,PAUSED,PRESENCE,PRESENCE
11949512134,_PK-D-SKT-GRU-EN_phrase,regional,PAUSED,PRESENCE,PRESENCE
11946121145,_PK-D-SKT-GVA-EN_phrase,long-haul,PAUSED,PRESENCE,PRESENCE
11946125648,_PK-D-SKT-GYD-EN_exact,regional,PAUSED,PRESENCE,PRESENCE
11946121340,_PK-D-SKT-GYD-EN_phrase,regional,PAUSED,PRESENCE,PRESENCE
11946121382,_PK-D-SKT-HEL-EN_exact,long-haul,PAUSED,PRESENCE,PRESENCE
11949501973,_PK-D-SKT-HEL-EN_phrase,long-haul,PAUSED,PRESENCE,PRESENCE
11949502963,_PK-D-SKT-HKG-EN_exact,regional,PAUSED,PRESENCE,PRESENCE
11949510133,_PK-D-SKT-HKG-EN_phrase,regional,PAUSED,PRESENCE,PRESENCE
11946131891,_PK-D-SKT-HKT-EN_exact,regional,PAUSED,PRESENCE,PRESENCE
11946116765,_PK-D-SKT-HKT-EN_phrase,regional,PAUSED,PRESENCE,PRESENCE
11949494593,_PK-D-SKT-HND-EN_exact,regional,PAUSED,PRESENCE,PRESENCE
11949507772,_PK-D-SKT-HND-EN_phrase,regional,PAUSED,PRESENCE,PRESENCE
11949502510,_PK-D-SKT-IAD-EN_phrase,long-haul,PAUSED,PRESENCE,PRESENCE
11946117017,_PK-D-SKT-IAH-EN_exact,long-haul,PAUSED,PRESENCE,PRESENCE
11945118450,_PK-D-SKT-IAH-EN_phrase,long-haul,PAUSED,PRESENCE,PRESENCE
11949512104,_PK-D-SKT-ICN-EN_phrase,regional,PAUSED,PRESENCE,PRESENCE
17815662918,_PK-D-SKT-JED-EN_exact,regional,PAUSED,PRESENCE_OR_INTEREST,PRESENCE
17824320446,_PK-D-SKT-JED-EN_phrase,regional,PAUSED,PRESENCE_OR_INTEREST,PRESENCE
11949496000,_PK-D-SKT-JFK-EN_exact,long-haul,PAUSED,PRESENCE,PRESENCE
11946120938,_PK-D-SKT-JNB-EN_phrase,regional,PAUSED,PRESENCE,PRESENCE
11949493882,_PK-D-SKT-KIX-EN_phrase,regional,PAUSED,PRESENCE,PRESENCE
11949496072,_PK-D-SKT-KUL-EN_exact,regional,PAUSED,PRESENCE,PRESENCE
11949496456,_PK-D-SKT-KUL-EN_phrase,regional,PAUSED,PRESENCE,PRESENCE
11946120923,_PK-D-SKT-KWI-EN_exact,regional,PAUSED,PRESENCE,PRESENCE
11949509431,_PK-D-SKT-KWI-EN_phrase,regional,PAUSED,PRESENCE,PRESENCE
11949510127,_PK-D-SKT-LAX-EN_exact,long-haul,PAUSED,PRESENCE,PRESENCE
11946132680,_PK-D-SKT-LCA-EN_phrase,long-haul,PAUSED,PRESENCE,PRESENCE
11945115516,_PK-D-SKT-LGW-EN_exact,UK+IE rest,PAUSED,PRESENCE,PRESENCE
11945103555,_PK-D-SKT-LGW-EN_phrase,UK+IE rest,PAUSED,PRESENCE,PRESENCE
11945103522,_PK-D-SKT-LHR-EN_exact,UK+IE rest,PAUSED,PRESENCE,PRESENCE
11949494137,_PK-D-SKT-LHR-EN_phrase,UK+IE rest,PAUSED,PRESENCE,PRESENCE
11946131462,_PK-D-SKT-LON-EN_exact,UK+IE (outside brief list),PAUSED,PRESENCE,PRESENCE
11949507784,_PK-D-SKT-LON-EN_phrase,UK+IE (outside brief list),PAUSED,PRESENCE,PRESENCE
11949502921,_PK-D-SKT-LUX-EN_exact,long-haul,PAUSED,PRESENCE,PRESENCE
11949511849,_PK-D-SKT-MAD-EN_exact,long-haul,PAUSED,PRESENCE,PRESENCE
11949509278,_PK-D-SKT-MAD-EN_phrase,long-haul,PAUSED,PRESENCE,PRESENCE
11946131678,_PK-D-SKT-MAN-EN_exact,UK+IE rest,PAUSED,PRESENCE,PRESENCE
11945115774,_PK-D-SKT-MCT-EN_exact,regional,PAUSED,PRESENCE,PRESENCE
11945112417,_PK-D-SKT-MCT-EN_phrase,regional,PAUSED,PRESENCE,PRESENCE
14857582043,_PK-D-SKT-MED-EN_phrase,regional,PAUSED,PRESENCE_OR_INTEREST,PRESENCE
12051877660,_PK-D-SKT-MEL-EN_exact,long-haul,PAUSED,PRESENCE,PRESENCE
12051877573,_PK-D-SKT-MEL-EN_phrase,long-haul,PAUSED,PRESENCE,PRESENCE
11949494296,_PK-D-SKT-MIA-EN_phrase,long-haul,PAUSED,PRESENCE,PRESENCE
11946133139,_PK-D-SKT-MLE-EN_exact,regional,PAUSED,PRESENCE,PRESENCE
11949494611,_PK-D-SKT-MLE-EN_phrase,regional,PAUSED,PRESENCE,PRESENCE
11949507802,_PK-D-SKT-MNL-EN_phrase,regional,PAUSED,PRESENCE,PRESENCE
11949501811,_PK-D-SKT-MPM-EN_phrase,regional,PAUSED,PRESENCE,PRESENCE
11946130214,_PK-D-SKT-MUC-EN_exact,long-haul,PAUSED,PRESENCE,PRESENCE
11946120707,_PK-D-SKT-MUC-EN_phrase,long-haul,PAUSED,PRESENCE,PRESENCE
11949512092,_PK-D-SKT-MXP-EN_exact,long-haul,PAUSED,PRESENCE,PRESENCE
11946117797,_PK-D-SKT-MXP-EN_phrase,long-haul,PAUSED,PRESENCE,PRESENCE
11949496273,_PK-D-SKT-NJF-EN_phrase,regional,PAUSED,PRESENCE,PRESENCE
11945101101,_PK-D-SKT-NRT-EN_exact,regional,PAUSED,PRESENCE,PRESENCE
11945112135,_PK-D-SKT-NYC-EN_exact,long-haul,PAUSED,PRESENCE,PRESENCE
11949493612,_PK-D-SKT-OSL-EN_exact,long-haul,PAUSED,PRESENCE,PRESENCE
11949509683,_PK-D-SKT-OSL-EN_phrase,long-haul,PAUSED,PRESENCE,PRESENCE
11946131495,_PK-D-SKT-PAR-EN_phrase,long-haul,PAUSED,PRESENCE,PRESENCE
12047795162,_PK-D-SKT-PER-EN_exact,long-haul,PAUSED,PRESENCE,PRESENCE
12047795645,_PK-D-SKT-PER-EN_phrase,long-haul,PAUSED,PRESENCE,PRESENCE
11946120869,_PK-D-SKT-PHL-EN_phrase,long-haul,PAUSED,PRESENCE,PRESENCE
11949502936,_PK-D-SKT-PVG-EN_phrase,regional,PAUSED,PRESENCE,PRESENCE
11949509944,_PK-D-SKT-RAK-EN_phrase,regional,PAUSED,PRESENCE,PRESENCE
12067056636,_PK-D-SKT-RUH-EN_exact,regional,PAUSED,PRESENCE,PRESENCE
12067056624,_PK-D-SKT-RUH-EN_phrase,regional,PAUSED,PRESENCE,PRESENCE
11945103270,_PK-D-SKT-SAW-EN_exact,regional,PAUSED,PRESENCE,PRESENCE
11949512146,_PK-D-SKT-SAW-EN_phrase,regional,PAUSED,PRESENCE,PRESENCE
17815662903,_PK-D-SKT-SHJ-EN_phrase,regional,PAUSED,PRESENCE_OR_INTEREST,PRESENCE
11949509908,_PK-D-SKT-SIN-EN_exact,regional,PAUSED,PRESENCE,PRESENCE
11946117560,_PK-D-SKT-SIN-EN_phrase,regional,PAUSED,PRESENCE,PRESENCE
11949502792,_PK-D-SKT-SLL-EN_phrase,regional,PAUSED,PRESENCE,PRESENCE
11946131468,_PK-D-SKT-SOF-EN_phrase,long-haul,PAUSED,PRESENCE,PRESENCE
15021538798,_PK-D-SKT-SVO-EN_exact,regional,PAUSED,PRESENCE_OR_INTEREST,PRESENCE
15021538744,_PK-D-SKT-SVO-EN_phrase,regional,PAUSED,PRESENCE_OR_INTEREST,PRESENCE
12047795660,_PK-D-SKT-SYD-EN_phrase,long-haul,PAUSED,PRESENCE,PRESENCE
11946131684,_PK-D-SKT-TBS-EN_phrase,regional,PAUSED,PRESENCE,PRESENCE
11949508228,_PK-D-SKT-TUN-EN_phrase,regional,PAUSED,PRESENCE,PRESENCE
12051877159,_PK-D-SKT-TUU-EN_phrase,regional,PAUSED,PRESENCE,PRESENCE
11945115357,_PK-D-SKT-TYO-EN_phrase,regional,PAUSED,PRESENCE,PRESENCE
11945115591,_PK-D-SKT-VCE-EN_phrase,long-haul,PAUSED,PRESENCE,PRESENCE
11945117940,_PK-D-SKT-VIE-EN_exact,long-haul,PAUSED,PRESENCE,PRESENCE
11946117587,_PK-D-SKT-YUL-EN_exact,long-haul,PAUSED,PRESENCE,PRESENCE
11949494146,_PK-D-SKT-YUL-EN_phrase,long-haul,PAUSED,PRESENCE,PRESENCE
12937689269,_PK-D-XXX-ABJ-EN_exact,regional,PAUSED,PRESENCE_OR_INTEREST,PRESENCE
12047794967,_PK-D-XXX-ABV-EN_exact,regional,PAUSED,PRESENCE,PRESENCE
12051877192,_PK-D-XXX-ABV-EN_phrase,regional,PAUSED,PRESENCE,PRESENCE
17824337009,_PK-D-XXX-ABZ-EN_exact,UK+IE (outside brief list),PAUSED,PRESENCE_OR_INTEREST,PRESENCE
17816807161,_PK-D-XXX-ABZ-EN_phrase,UK+IE (outside brief list),PAUSED,PRESENCE_OR_INTEREST,PRESENCE
1943557845,_PK-D-XXX-ADB-EN_exact,regional,PAUSED,PRESENCE,PRESENCE
1943557848,_PK-D-XXX-ADB-EN_phrase,regional,PAUSED,PRESENCE,PRESENCE
17824337003,_PK-D-XXX-ADD-EN_exact,regional,PAUSED,PRESENCE_OR_INTEREST,PRESENCE
17824320467,_PK-D-XXX-ADD-EN_phrase,regional,PAUSED,PRESENCE_OR_INTEREST,PRESENCE
12308149192,_PK-D-XXX-ADL-EN_phrase,long-haul,PAUSED,PRESENCE,PRESENCE
1435244116,_PK-D-XXX-AGP-EN_phrase,long-haul,PAUSED,PRESENCE,PRESENCE
12308149093,_PK-D-XXX-AKL-EN_exact,long-haul,PAUSED,PRESENCE,PRESENCE
12308149384,_PK-D-XXX-AKL-EN_phrase,long-haul,PAUSED,PRESENCE,PRESENCE
1339379447,_PK-D-XXX-AMS-EN_exact,long-haul,PAUSED,PRESENCE,PRESENCE
1339973481,_PK-D-XXX-AMS-EN_phrase,long-haul,PAUSED,PRESENCE,PRESENCE
1340191876,_PK-D-XXX-ARN-EN_exact,long-haul,PAUSED,PRESENCE,PRESENCE
1340187253,_PK-D-XXX-ARN-EN_phrase,long-haul,PAUSED,PRESENCE,PRESENCE
1339373495,_PK-D-XXX-ATH-EN_exact,long-haul,PAUSED,PRESENCE,PRESENCE
1340182696,_PK-D-XXX-ATH-EN_phrase,long-haul,PAUSED,PRESENCE,PRESENCE
1339378031,_PK-D-XXX-ATL-EN_exact,long-haul,PAUSED,PRESENCE,PRESENCE
1339972065,_PK-D-XXX-ATL-EN_phrase,long-haul,PAUSED,PRESENCE,PRESENCE
12051876868,_PK-D-XXX-AUH-EN_exact,regional,PAUSED,PRESENCE,PRESENCE
12051878305,_PK-D-XXX-AUH-EN_phrase,regional,PAUSED,PRESENCE,PRESENCE
17815658562,_PK-D-XXX-AUS-EN_exact,long-haul,PAUSED,PRESENCE_OR_INTEREST,PRESENCE
17824328567,_PK-D-XXX-AUS-EN_phrase,long-haul,PAUSED,PRESENCE_OR_INTEREST,PRESENCE
1436079086,_PK-D-XXX-AYT-EN_exact,regional,PAUSED,PRESENCE,PRESENCE
1436079083,_PK-D-XXX-AYT-EN_phrase,regional,PAUSED,PRESENCE,PRESENCE
12051878344,_PK-D-XXX-BAH-EN_exact,regional,PAUSED,PRESENCE,PRESENCE
12047794973,_PK-D-XXX-BAH-EN_phrase,regional,PAUSED,PRESENCE,PRESENCE
1339373507,_PK-D-XXX-BCN-EN_exact,long-haul,PAUSED,PRESENCE,PRESENCE
1340182708,_PK-D-XXX-BCN-EN_phrase,long-haul,PAUSED,PRESENCE,PRESENCE
17815688118,_PK-D-XXX-BEG-EN_exact,long-haul,PAUSED,PRESENCE_OR_INTEREST,PRESENCE
17815658289,_PK-D-XXX-BEG-EN_phrase,long-haul,PAUSED,PRESENCE_OR_INTEREST,PRESENCE
1340189755,_PK-D-XXX-BER-EN_phrase,long-haul,PAUSED,PRESENCE,PRESENCE
1340195236,_PK-D-XXX-BEY-EN_exact,regional,PAUSED,PRESENCE,PRESENCE
17815641504,_PK-D-XXX-BGO-EN_exact,long-haul,PAUSED,PRESENCE_OR_INTEREST,PRESENCE
17815688562,_PK-D-XXX-BGO-EN_phrase,long-haul,PAUSED,PRESENCE_OR_INTEREST,PRESENCE
1339977990,_PK-D-XXX-BGW-EN_exact,regional,PAUSED,PRESENCE,PRESENCE
17816807959,_PK-D-XXX-BHD-EN_exact,UK+IE (outside brief list),PAUSED,PRESENCE_OR_INTEREST,PRESENCE
17816819242,_PK-D-XXX-BHD-EN_phrase,UK+IE (outside brief list),PAUSED,PRESENCE_OR_INTEREST,PRESENCE
17816807416,_PK-D-XXX-BHM-EN_exact,long-haul,PAUSED,PRESENCE_OR_INTEREST,PRESENCE
17816808604,_PK-D-XXX-BHM-EN_phrase,long-haul,PAUSED,PRESENCE_OR_INTEREST,PRESENCE
1339377836,_PK-D-XXX-BHX-EN_exact,UK+IE rest,PAUSED,PRESENCE,PRESENCE
1339971990,_PK-D-XXX-BHX-EN_phrase,UK+IE rest,PAUSED,PRESENCE,PRESENCE
1435241275,_PK-D-XXX-BJV-EN_exact,regional,PAUSED,PRESENCE,PRESENCE
1339373516,_PK-D-XXX-BKK-EN_exact,regional,PAUSED,PRESENCE,PRESENCE
1340182717,_PK-D-XXX-BKK-EN_phrase,regional,PAUSED,PRESENCE,PRESENCE
17816807452,_PK-D-XXX-BNE-EN_exact,long-haul,PAUSED,PRESENCE_OR_INTEREST,PRESENCE
17815688115,_PK-D-XXX-BNE-EN_phrase,long-haul,PAUSED,PRESENCE_OR_INTEREST,PRESENCE
1339377827,_PK-D-XXX-BOS-EN_exact,long-haul,PAUSED,PRESENCE,PRESENCE
1339971981,_PK-D-XXX-BOS-EN_phrase,long-haul,PAUSED,PRESENCE,PRESENCE
1340192575,_PK-D-XXX-BRU-EN_exact,long-haul,PAUSED,PRESENCE,PRESENCE
1340187832,_PK-D-XXX-BRU-EN_phrase,long-haul,PAUSED,PRESENCE,PRESENCE
1340189245,_PK-D-XXX-BSR-EN_phrase,regional,PAUSED,PRESENCE,PRESENCE
1340192581,_PK-D-XXX-BUD-EN_exact,long-haul,PAUSED,PRESENCE,PRESENCE
1340187838,_PK-D-XXX-BUD-EN_phrase,long-haul,PAUSED,PRESENCE,PRESENCE
14881840775,_PK-D-XXX-BUF-EN_phrase,long-haul,PAUSED,PRESENCE_OR_INTEREST,PRESENCE
12047795471,_PK-D-XXX-CAI-EN_exact,regional,PAUSED,PRESENCE,PRESENCE
12051877645,_PK-D-XXX-CAI-EN_phrase,regional,PAUSED,PRESENCE,PRESENCE
1340192878,_PK-D-XXX-CAN-EN_exact,regional,PAUSED,PRESENCE,PRESENCE
1340188990,_PK-D-XXX-CAN-EN_phrase,regional,PAUSED,PRESENCE,PRESENCE
1339978791,_PK-D-XXX-CBR-EN_exact,long-haul,PAUSED,PRESENCE,PRESENCE
1339974891,_PK-D-XXX-CBR-EN_phrase,long-haul,PAUSED,PRESENCE,PRESENCE
1340191654,_PK-D-XXX-CDG-EN_exact,long-haul,PAUSED,PRESENCE,PRESENCE
1339369619,_PK-D-XXX-CDG-EN_phrase,long-haul,PAUSED,PRESENCE,PRESENCE
1339373642,_PK-D-XXX-CGK-EN_exact,regional,PAUSED,PRESENCE,PRESENCE
1340182723,_PK-D-XXX-CGK-EN_phrase,regional,PAUSED,PRESENCE,PRESENCE
1340193490,_PK-D-XXX-CHI-EN_exact,long-haul,PAUSED,PRESENCE,PRESENCE
1340189482,_PK-D-XXX-CHI-EN_phrase,long-haul,PAUSED,PRESENCE,PRESENCE
12308149372,_PK-D-XXX-CKG-EN_exact,regional,PAUSED,PRESENCE,PRESENCE
12308149102,_PK-D-XXX-CKG-EN_phrase,regional,PAUSED,PRESENCE,PRESENCE
17815688379,_PK-D-XXX-CLE-EN_phrase,long-haul,PAUSED,PRESENCE_OR_INTEREST,PRESENCE
17815641786,_PK-D-XXX-CLT-EN_phrase,long-haul,PAUSED,PRESENCE_OR_INTEREST,PRESENCE
17815640136,_PK-D-XXX-CMH-EN_exact,long-haul,PAUSED,PRESENCE_OR_INTEREST,PRESENCE
17815688139,_PK-D-XXX-CMH-EN_phrase,long-haul,PAUSED,PRESENCE_OR_INTEREST,PRESENCE
1340187997,_PK-D-XXX-CMN-EN_phrase,regional,PAUSED,PRESENCE,PRESENCE
1339971831,_PK-D-XXX-CNX-EN_phrase,regional,PAUSED,PRESENCE,PRESENCE
1339978068,_PK-D-XXX-CPH-EN_exact,long-haul,PAUSED,PRESENCE,PRESENCE
1339369349,_PK-D-XXX-CPH-EN_phrase,long-haul,PAUSED,PRESENCE,PRESENCE
1339373651,_PK-D-XXX-CPT-EN_exact,regional,PAUSED,PRESENCE,PRESENCE
1340182732,_PK-D-XXX-CPT-EN_phrase,regional,PAUSED,PRESENCE,PRESENCE
17824320674,_PK-D-XXX-CRK-EN_exact,regional,PAUSED,PRESENCE_OR_INTEREST,PRESENCE
17815640547,_PK-D-XXX-CRK-EN_phrase,regional,PAUSED,PRESENCE_OR_INTEREST,PRESENCE
1339978209,_PK-D-XXX-CTU-EN_exact,regional,PAUSED,PRESENCE,PRESENCE
1339369370,_PK-D-XXX-CTU-EN_phrase,regional,PAUSED,PRESENCE,PRESENCE
1339378961,_PK-D-XXX-DAR-EN_exact,regional,PAUSED,PRESENCE,PRESENCE
17816819278,_PK-D-XXX-DEN-EN_phrase,long-haul,PAUSED,PRESENCE_OR_INTEREST,PRESENCE
1339377977,_PK-D-XXX-DFW-EN_exact,long-haul,PAUSED,PRESENCE,PRESENCE
1339972011,_PK-D-XXX-DFW-EN_phrase,long-haul,PAUSED,PRESENCE,PRESENCE
1339369166,_PK-D-XXX-DME-EN_phrase,regional,PAUSED,PRESENCE,PRESENCE
12051878527,_PK-D-XXX-DMM-EN_exact,regional,PAUSED,PRESENCE,PRESENCE
12051877393,_PK-D-XXX-DMM-EN_phrase,regional,PAUSED,PRESENCE,PRESENCE
1339978212,_PK-D-XXX-DOH-EN_exact,regional,PAUSED,PRESENCE,PRESENCE
1339369373,_PK-D-XXX-DOH-EN_phrase,regional,PAUSED,PRESENCE,PRESENCE
1340195248,_PK-D-XXX-DPS-EN_exact,regional,PAUSED,PRESENCE,PRESENCE
1339372718,_PK-D-XXX-DPS-EN_phrase,regional,PAUSED,PRESENCE,PRESENCE
12051878311,_PK-D-XXX-DTW-EN_exact,long-haul,PAUSED,PRESENCE,PRESENCE
1340196634,_PK-D-XXX-DUB-EN_exact,UK+IE rest,PAUSED,PRESENCE,PRESENCE
1339974462,_PK-D-XXX-DUB-EN_phrase,UK+IE rest,PAUSED,PRESENCE,PRESENCE
1339977720,_PK-D-XXX-DUR-EN_exact,regional,PAUSED,PRESENCE,PRESENCE
1339368881,_PK-D-XXX-DUR-EN_phrase,regional,PAUSED,PRESENCE,PRESENCE
17777570398,_PK-D-XXX-DUS-EN_phrase,long-haul,PAUSED,PRESENCE_OR_INTEREST,PRESENCE
2041447679,_PK-D-XXX-DVO-EN_exact,regional,PAUSED,PRESENCE,PRESENCE
2041447604,_PK-D-XXX-DVO-EN_phrase,regional,PAUSED,PRESENCE,PRESENCE
12051877615,_PK-D-XXX-DXB-EN_exact,regional,PAUSED,PRESENCE,PRESENCE
12051876910,_PK-D-XXX-DXB-EN_phrase,regional,PAUSED,PRESENCE,PRESENCE
1339369184,_PK-D-XXX-EBL-EN_phrase,regional,PAUSED,PRESENCE,PRESENCE
17815641093,_PK-D-XXX-ECN-EN_exact,long-haul,PAUSED,PRESENCE_OR_INTEREST,PRESENCE
17815691958,_PK-D-XXX-ECN-EN_phrase,long-haul,PAUSED,PRESENCE_OR_INTEREST,PRESENCE
1339977780,_PK-D-XXX-EDI-EN_exact,UK+IE rest,PAUSED,PRESENCE,PRESENCE
1339368941,_PK-D-XXX-EDI-EN_phrase,UK+IE rest,PAUSED,PRESENCE,PRESENCE
17824328141,_PK-D-XXX-ELQ-EN_exact,regional,PAUSED,PRESENCE_OR_INTEREST,PRESENCE
17816807440,_PK-D-XXX-ELQ-EN_phrase,regional,PAUSED,PRESENCE_OR_INTEREST,PRESENCE
1340193286,_PK-D-XXX-ESB-EN_exact,regional,PAUSED,PRESENCE,PRESENCE
1339378799,_PK-D-XXX-FCO-EN_exact,long-haul,PAUSED,PRESENCE,PRESENCE
1339972953,_PK-D-XXX-FCO-EN_phrase,long-haul,PAUSED,PRESENCE,PRESENCE
1339373666,_PK-D-XXX-FRA-EN_exact,long-haul,PAUSED,PRESENCE,PRESENCE
1340182747,_PK-D-XXX-FRA-EN_phrase,long-haul,PAUSED,PRESENCE,PRESENCE
17816827120,_PK-D-XXX-FSD-EN_phrase,long-haul,PAUSED,PRESENCE_OR_INTEREST,PRESENCE
17824320653,_PK-D-XXX-GLA-EN_exact,UK+IE (outside brief list),PAUSED,PRESENCE_OR_INTEREST,PRESENCE
17816807707,_PK-D-XXX-GLA-EN_phrase,UK+IE (outside brief list),PAUSED,PRESENCE_OR_INTEREST,PRESENCE
1660568760,_PK-D-XXX-GOT-EN_exact,long-haul,PAUSED,PRESENCE,PRESENCE
1660568637,_PK-D-XXX-GOT-EN_phrase,long-haul,PAUSED,PRESENCE,PRESENCE
1339375331,_PK-D-XXX-GRU-EN_exact,regional,PAUSED,PRESENCE,PRESENCE
1339370303,_PK-D-XXX-GRU-EN_phrase,regional,PAUSED,PRESENCE,PRESENCE
1340193037,_PK-D-XXX-GVA-EN_exact,long-haul,PAUSED,PRESENCE,PRESENCE
1340189029,_PK-D-XXX-GVA-EN_phrase,long-haul,PAUSED,PRESENCE,PRESENCE
1340192599,_PK-D-XXX-GYD-EN_exact,regional,PAUSED,PRESENCE,PRESENCE
1340187976,_PK-D-XXX-GYD-EN_phrase,regional,PAUSED,PRESENCE,PRESENCE
17824320707,_PK-D-XXX-HAN-EN_phrase,regional,PAUSED,PRESENCE_OR_INTEREST,PRESENCE
17816827408,_PK-D-XXX-HAU-EN_phrase,regional,PAUSED,PRESENCE_OR_INTEREST,PRESENCE
1339377806,_PK-D-XXX-HEL-EN_exact,long-haul,PAUSED,PRESENCE,PRESENCE
1339971960,_PK-D-XXX-HEL-EN_phrase,long-haul,PAUSED,PRESENCE,PRESENCE
1340193355,_PK-D-XXX-HGH-EN_exact,regional,PAUSED,PRESENCE,PRESENCE
1340189467,_PK-D-XXX-HGH-EN_phrase,regional,PAUSED,PRESENCE,PRESENCE
1340193040,_PK-D-XXX-HKG-EN_exact,regional,PAUSED,PRESENCE,PRESENCE
1340189032,_PK-D-XXX-HKG-EN_phrase,regional,PAUSED,PRESENCE,PRESENCE
1339375190,_PK-D-XXX-HKT-EN_exact,regional,PAUSED,PRESENCE,PRESENCE
1339370282,_PK-D-XXX-HKT-EN_phrase,regional,PAUSED,PRESENCE,PRESENCE
1340193505,_PK-D-XXX-HND-EN_exact,regional,PAUSED,PRESENCE,PRESENCE
1340189497,_PK-D-XXX-HND-EN_phrase,regional,PAUSED,PRESENCE,PRESENCE
1339373675,_PK-D-XXX-IAD-EN_exact,long-haul,PAUSED,PRESENCE,PRESENCE
1340182756,_PK-D-XXX-IAD-EN_phrase,long-haul,PAUSED,PRESENCE,PRESENCE
1340195278,_PK-D-XXX-IAH-EN_exact,long-haul,PAUSED,PRESENCE,PRESENCE
1339372748,_PK-D-XXX-IAH-EN_phrase,long-haul,PAUSED,PRESENCE,PRESENCE
1340192608,_PK-D-XXX-ICN-EN_exact,regional,PAUSED,PRESENCE,PRESENCE
1340187985,_PK-D-XXX-ICN-EN_phrase,regional,PAUSED,PRESENCE,PRESENCE
1339373690,_PK-D-XXX-IST-EN_exact,regional,PAUSED,PRESENCE,PRESENCE
1340182771,_PK-D-XXX-IST-EN_phrase,regional,PAUSED,PRESENCE,PRESENCE
17815688352,_PK-D-XXX-JAX-EN_exact,long-haul,PAUSED,PRESENCE_OR_INTEREST,PRESENCE
12051877420,_PK-D-XXX-JED-EN_exact,regional,PAUSED,PRESENCE,PRESENCE
12051876685,_PK-D-XXX-JED-EN_phrase,regional,PAUSED,PRESENCE,PRESENCE
1339373702,_PK-D-XXX-JFK-EN_exact,long-haul,PAUSED,PRESENCE,PRESENCE
1340182783,_PK-D-XXX-JFK-EN_phrase,long-haul,PAUSED,PRESENCE,PRESENCE
1340192611,_PK-D-XXX-JIB-EN_exact,regional,PAUSED,PRESENCE,PRESENCE
1340187988,_PK-D-XXX-JIB-EN_phrase,regional,PAUSED,PRESENCE,PRESENCE
1340192143,_PK-D-XXX-JNB-EN_exact,regional,PAUSED,PRESENCE,PRESENCE
1340187520,_PK-D-XXX-JNB-EN_phrase,regional,PAUSED,PRESENCE,PRESENCE
17824328354,_PK-D-XXX-JRO-EN_phrase,regional,PAUSED,PRESENCE_OR_INTEREST,PRESENCE
16699743010,_PK-D-XXX-JTR-EN_exact,long-haul,PAUSED,PRESENCE_OR_INTEREST,PRESENCE
16699743004,_PK-D-XXX-JTR-EN_phrase,long-haul,PAUSED,PRESENCE_OR_INTEREST,PRESENCE
15970618508,_PK-D-XXX-KAN-EN_exact,regional,PAUSED,PRESENCE_OR_INTEREST,PRESENCE
15970618460,_PK-D-XXX-KAN-EN_phrase,regional,PAUSED,PRESENCE_OR_INTEREST,PRESENCE
1339974852,_PK-D-XXX-KBP-EN_phrase,regional,PAUSED,PRESENCE,PRESENCE
1339971969,_PK-D-XXX-KBV-EN_phrase,regional,PAUSED,PRESENCE,PRESENCE
17824284944,_PK-D-XXX-KEF-EN_exact,long-haul,PAUSED,PRESENCE_OR_INTEREST,PRESENCE
17816807956,_PK-D-XXX-KEF-EN_phrase,long-haul,PAUSED,PRESENCE_OR_INTEREST,PRESENCE
1339378943,_PK-D-XXX-KGL-EN_exact,regional,PAUSED,PRESENCE,PRESENCE
1340188015,_PK-D-XXX-KIX-EN_phrase,regional,PAUSED,PRESENCE,PRESENCE
1339978041,_PK-D-XXX-KUL-EN_exact,regional,PAUSED,PRESENCE,PRESENCE
1339369322,_PK-D-XXX-KUL-EN_phrase,regional,PAUSED,PRESENCE,PRESENCE
1339373720,_PK-D-XXX-KWI-EN_exact,regional,PAUSED,PRESENCE,PRESENCE
1340182921,_PK-D-XXX-KWI-EN_phrase,regional,PAUSED,PRESENCE,PRESENCE
17815692423,_PK-D-XXX-LAS-EN_exact,long-haul,PAUSED,PRESENCE_OR_INTEREST,PRESENCE
17815640325,_PK-D-XXX-LAS-EN_phrase,long-haul,PAUSED,PRESENCE_OR_INTEREST,PRESENCE
1339378013,_PK-D-XXX-LAX-EN_exact,long-haul,PAUSED,PRESENCE,PRESENCE
1339972047,_PK-D-XXX-LAX-EN_phrase,long-haul,PAUSED,PRESENCE,PRESENCE
1339377986,_PK-D-XXX-LCA-EN_exact,long-haul,PAUSED,PRESENCE,PRESENCE
1339972020,_PK-D-XXX-LCA-EN_phrase,long-haul,PAUSED,PRESENCE,PRESENCE
1339970805,_PK-D-XXX-LED-EN_phrase,regional,PAUSED,PRESENCE,PRESENCE
17816807446,_PK-D-XXX-LEX-EN_phrase,long-haul,PAUSED,PRESENCE_OR_INTEREST,PRESENCE
2038984965,_PK-D-XXX-LGK-EN_exact,regional,PAUSED,PRESENCE,PRESENCE
2038984767,_PK-D-XXX-LGK-EN_phrase,regional,PAUSED,PRESENCE,PRESENCE
1397201218,_PK-D-XXX-LGW-EN_exact,UK+IE rest,PAUSED,PRESENCE,PRESENCE
1397201215,_PK-D-XXX-LGW-EN_phrase,UK+IE rest,PAUSED,PRESENCE,PRESENCE
1339378976,_PK-D-XXX-LHR-EN_exact,UK+IE rest,PAUSED,PRESENCE,PRESENCE
1339973010,_PK-D-XXX-LHR-EN_phrase,UK+IE rest,PAUSED,PRESENCE,PRESENCE
12051877384,_PK-D-XXX-LIS-EN_exact,long-haul,PAUSED,PRESENCE,PRESENCE
12047795411,_PK-D-XXX-LIS-EN_phrase,long-haul,PAUSED,PRESENCE,PRESENCE
1340193052,_PK-D-XXX-LON-EN_exact,UK+IE (outside brief list),PAUSED,PRESENCE,PRESENCE
1340189164,_PK-D-XXX-LON-EN_phrase,UK+IE (outside brief list),PAUSED,PRESENCE,PRESENCE
1339377995,_PK-D-XXX-LOS-EN_exact,regional,PAUSED,PRESENCE,PRESENCE
1339977804,_PK-D-XXX-LUX-EN_exact,long-haul,PAUSED,PRESENCE,PRESENCE
1339369085,_PK-D-XXX-LUX-EN_phrase,long-haul,PAUSED,PRESENCE,PRESENCE
1339373729,_PK-D-XXX-MAD-EN_exact,long-haul,PAUSED,PRESENCE,PRESENCE
1340182930,_PK-D-XXX-MAD-EN_phrase,long-haul,PAUSED,PRESENCE,PRESENCE
1339373732,_PK-D-XXX-MAN-EN_exact,UK+IE rest,PAUSED,PRESENCE,PRESENCE
1340182933,_PK-D-XXX-MAN-EN_phrase,UK+IE rest,PAUSED,PRESENCE,PRESENCE
1645680920,_PK-D-XXX-MBA-EN_phrase,regional,PAUSED,PRESENCE,PRESENCE
12051877321,_PK-D-XXX-MCI-EN_exact,long-haul,PAUSED,PRESENCE,PRESENCE
12051877663,_PK-D-XXX-MCI-EN_phrase,long-haul,PAUSED,PRESENCE,PRESENCE
14881840766,_PK-D-XXX-MCO-EN_exact,long-haul,PAUSED,PRESENCE_OR_INTEREST,PRESENCE
14881840757,_PK-D-XXX-MCO-EN_phrase,long-haul,PAUSED,PRESENCE_OR_INTEREST,PRESENCE
1340195413,_PK-D-XXX-MCT-EN_exact,regional,PAUSED,PRESENCE,PRESENCE
1339372763,_PK-D-XXX-MCT-EN_phrase,regional,PAUSED,PRESENCE,PRESENCE
12051878521,_PK-D-XXX-MED-EN_phrase,regional,PAUSED,PRESENCE,PRESENCE
1340193523,_PK-D-XXX-MEL-EN_exact,long-haul,PAUSED,PRESENCE,PRESENCE
1340189515,_PK-D-XXX-MEL-EN_phrase,long-haul,PAUSED,PRESENCE,PRESENCE
17816819227,_PK-D-XXX-MEM-EN_exact,long-haul,PAUSED,PRESENCE_OR_INTEREST,PRESENCE
2050314213,_PK-D-XXX-MGQ-EN_phrase,regional,PAUSED,PRESENCE,PRESENCE
1339977570,_PK-D-XXX-MIA-EN_exact,long-haul,PAUSED,PRESENCE,PRESENCE
1914079674,_PK-D-XXX-MLA-EN_exact,long-haul,PAUSED,PRESENCE,PRESENCE
1914079677,_PK-D-XXX-MLA-EN_phrase,long-haul,PAUSED,PRESENCE,PRESENCE
1339370321,_PK-D-XXX-MNL-EN_phrase,regional,PAUSED,PRESENCE,PRESENCE
1340195428,_PK-D-XXX-MOW-EN_exact,regional,PAUSED,PRESENCE,PRESENCE
1339372778,_PK-D-XXX-MOW-EN_phrase,regional,PAUSED,PRESENCE,PRESENCE
1339370327,_PK-D-XXX-MPM-EN_phrase,regional,PAUSED,PRESENCE,PRESENCE
17824320608,_PK-D-XXX-MSP-EN_exact,long-haul,PAUSED,PRESENCE_OR_INTEREST,PRESENCE
17815641486,_PK-D-XXX-MSP-EN_phrase,long-haul,PAUSED,PRESENCE_OR_INTEREST,PRESENCE
17816807209,_PK-D-XXX-MSY-EN_phrase,long-haul,PAUSED,PRESENCE_OR_INTEREST,PRESENCE
1340195698,_PK-D-XXX-MUC-EN_exact,long-haul,PAUSED,PRESENCE,PRESENCE
1339373168,_PK-D-XXX-MUC-EN_phrase,long-haul,PAUSED,PRESENCE,PRESENCE
1339978266,_PK-D-XXX-MXP-EN_exact,long-haul,PAUSED,PRESENCE,PRESENCE
1339369427,_PK-D-XXX-MXP-EN_phrase,long-haul,PAUSED,PRESENCE,PRESENCE
1340187103,_PK-D-XXX-NBO-EN_phrase,regional,PAUSED,PRESENCE,PRESENCE
1340196220,_PK-D-XXX-NCE-EN_exact,long-haul,PAUSED,PRESENCE,PRESENCE
1339974168,_PK-D-XXX-NCE-EN_phrase,long-haul,PAUSED,PRESENCE,PRESENCE
17816819200,_PK-D-XXX-NCL-EN_phrase,UK+IE (outside brief list),PAUSED,PRESENCE_OR_INTEREST,PRESENCE
1339373741,_PK-D-XXX-NJF-EN_exact,regional,PAUSED,PRESENCE,PRESENCE
1340182942,_PK-D-XXX-NJF-EN_phrase,regional,PAUSED,PRESENCE,PRESENCE
1340193307,_PK-D-XXX-NRT-EN_exact,regional,PAUSED,PRESENCE,PRESENCE
1340189419,_PK-D-XXX-NRT-EN_phrase,regional,PAUSED,PRESENCE,PRESENCE
20706336468,_PK-D-XXX-NUM-EN_exact,regional,PAUSED,PRESENCE_OR_INTEREST,PRESENCE
20706336411,_PK-D-XXX-NUM-EN_phrase,regional,PAUSED,PRESENCE_OR_INTEREST,PRESENCE
1340193055,_PK-D-XXX-NYC-EN_exact,long-haul,PAUSED,PRESENCE,PRESENCE
1340189167,_PK-D-XXX-NYC-EN_phrase,long-haul,PAUSED,PRESENCE,PRESENCE
1340192074,_PK-D-XXX-ORD-EN_exact,long-haul,PAUSED,PRESENCE,PRESENCE
1340187331,_PK-D-XXX-ORD-EN_phrase,long-haul,PAUSED,PRESENCE,PRESENCE
17815640832,_PK-D-XXX-ORK-EN_phrase,UK+IE (outside brief list),PAUSED,PRESENCE_OR_INTEREST,PRESENCE
1340195431,_PK-D-XXX-OSL-EN_exact,long-haul,PAUSED,PRESENCE,PRESENCE
1339372781,_PK-D-XXX-OSL-EN_phrase,long-haul,PAUSED,PRESENCE,PRESENCE
1340192770,_PK-D-XXX-OTP-EN_exact,long-haul,PAUSED,PRESENCE,PRESENCE
1340188027,_PK-D-XXX-OTP-EN_phrase,long-haul,PAUSED,PRESENCE,PRESENCE
17824320719,_PK-D-XXX-OUL-EN_phrase,long-haul,PAUSED,PRESENCE_OR_INTEREST,PRESENCE
1340193310,_PK-D-XXX-PAR-EN_exact,long-haul,PAUSED,PRESENCE,PRESENCE
1340189422,_PK-D-XXX-PAR-EN_phrase,long-haul,PAUSED,PRESENCE,PRESENCE
17815692156,_PK-D-XXX-PDX-EN_phrase,long-haul,PAUSED,PRESENCE_OR_INTEREST,PRESENCE
1339373744,_PK-D-XXX-PEK-EN_exact,regional,PAUSED,PRESENCE,PRESENCE
1340182945,_PK-D-XXX-PEK-EN_phrase,regional,PAUSED,PRESENCE,PRESENCE
12308149147,_PK-D-XXX-PEN-EN_exact,regional,PAUSED,PRESENCE,PRESENCE
12308149180,_PK-D-XXX-PEN-EN_phrase,regional,PAUSED,PRESENCE,PRESENCE
1339379021,_PK-D-XXX-PER-EN_exact,long-haul,PAUSED,PRESENCE,PRESENCE
1339973175,_PK-D-XXX-PER-EN_phrase,long-haul,PAUSED,PRESENCE,PRESENCE
1339379429,_PK-D-XXX-PHL-EN_exact,long-haul,PAUSED,PRESENCE,PRESENCE
1339973463,_PK-D-XXX-PHL-EN_phrase,long-haul,PAUSED,PRESENCE,PRESENCE
17824320851,_PK-D-XXX-PHX-EN_exact,long-haul,PAUSED,PRESENCE_OR_INTEREST,PRESENCE
17824337030,_PK-D-XXX-PHX-EN_phrase,long-haul,PAUSED,PRESENCE_OR_INTEREST,PRESENCE
17824337000,_PK-D-XXX-PIT-EN_phrase,long-haul,PAUSED,PRESENCE_OR_INTEREST,PRESENCE
1339978704,_PK-D-XXX-PRG-EN_exact,long-haul,PAUSED,PRESENCE,PRESENCE
1339974684,_PK-D-XXX-PRG-EN_phrase,long-haul,PAUSED,PRESENCE,PRESENCE
1339972038,_PK-D-XXX-PSA-EN_phrase,long-haul,PAUSED,PRESENCE,PRESENCE
1339375379,_PK-D-XXX-PVG-EN_exact,regional,PAUSED,PRESENCE,PRESENCE
1339370351,_PK-D-XXX-PVG-EN_phrase,regional,PAUSED,PRESENCE,PRESENCE
1339379456,_PK-D-XXX-RAK-EN_exact,regional,PAUSED,PRESENCE,PRESENCE
1943639923,_PK-D-XXX-RBA-EN_phrase,regional,PAUSED,PRESENCE,PRESENCE
17815662459,_PK-D-XXX-RDU-EN_exact,long-haul,PAUSED,PRESENCE_OR_INTEREST,PRESENCE
17824320686,_PK-D-XXX-RGN-EN_phrase,regional,PAUSED,PRESENCE_OR_INTEREST,PRESENCE
17816808121,_PK-D-XXX-RIX-EN_exact,long-haul,PAUSED,PRESENCE_OR_INTEREST,PRESENCE
17816818921,_PK-D-XXX-RIX-EN_phrase,long-haul,PAUSED,PRESENCE_OR_INTEREST,PRESENCE
20075025527,_PK-D-XXX-RKT-EN_phrase,regional,PAUSED,PRESENCE_OR_INTEREST,PRESENCE
17816808613,_PK-D-XXX-ROB-EN_exact,regional,PAUSED,PRESENCE_OR_INTEREST,PRESENCE
12051876841,_PK-D-XXX-RUH-EN_exact,regional,PAUSED,PRESENCE,PRESENCE
12047795405,_PK-D-XXX-RUH-EN_phrase,regional,PAUSED,PRESENCE,PRESENCE
17815658571,_PK-D-XXX-SAN-EN_phrase,long-haul,PAUSED,PRESENCE_OR_INTEREST,PRESENCE
17815688373,_PK-D-XXX-SAT-EN_exact,long-haul,PAUSED,PRESENCE_OR_INTEREST,PRESENCE
17824328372,_PK-D-XXX-SAT-EN_phrase,long-haul,PAUSED,PRESENCE_OR_INTEREST,PRESENCE
1339379414,_PK-D-XXX-SAW-EN_exact,regional,PAUSED,PRESENCE,PRESENCE
1339973448,_PK-D-XXX-SAW-EN_phrase,regional,PAUSED,PRESENCE,PRESENCE
12051877387,_PK-D-XXX-SEA-EN_exact,long-haul,PAUSED,PRESENCE,PRESENCE
12047794970,_PK-D-XXX-SFO-EN_exact,long-haul,PAUSED,PRESENCE,PRESENCE
12047795735,_PK-D-XXX-SFO-EN_phrase,long-haul,PAUSED,PRESENCE,PRESENCE
12308148949,_PK-D-XXX-SGN-EN_phrase,regional,PAUSED,PRESENCE,PRESENCE
13414103263,_PK-D-XXX-SHJ-EN_exact,regional,PAUSED,PRESENCE_OR_INTEREST,PRESENCE
1340190631,_PK-D-XXX-SIN-EN_exact,regional,PAUSED,PRESENCE,PRESENCE
1340182951,_PK-D-XXX-SIN-EN_phrase,regional,PAUSED,PRESENCE,PRESENCE
17816818990,_PK-D-XXX-SLC-EN_phrase,long-haul,PAUSED,PRESENCE_OR_INTEREST,PRESENCE
1339973184,_PK-D-XXX-SLL-EN_phrase,regional,PAUSED,PRESENCE,PRESENCE
1340188783,_PK-D-XXX-SOF-EN_phrase,long-haul,PAUSED,PRESENCE,PRESENCE
17816818936,_PK-D-XXX-STL-EN_exact,long-haul,PAUSED,PRESENCE_OR_INTEREST,PRESENCE
17815641498,_PK-D-XXX-STL-EN_phrase,long-haul,PAUSED,PRESENCE_OR_INTEREST,PRESENCE
17815641243,_PK-D-XXX-SVG-EN_phrase,long-haul,PAUSED,PRESENCE_OR_INTEREST,PRESENCE
15021538693,_PK-D-XXX-SVO-EN_exact,regional,PAUSED,PRESENCE_OR_INTEREST,PRESENCE
15021538696,_PK-D-XXX-SVO-EN_phrase,regional,PAUSED,PRESENCE_OR_INTEREST,PRESENCE
1339379420,_PK-D-XXX-SYD-EN_exact,long-haul,PAUSED,PRESENCE,PRESENCE
1339973454,_PK-D-XXX-SYD-EN_phrase,long-haul,PAUSED,PRESENCE,PRESENCE
1340195434,_PK-D-XXX-TBS-EN_exact,regional,PAUSED,PRESENCE,PRESENCE
1339372784,_PK-D-XXX-TBS-EN_phrase,regional,PAUSED,PRESENCE,PRESENCE
17815658325,_PK-D-XXX-TIF-EN_phrase,regional,PAUSED,PRESENCE_OR_INTEREST,PRESENCE
20075025767,_PK-D-XXX-TLS-EN_exact,long-haul,PAUSED,PRESENCE_OR_INTEREST,PRESENCE
20075025494,_PK-D-XXX-TLS-EN_phrase,long-haul,PAUSED,PRESENCE_OR_INTEREST,PRESENCE
17815691898,_PK-D-XXX-TPA-EN_exact,long-haul,PAUSED,PRESENCE_OR_INTEREST,PRESENCE
17816807464,_PK-D-XXX-TPA-EN_phrase,long-haul,PAUSED,PRESENCE_OR_INTEREST,PRESENCE
17824328333,_PK-D-XXX-TRD-EN_phrase,long-haul,PAUSED,PRESENCE_OR_INTEREST,PRESENCE
1340188792,_PK-D-XXX-TUN-EN_phrase,regional,PAUSED,PRESENCE,PRESENCE
1340193064,_PK-D-XXX-TXL-EN_exact,long-haul,PAUSED,PRESENCE,PRESENCE
1340189176,_PK-D-XXX-TXL-EN_phrase,long-haul,PAUSED,PRESENCE,PRESENCE
1339375382,_PK-D-XXX-TYO-EN_exact,regional,PAUSED,PRESENCE,PRESENCE
1339370354,_PK-D-XXX-TYO-EN_phrase,regional,PAUSED,PRESENCE,PRESENCE
20642642805,_PK-D-XXX-ULH-EN_exact,regional,PAUSED,PRESENCE_OR_INTEREST,PRESENCE
20642642814,_PK-D-XXX-ULH-EN_phrase,regional,PAUSED,PRESENCE_OR_INTEREST,PRESENCE
1340195686,_PK-D-XXX-VCE-EN_exact,long-haul,PAUSED,PRESENCE,PRESENCE
1339373036,_PK-D-XXX-VCE-EN_phrase,long-haul,PAUSED,PRESENCE,PRESENCE
1339375385,_PK-D-XXX-VIE-EN_exact,long-haul,PAUSED,PRESENCE,PRESENCE
1339370357,_PK-D-XXX-VIE-EN_phrase,long-haul,PAUSED,PRESENCE,PRESENCE
1340182954,_PK-D-XXX-WAW-EN_phrase,long-haul,PAUSED,PRESENCE,PRESENCE
1339377968,_PK-D-XXX-WDH-EN_exact,regional,PAUSED,PRESENCE,PRESENCE
1339972002,_PK-D-XXX-WDH-EN_phrase,regional,PAUSED,PRESENCE,PRESENCE
20645230239,_PK-D-XXX-YNB-EN_exact,regional,PAUSED,PRESENCE_OR_INTEREST,PRESENCE
17815688091,_PK-D-XXX-YTO-EN_exact,long-haul,PAUSED,PRESENCE_OR_INTEREST,PRESENCE
17815640586,_PK-D-XXX-YTO-EN_phrase,long-haul,PAUSED,PRESENCE_OR_INTEREST,PRESENCE
1339379039,_PK-D-XXX-YUL-EN_exact,long-haul,PAUSED,PRESENCE,PRESENCE
1339973193,_PK-D-XXX-YUL-EN_phrase,long-haul,PAUSED,PRESENCE,PRESENCE
12051878353,_PK-D-XXX-YVR-EN_exact,long-haul,PAUSED,PRESENCE,PRESENCE
12051876700,_PK-D-XXX-YVR-EN_phrase,long-haul,PAUSED,PRESENCE,PRESENCE
12051877144,_PK-D-XXX-YYC-EN_exact,long-haul,PAUSED,PRESENCE,PRESENCE
12047795720,_PK-D-XXX-YYC-EN_phrase,long-haul,PAUSED,PRESENCE,PRESENCE
10448098261,_PK-D-XXX-YYZ-EN_exact,long-haul,PAUSED,PRESENCE,PRESENCE
10448098264,_PK-D-XXX-YYZ-EN_phrase,long-haul,PAUSED,PRESENCE,PRESENCE
17816806786,_PK-D-XXX-ZAG-EN_phrase,long-haul,PAUSED,PRESENCE_OR_INTEREST,PRESENCE
17824284935,_PK-D-XXX-ZNZ-EN_exact,regional,PAUSED,PRESENCE_OR_INTEREST,PRESENCE
17816808151,_PK-D-XXX-ZNZ-EN_phrase,regional,PAUSED,PRESENCE_OR_INTEREST,PRESENCE
11136349619,_PK-Generic-RMKT_Exact,none,ENABLED,PRESENCE,PRESENCE
11667373580,_PK-O&D-ISB-ABV-EN_exact,regional,PAUSED,PRESENCE_OR_INTEREST,PRESENCE
17815691922,_PK-O&D-ISB-ABZ-EN_exact,UK+IE (outside brief list),PAUSED,PRESENCE_OR_INTEREST,PRESENCE
1943557893,_PK-O&D-ISB-ADB-EN_exact,regional,PAUSED,PRESENCE_OR_INTEREST,PRESENCE
17824284947,_PK-O&D-ISB-ADD-EN_exact,regional,PAUSED,PRESENCE_OR_INTEREST,PRESENCE
17816807164,_PK-O&D-ISB-ADD-EN_phrase,regional,PAUSED,PRESENCE_OR_INTEREST,PRESENCE
12308149327,_PK-O&D-ISB-ADL-EN_exact,long-haul,PAUSED,PRESENCE_OR_INTEREST,PRESENCE
12308149120,_PK-O&D-ISB-ADL-EN_phrase,long-haul,PAUSED,PRESENCE_OR_INTEREST,PRESENCE
1435244122,_PK-O&D-ISB-AGP-EN_exact,long-haul,PAUSED,PRESENCE_OR_INTEREST,PRESENCE
12308148937,_PK-O&D-ISB-AKL-EN_exact,long-haul,PAUSED,PRESENCE_OR_INTEREST,PRESENCE
12308149336,_PK-O&D-ISB-AKL-EN_phrase,long-haul,PAUSED,PRESENCE_OR_INTEREST,PRESENCE
1340192563,_PK-O&D-ISB-ALG-EN_exact,regional,PAUSED,PRESENCE_OR_INTEREST,PRESENCE
1340192566,_PK-O&D-ISB-AMM-EN_exact,regional,PAUSED,PRESENCE_OR_INTEREST,PRESENCE
1340187823,_PK-O&D-ISB-AMM-EN_phrase,regional,PAUSED,PRESENCE_OR_INTEREST,PRESENCE
1339977495,_PK-O&D-ISB-AMS-EN_exact,long-haul,PAUSED,PRESENCE_OR_INTEREST,PRESENCE
1339969887,_PK-O&D-ISB-AMS-EN_phrase,long-haul,PAUSED,PRESENCE_OR_INTEREST,PRESENCE
1339978044,_PK-O&D-ISB-ARN-EN_exact,long-haul,PAUSED,PRESENCE_OR_INTEREST,PRESENCE
1339369325,_PK-O&D-ISB-ARN-EN_phrase,long-haul,PAUSED,PRESENCE_OR_INTEREST,PRESENCE
1339978050,_PK-O&D-ISB-ATH-EN_exact,long-haul,PAUSED,PRESENCE_OR_INTEREST,PRESENCE
1339369331,_PK-O&D-ISB-ATH-EN_phrase,long-haul,PAUSED,PRESENCE_OR_INTEREST,PRESENCE
1339379519,_PK-O&D-ISB-ATL-EN_exact,long-haul,PAUSED,PRESENCE_OR_INTEREST,PRESENCE
1339973673,_PK-O&D-ISB-ATL-EN_phrase,long-haul,PAUSED,PRESENCE_OR_INTEREST,PRESENCE
12051877327,_PK-O&D-ISB-AUH-EN_exact,regional,PAUSED,PRESENCE_OR_INTEREST,PRESENCE
12051877375,_PK-O&D-ISB-AUH-EN_phrase,regional,PAUSED,PRESENCE_OR_INTEREST,PRESENCE
17824320230,_PK-O&D-ISB-AUS-EN_exact,long-haul,PAUSED,PRESENCE_OR_INTEREST,PRESENCE
1436079077,_PK-O&D-ISB-AYT-EN_exact,regional,PAUSED,PRESENCE_OR_INTEREST,PRESENCE
1436079074,_PK-O&D-ISB-AYT-EN_phrase,regional,PAUSED,PRESENCE_OR_INTEREST,PRESENCE
12051878350,_PK-O&D-ISB-BAH-EN_exact,regional,PAUSED,PRESENCE_OR_INTEREST,PRESENCE
12047795750,_PK-O&D-ISB-BAH-EN_phrase,regional,PAUSED,PRESENCE_OR_INTEREST,PRESENCE
1340192869,_PK-O&D-ISB-BCN-EN_exact,long-haul,PAUSED,PRESENCE_OR_INTEREST,PRESENCE
1340188981,_PK-O&D-ISB-BCN-EN_phrase,long-haul,PAUSED,PRESENCE_OR_INTEREST,PRESENCE
17815662606,_PK-O&D-ISB-BEG-EN_exact,long-haul,PAUSED,PRESENCE_OR_INTEREST,PRESENCE
17815641510,_PK-O&D-ISB-BEG-EN_phrase,long-haul,PAUSED,PRESENCE_OR_INTEREST,PRESENCE
1340192122,_PK-O&D-ISB-BER-EN_exact,long-haul,PAUSED,PRESENCE_OR_INTEREST,PRESENCE
1340187499,_PK-O&D-ISB-BER-EN_phrase,long-haul,PAUSED,PRESENCE_OR_INTEREST,PRESENCE
1340191885,_PK-O&D-ISB-BEY-EN_exact,regional,PAUSED,PRESENCE_OR_INTEREST,PRESENCE
1340193343,_PK-O&D-ISB-BGW-EN_exact,regional,PAUSED,PRESENCE_OR_INTEREST,PRESENCE
1340189455,_PK-O&D-ISB-BGW-EN_phrase,regional,PAUSED,PRESENCE_OR_INTEREST,PRESENCE
1339379489,_PK-O&D-ISB-BHX-EN_exact,UK+IE rest,PAUSED,PRESENCE_OR_INTEREST,PRESENCE
1339973643,_PK-O&D-ISB-BHX-EN_phrase,UK+IE rest,PAUSED,PRESENCE_OR_INTEREST,PRESENCE
1340192131,_PK-O&D-ISB-BKK-EN_exact,regional,PAUSED,PRESENCE_OR_INTEREST,PRESENCE
1340187508,_PK-O&D-ISB-BKK-EN_phrase,regional,PAUSED,PRESENCE_OR_INTEREST,PRESENCE
17816826952,_PK-O&D-ISB-BNE-EN_exact,long-haul,PAUSED,PRESENCE_OR_INTEREST,PRESENCE
17815642002,_PK-O&D-ISB-BNE-EN_phrase,long-haul,PAUSED,PRESENCE_OR_INTEREST,PRESENCE
1339379483,_PK-O&D-ISB-BOS-EN_exact,long-haul,PAUSED,PRESENCE_OR_INTEREST,PRESENCE
1339973517,_PK-O&D-ISB-BOS-EN_phrase,long-haul,PAUSED,PRESENCE_OR_INTEREST,PRESENCE
1339977993,_PK-O&D-ISB-BRU-EN_exact,long-haul,PAUSED,PRESENCE_OR_INTEREST,PRESENCE
1339369154,_PK-O&D-ISB-BRU-EN_phrase,long-haul,PAUSED,PRESENCE_OR_INTEREST,PRESENCE
1340192875,_PK-O&D-ISB-BSR-EN_exact,regional,PAUSED,PRESENCE_OR_INTEREST,PRESENCE
1340188987,_PK-O&D-ISB-BSR-EN_phrase,regional,PAUSED,PRESENCE_OR_INTEREST,PRESENCE
1340191651,_PK-O&D-ISB-BUD-EN_exact,long-haul,PAUSED,PRESENCE_OR_INTEREST,PRESENCE
1339369616,_PK-O&D-ISB-BUD-EN_phrase,long-haul,PAUSED,PRESENCE_OR_INTEREST,PRESENCE
12047795009,_PK-O&D-ISB-CAI-EN_exact,regional,PAUSED,PRESENCE_OR_INTEREST,PRESENCE
12047794994,_PK-O&D-ISB-CAI-EN_phrase,regional,PAUSED,PRESENCE_OR_INTEREST,PRESENCE
1339375196,_PK-O&D-ISB-CAN-EN_exact,regional,PAUSED,PRESENCE_OR_INTEREST,PRESENCE
1339370288,_PK-O&D-ISB-CAN-EN_phrase,regional,PAUSED,PRESENCE_OR_INTEREST,PRESENCE
1339978788,_PK-O&D-ISB-CBR-EN_exact,long-haul,PAUSED,PRESENCE_OR_INTEREST,PRESENCE
1339978014,_PK-O&D-ISB-CDG-EN_exact,long-haul,PAUSED,PRESENCE_OR_INTEREST,PRESENCE
1339369175,_PK-O&D-ISB-CDG-EN_phrase,long-haul,PAUSED,PRESENCE_OR_INTEREST,PRESENCE
1339378955,_PK-O&D-ISB-CGK-EN_exact,regional,PAUSED,PRESENCE_OR_INTEREST,PRESENCE
1339972989,_PK-O&D-ISB-CGK-EN_phrase,regional,PAUSED,PRESENCE_OR_INTEREST,PRESENCE
1340193280,_PK-O&D-ISB-CHI-EN_exact,long-haul,PAUSED,PRESENCE_OR_INTEREST,PRESENCE
1340189272,_PK-O&D-ISB-CHI-EN_phrase,long-haul,PAUSED,PRESENCE_OR_INTEREST,PRESENCE
17816808406,_PK-O&D-ISB-CLE-EN_exact,long-haul,PAUSED,PRESENCE_OR_INTEREST,PRESENCE
17815641045,_PK-O&D-ISB-CLT-EN_exact,long-haul,PAUSED,PRESENCE_OR_INTEREST,PRESENCE
17824285085,_PK-O&D-ISB-CMH-EN_exact,long-haul,PAUSED,PRESENCE_OR_INTEREST,PRESENCE
17824328378,_PK-O&D-ISB-CMH-EN_phrase,long-haul,PAUSED,PRESENCE_OR_INTEREST,PRESENCE
1339375322,_PK-O&D-ISB-CMN-EN_exact,regional,PAUSED,PRESENCE_OR_INTEREST,PRESENCE
1340192587,_PK-O&D-ISB-CPH-EN_exact,long-haul,PAUSED,PRESENCE_OR_INTEREST,PRESENCE
1340187964,_PK-O&D-ISB-CPH-EN_phrase,long-haul,PAUSED,PRESENCE_OR_INTEREST,PRESENCE
1339978017,_PK-O&D-ISB-CPT-EN_exact,regional,PAUSED,PRESENCE_OR_INTEREST,PRESENCE
1339369178,_PK-O&D-ISB-CPT-EN_phrase,regional,PAUSED,PRESENCE_OR_INTEREST,PRESENCE
1340192152,_PK-O&D-ISB-CTU-EN_exact,regional,PAUSED,PRESENCE_OR_INTEREST,PRESENCE
1340187529,_PK-O&D-ISB-CTU-EN_phrase,regional,PAUSED,PRESENCE_OR_INTEREST,PRESENCE
1339378790,_PK-O&D-ISB-DAR-EN_exact,regional,PAUSED,PRESENCE_OR_INTEREST,PRESENCE
1339972944,_PK-O&D-ISB-DAR-EN_phrase,regional,PAUSED,PRESENCE_OR_INTEREST,PRESENCE
17815663119,_PK-O&D-ISB-DEN-EN_exact,long-haul,PAUSED,PRESENCE_OR_INTEREST,PRESENCE
17815662702,_PK-O&D-ISB-DEN-EN_phrase,long-haul,PAUSED,PRESENCE_OR_INTEREST,PRESENCE
1339977273,_PK-O&D-ISB-DFW-EN_exact,long-haul,PAUSED,PRESENCE_OR_INTEREST,PRESENCE
1339969809,_PK-O&D-ISB-DFW-EN_phrase,long-haul,PAUSED,PRESENCE_OR_INTEREST,PRESENCE
1340191897,_PK-O&D-ISB-DME-EN_exact,regional,PAUSED,PRESENCE_OR_INTEREST,PRESENCE
1340187274,_PK-O&D-ISB-DME-EN_phrase,regional,PAUSED,PRESENCE_OR_INTEREST,PRESENCE
12047795741,_PK-O&D-ISB-DMM-EN_exact,regional,PAUSED,PRESENCE_OR_INTEREST,PRESENCE
12051876889,_PK-O&D-ISB-DMM-EN_phrase,regional,PAUSED,PRESENCE_OR_INTEREST,PRESENCE
1339375172,_PK-O&D-ISB-DOH-EN_exact,regional,PAUSED,PRESENCE_OR_INTEREST,PRESENCE
1339370144,_PK-O&D-ISB-DOH-EN_phrase,regional,PAUSED,PRESENCE_OR_INTEREST,PRESENCE
1340193004,_PK-O&D-ISB-DPS-EN_exact,regional,PAUSED,PRESENCE_OR_INTEREST,PRESENCE
1340188996,_PK-O&D-ISB-DPS-EN_phrase,regional,PAUSED,PRESENCE_OR_INTEREST,PRESENCE
17824284719,_PK-O&D-ISB-DTW-EN_exact,long-haul,PAUSED,PRESENCE_OR_INTEREST,PRESENCE
17815640631,_PK-O&D-ISB-DTW-EN_phrase,long-haul,PAUSED,PRESENCE_OR_INTEREST,PRESENCE
1340196631,_PK-O&D-ISB-DUB-EN_exact,UK+IE rest,PAUSED,PRESENCE_OR_INTEREST,PRESENCE
1339974459,_PK-O&D-ISB-DUB-EN_phrase,UK+IE rest,PAUSED,PRESENCE_OR_INTEREST,PRESENCE
1339977723,_PK-O&D-ISB-DUR-EN_exact,regional,PAUSED,PRESENCE_OR_INTEREST,PRESENCE
17777570542,_PK-O&D-ISB-DUS-EN_exact,long-haul,PAUSED,PRESENCE_OR_INTEREST,PRESENCE
17777570377,_PK-O&D-ISB-DUS-EN_phrase,long-haul,PAUSED,PRESENCE_OR_INTEREST,PRESENCE
2041447676,_PK-O&D-ISB-DVO-EN_exact,regional,PAUSED,PRESENCE_OR_INTEREST,PRESENCE
12051877624,_PK-O&D-ISB-DXB-EN_exact,regional,PAUSED,PRESENCE_OR_INTEREST,PRESENCE
12051878380,_PK-O&D-ISB-DXB-EN_phrase,regional,PAUSED,PRESENCE_OR_INTEREST,PRESENCE
1340193034,_PK-O&D-ISB-EBB-EN_exact,regional,PAUSED,PRESENCE_OR_INTEREST,PRESENCE
1340189026,_PK-O&D-ISB-EBB-EN_phrase,regional,PAUSED,PRESENCE_OR_INTEREST,PRESENCE
1340193265,_PK-O&D-ISB-EBL-EN_exact,regional,PAUSED,PRESENCE_OR_INTEREST,PRESENCE
17815662615,_PK-O&D-ISB-ECN-EN_exact,long-haul,PAUSED,PRESENCE_OR_INTEREST,PRESENCE
1339977783,_PK-O&D-ISB-EDI-EN_exact,UK+IE rest,PAUSED,PRESENCE_OR_INTEREST,PRESENCE
1339368944,_PK-O&D-ISB-EDI-EN_phrase,UK+IE rest,PAUSED,PRESENCE_OR_INTEREST,PRESENCE
17824284848,_PK-O&D-ISB-ELQ-EN_exact,regional,PAUSED,PRESENCE_OR_INTEREST,PRESENCE
17815691940,_PK-O&D-ISB-ELQ-EN_phrase,regional,PAUSED,PRESENCE_OR_INTEREST,PRESENCE
1340193289,_PK-O&D-ISB-ESB-EN_exact,regional,PAUSED,PRESENCE_OR_INTEREST,PRESENCE
1340189401,_PK-O&D-ISB-ESB-EN_phrase,regional,PAUSED,PRESENCE_OR_INTEREST,PRESENCE
1340192047,_PK-O&D-ISB-EZE-EN_exact,regional,PAUSED,PRESENCE_OR_INTEREST,PRESENCE
1339375328,_PK-O&D-ISB-FCO-EN_exact,long-haul,PAUSED,PRESENCE_OR_INTEREST,PRESENCE
1339370300,_PK-O&D-ISB-FCO-EN_phrase,long-haul,PAUSED,PRESENCE_OR_INTEREST,PRESENCE
1340192050,_PK-O&D-ISB-FRA-EN_exact,long-haul,PAUSED,PRESENCE_OR_INTEREST,PRESENCE
1340187307,_PK-O&D-ISB-FRA-EN_phrase,long-haul,PAUSED,PRESENCE_OR_INTEREST,PRESENCE
17815662468,_PK-O&D-ISB-GLA-EN_exact,UK+IE (outside brief list),PAUSED,PRESENCE_OR_INTEREST,PRESENCE
17824320434,_PK-O&D-ISB-GLA-EN_phrase,UK+IE (outside brief list),PAUSED,PRESENCE_OR_INTEREST,PRESENCE
1660568583,_PK-O&D-ISB-GOT-EN_exact,long-haul,PAUSED,PRESENCE_OR_INTEREST,PRESENCE
1340192053,_PK-O&D-ISB-GRU-EN_exact,regional,PAUSED,PRESENCE_OR_INTEREST,PRESENCE
1340187310,_PK-O&D-ISB-GRU-EN_phrase,regional,PAUSED,PRESENCE_OR_INTEREST,PRESENCE
1339978008,_PK-O&D-ISB-GVA-EN_exact,long-haul,PAUSED,PRESENCE_OR_INTEREST,PRESENCE
1339373669,_PK-O&D-ISB-GYD-EN_exact,regional,PAUSED,PRESENCE_OR_INTEREST,PRESENCE
1340182750,_PK-O&D-ISB-GYD-EN_phrase,regional,PAUSED,PRESENCE_OR_INTEREST,PRESENCE
17815692405,_PK-O&D-ISB-HAN-EN_exact,regional,PAUSED,PRESENCE_OR_INTEREST,PRESENCE
17816819035,_PK-O&D-ISB-HAN-EN_phrase,regional,PAUSED,PRESENCE_OR_INTEREST,PRESENCE
1339379471,_PK-O&D-ISB-HEL-EN_exact,long-haul,PAUSED,PRESENCE_OR_INTEREST,PRESENCE
1339973505,_PK-O&D-ISB-HEL-EN_phrase,long-haul,PAUSED,PRESENCE_OR_INTEREST,PRESENCE
1339978077,_PK-O&D-ISB-HGH-EN_exact,regional,PAUSED,PRESENCE_OR_INTEREST,PRESENCE
1339369358,_PK-O&D-ISB-HGH-EN_phrase,regional,PAUSED,PRESENCE_OR_INTEREST,PRESENCE
1340193271,_PK-O&D-ISB-HKG-EN_exact,regional,PAUSED,PRESENCE_OR_INTEREST,PRESENCE
1340189263,_PK-O&D-ISB-HKG-EN_phrase,regional,PAUSED,PRESENCE_OR_INTEREST,PRESENCE
1340193502,_PK-O&D-ISB-HKT-EN_exact,regional,PAUSED,PRESENCE_OR_INTEREST,PRESENCE
1340189494,_PK-O&D-ISB-HKT-EN_phrase,regional,PAUSED,PRESENCE_OR_INTEREST,PRESENCE
1339978200,_PK-O&D-ISB-HND-EN_exact,regional,PAUSED,PRESENCE_OR_INTEREST,PRESENCE
1340192287,_PK-O&D-ISB-IAD-EN_exact,long-haul,PAUSED,PRESENCE_OR_INTEREST,PRESENCE
1340187544,_PK-O&D-ISB-IAD-EN_phrase,long-haul,PAUSED,PRESENCE_OR_INTEREST,PRESENCE
1339378940,_PK-O&D-ISB-IAH-EN_exact,long-haul,PAUSED,PRESENCE_OR_INTEREST,PRESENCE
1339972974,_PK-O&D-ISB-IAH-EN_phrase,long-haul,PAUSED,PRESENCE_OR_INTEREST,PRESENCE
1340193511,_PK-O&D-ISB-ICN-EN_exact,regional,PAUSED,PRESENCE_OR_INTEREST,PRESENCE
1340189503,_PK-O&D-ISB-ICN-EN_phrase,regional,PAUSED,PRESENCE_OR_INTEREST,PRESENCE
1340195401,_PK-O&D-ISB-IST-EN_exact,regional,PAUSED,PRESENCE_OR_INTEREST,PRESENCE
1339372751,_PK-O&D-ISB-IST-EN_phrase,regional,PAUSED,PRESENCE_OR_INTEREST,PRESENCE
12051876607,_PK-O&D-ISB-JED-EN_exact,regional,PAUSED,PRESENCE_OR_INTEREST,PRESENCE
12051876613,_PK-O&D-ISB-JED-EN_phrase,regional,PAUSED,PRESENCE_OR_INTEREST,PRESENCE
1339978224,_PK-O&D-ISB-JFK-EN_exact,long-haul,PAUSED,PRESENCE_OR_INTEREST,PRESENCE
1339369385,_PK-O&D-ISB-JFK-EN_phrase,long-haul,PAUSED,PRESENCE_OR_INTEREST,PRESENCE
1340191672,_PK-O&D-ISB-JNB-EN_exact,regional,PAUSED,PRESENCE_OR_INTEREST,PRESENCE
1339369637,_PK-O&D-ISB-JNB-EN_phrase,regional,PAUSED,PRESENCE_OR_INTEREST,PRESENCE
16699743052,_PK-O&D-ISB-JTR-EN_exact,long-haul,PAUSED,PRESENCE_OR_INTEREST,PRESENCE
1339379477,_PK-O&D-ISB-KBV-EN_exact,regional,PAUSED,PRESENCE_OR_INTEREST,PRESENCE
17816827372,_PK-O&D-ISB-KEF-EN_exact,long-haul,PAUSED,PRESENCE_OR_INTEREST,PRESENCE
1340193043,_PK-O&D-ISB-KGL-EN_exact,regional,PAUSED,PRESENCE_OR_INTEREST,PRESENCE
1339378970,_PK-O&D-ISB-KIX-EN_exact,regional,PAUSED,PRESENCE_OR_INTEREST,PRESENCE
1339973004,_PK-O&D-ISB-KIX-EN_phrase,regional,PAUSED,PRESENCE_OR_INTEREST,PRESENCE
1339373717,_PK-O&D-ISB-KUL-EN_exact,regional,PAUSED,PRESENCE_OR_INTEREST,PRESENCE
1340182798,_PK-O&D-ISB-KUL-EN_phrase,regional,PAUSED,PRESENCE_OR_INTEREST,PRESENCE
1340195422,_PK-O&D-ISB-KWI-EN_exact,regional,PAUSED,PRESENCE_OR_INTEREST,PRESENCE
1339372772,_PK-O&D-ISB-KWI-EN_phrase,regional,PAUSED,PRESENCE_OR_INTEREST,PRESENCE
17815641078,_PK-O&D-ISB-LAS-EN_exact,long-haul,PAUSED,PRESENCE_OR_INTEREST,PRESENCE
1339379507,_PK-O&D-ISB-LAX-EN_exact,long-haul,PAUSED,PRESENCE_OR_INTEREST,PRESENCE
1339973661,_PK-O&D-ISB-LAX-EN_phrase,long-haul,PAUSED,PRESENCE_OR_INTEREST,PRESENCE
1339977279,_PK-O&D-ISB-LCA-EN_exact,long-haul,PAUSED,PRESENCE_OR_INTEREST,PRESENCE
1339969815,_PK-O&D-ISB-LCA-EN_phrase,long-haul,PAUSED,PRESENCE_OR_INTEREST,PRESENCE
1339379945,_PK-O&D-ISB-LED-EN_exact,regional,PAUSED,PRESENCE_OR_INTEREST,PRESENCE
1339970802,_PK-O&D-ISB-LED-EN_phrase,regional,PAUSED,PRESENCE_OR_INTEREST,PRESENCE
2038984962,_PK-O&D-ISB-LGK-EN_exact,regional,PAUSED,PRESENCE_OR_INTEREST,PRESENCE
1397201416,_PK-O&D-ISB-LGW-EN_exact,UK+IE rest,PAUSED,PRESENCE_OR_INTEREST,PRESENCE
1397201413,_PK-O&D-ISB-LGW-EN_phrase,UK+IE rest,PAUSED,PRESENCE_OR_INTEREST,PRESENCE
1340192056,_PK-O&D-ISB-LHR-EN_exact,UK+IE rest,PAUSED,PRESENCE_OR_INTEREST,PRESENCE
1340187313,_PK-O&D-ISB-LHR-EN_phrase,UK+IE rest,PAUSED,PRESENCE_OR_INTEREST,PRESENCE
12047795165,_PK-O&D-ISB-LIS-EN_exact,long-haul,PAUSED,PRESENCE_OR_INTEREST,PRESENCE
12051876673,_PK-O&D-ISB-LIS-EN_phrase,long-haul,PAUSED,PRESENCE_OR_INTEREST,PRESENCE
1339373726,_PK-O&D-ISB-LON-EN_exact,UK+IE (outside brief list),PAUSED,PRESENCE_OR_INTEREST,PRESENCE
1340182927,_PK-O&D-ISB-LON-EN_phrase,UK+IE (outside brief list),PAUSED,PRESENCE_OR_INTEREST,PRESENCE
1339977285,_PK-O&D-ISB-LOS-EN_exact,regional,PAUSED,PRESENCE_OR_INTEREST,PRESENCE
1339969821,_PK-O&D-ISB-LOS-EN_phrase,regional,PAUSED,PRESENCE_OR_INTEREST,PRESENCE
1339977807,_PK-O&D-ISB-LUX-EN_exact,long-haul,PAUSED,PRESENCE_OR_INTEREST,PRESENCE
1340193298,_PK-O&D-ISB-MAD-EN_exact,long-haul,PAUSED,PRESENCE_OR_INTEREST,PRESENCE
1340189410,_PK-O&D-ISB-MAD-EN_phrase,long-haul,PAUSED,PRESENCE_OR_INTEREST,PRESENCE
1340195176,_PK-O&D-ISB-MAN-EN_exact,UK+IE rest,PAUSED,PRESENCE_OR_INTEREST,PRESENCE
1339372526,_PK-O&D-ISB-MAN-EN_phrase,UK+IE rest,PAUSED,PRESENCE_OR_INTEREST,PRESENCE
1645681109,_PK-O&D-ISB-MBA-EN_exact,regional,PAUSED,PRESENCE_OR_INTEREST,PRESENCE
11408656058,_PK-O&D-ISB-MCI-EN_exact,long-haul,PAUSED,PRESENCE_OR_INTEREST,PRESENCE
11408656205,_PK-O&D-ISB-MCI-EN_phrase,long-haul,PAUSED,PRESENCE_OR_INTEREST,PRESENCE
1340195179,_PK-O&D-ISB-MCT-EN_exact,regional,PAUSED,PRESENCE_OR_INTEREST,PRESENCE
1339372529,_PK-O&D-ISB-MCT-EN_phrase,regional,PAUSED,PRESENCE_OR_INTEREST,PRESENCE
12051877171,_PK-O&D-ISB-MED-EN_exact,regional,PAUSED,PRESENCE_OR_INTEREST,PRESENCE
12051876652,_PK-O&D-ISB-MED-EN_phrase,regional,PAUSED,PRESENCE_OR_INTEREST,PRESENCE
1340193049,_PK-O&D-ISB-MEL-EN_exact,long-haul,PAUSED,PRESENCE_OR_INTEREST,PRESENCE
1340189161,_PK-O&D-ISB-MEL-EN_phrase,long-haul,PAUSED,PRESENCE_OR_INTEREST,PRESENCE
2050314222,_PK-O&D-ISB-MGQ-EN_phrase,regional,PAUSED,PRESENCE_OR_INTEREST,PRESENCE
1339977573,_PK-O&D-ISB-MIA-EN_exact,long-haul,PAUSED,PRESENCE_OR_INTEREST,PRESENCE
1914079803,_PK-O&D-ISB-MLA-EN_exact,long-haul,PAUSED,PRESENCE_OR_INTEREST,PRESENCE
1339375346,_PK-O&D-ISB-MLE-EN_exact,regional,PAUSED,PRESENCE_OR_INTEREST,PRESENCE
1339370318,_PK-O&D-ISB-MLE-EN_phrase,regional,PAUSED,PRESENCE_OR_INTEREST,PRESENCE
1340195416,_PK-O&D-ISB-MNL-EN_exact,regional,PAUSED,PRESENCE_OR_INTEREST,PRESENCE
1339372766,_PK-O&D-ISB-MNL-EN_phrase,regional,PAUSED,PRESENCE_OR_INTEREST,PRESENCE
1339978239,_PK-O&D-ISB-MOW-EN_exact,regional,PAUSED,PRESENCE_OR_INTEREST,PRESENCE
1339369400,_PK-O&D-ISB-MOW-EN_phrase,regional,PAUSED,PRESENCE_OR_INTEREST,PRESENCE
1340194954,_PK-O&D-ISB-MPM-EN_exact,regional,PAUSED,PRESENCE_OR_INTEREST,PRESENCE
1340192071,_PK-O&D-ISB-MUC-EN_exact,long-haul,PAUSED,PRESENCE_OR_INTEREST,PRESENCE
1340187328,_PK-O&D-ISB-MUC-EN_phrase,long-haul,PAUSED,PRESENCE_OR_INTEREST,PRESENCE
1340191843,_PK-O&D-ISB-MXP-EN_exact,long-haul,PAUSED,PRESENCE_OR_INTEREST,PRESENCE
1340187100,_PK-O&D-ISB-MXP-EN_phrase,long-haul,PAUSED,PRESENCE_OR_INTEREST,PRESENCE
1340191825,_PK-O&D-ISB-NBO-EN_exact,regional,PAUSED,PRESENCE_OR_INTEREST,PRESENCE
1340187082,_PK-O&D-ISB-NBO-EN_phrase,regional,PAUSED,PRESENCE_OR_INTEREST,PRESENCE
1340196211,_PK-O&D-ISB-NCE-EN_exact,long-haul,PAUSED,PRESENCE_OR_INTEREST,PRESENCE
1340191828,_PK-O&D-ISB-NJF-EN_exact,regional,PAUSED,PRESENCE_OR_INTEREST,PRESENCE
1340187085,_PK-O&D-ISB-NJF-EN_phrase,regional,PAUSED,PRESENCE_OR_INTEREST,PRESENCE
1340195182,_PK-O&D-ISB-NRT-EN_exact,regional,PAUSED,PRESENCE_OR_INTEREST,PRESENCE
1339372532,_PK-O&D-ISB-NRT-EN_phrase,regional,PAUSED,PRESENCE_OR_INTEREST,PRESENCE
20706336441,_PK-O&D-ISB-NUM-EN_exact,regional,PAUSED,PRESENCE_OR_INTEREST,PRESENCE
1340195215,_PK-O&D-ISB-NYC-EN_exact,long-haul,PAUSED,PRESENCE_OR_INTEREST,PRESENCE
1339372685,_PK-O&D-ISB-NYC-EN_phrase,long-haul,PAUSED,PRESENCE_OR_INTEREST,PRESENCE
1339375358,_PK-O&D-ISB-ORD-EN_exact,long-haul,PAUSED,PRESENCE_OR_INTEREST,PRESENCE
1339370330,_PK-O&D-ISB-ORD-EN_phrase,long-haul,PAUSED,PRESENCE_OR_INTEREST,PRESENCE
17816818966,_PK-O&D-ISB-ORK-EN_exact,UK+IE (outside brief list),PAUSED,PRESENCE_OR_INTEREST,PRESENCE
1340193058,_PK-O&D-ISB-OSL-EN_exact,long-haul,PAUSED,PRESENCE_OR_INTEREST,PRESENCE
1340189170,_PK-O&D-ISB-OSL-EN_phrase,long-haul,PAUSED,PRESENCE_OR_INTEREST,PRESENCE
1339375376,_PK-O&D-ISB-OTP-EN_exact,long-haul,PAUSED,PRESENCE_OR_INTEREST,PRESENCE
1339370348,_PK-O&D-ISB-OTP-EN_phrase,long-haul,PAUSED,PRESENCE_OR_INTEREST,PRESENCE
1340193532,_PK-O&D-ISB-PAR-EN_exact,long-haul,PAUSED,PRESENCE_OR_INTEREST,PRESENCE
1340189644,_PK-O&D-ISB-PAR-EN_phrase,long-haul,PAUSED,PRESENCE_OR_INTEREST,PRESENCE
1340192308,_PK-O&D-ISB-PEK-EN_exact,regional,PAUSED,PRESENCE_OR_INTEREST,PRESENCE
1340187565,_PK-O&D-ISB-PEK-EN_phrase,regional,PAUSED,PRESENCE_OR_INTEREST,PRESENCE
1339978272,_PK-O&D-ISB-PER-EN_exact,long-haul,PAUSED,PRESENCE_OR_INTEREST,PRESENCE
1339369433,_PK-O&D-ISB-PER-EN_phrase,long-haul,PAUSED,PRESENCE_OR_INTEREST,PRESENCE
1339379657,_PK-O&D-ISB-PHL-EN_exact,long-haul,PAUSED,PRESENCE_OR_INTEREST,PRESENCE
1339973691,_PK-O&D-ISB-PHL-EN_phrase,long-haul,PAUSED,PRESENCE_OR_INTEREST,PRESENCE
17824328159,_PK-O&D-ISB-PHX-EN_exact,long-haul,PAUSED,PRESENCE_OR_INTEREST,PRESENCE
17815641960,_PK-O&D-ISB-PHX-EN_phrase,long-haul,PAUSED,PRESENCE_OR_INTEREST,PRESENCE
17815662360,_PK-O&D-ISB-PIT-EN_exact,long-haul,PAUSED,PRESENCE_OR_INTEREST,PRESENCE
1339978701,_PK-O&D-ISB-PRG-EN_exact,long-haul,PAUSED,PRESENCE_OR_INTEREST,PRESENCE
1339974681,_PK-O&D-ISB-PRG-EN_phrase,long-haul,PAUSED,PRESENCE_OR_INTEREST,PRESENCE
1339379501,_PK-O&D-ISB-PSA-EN_exact,long-haul,PAUSED,PRESENCE_OR_INTEREST,PRESENCE
1339373747,_PK-O&D-ISB-PVG-EN_exact,regional,PAUSED,PRESENCE_OR_INTEREST,PRESENCE
1340182948,_PK-O&D-ISB-PVG-EN_phrase,regional,PAUSED,PRESENCE_OR_INTEREST,PRESENCE
1339973697,_PK-O&D-ISB-RAK-EN_phrase,regional,PAUSED,PRESENCE_OR_INTEREST,PRESENCE
1943639932,_PK-O&D-ISB-RBA-EN_exact,regional,PAUSED,PRESENCE_OR_INTEREST,PRESENCE
1943639722,_PK-O&D-ISB-RBA-EN_phrase,regional,PAUSED,PRESENCE_OR_INTEREST,PRESENCE
17815691934,_PK-O&D-ISB-RDU-EN_exact,long-haul,PAUSED,PRESENCE_OR_INTEREST,PRESENCE
20075025530,_PK-O&D-ISB-RKT-EN_exact,regional,PAUSED,PRESENCE_OR_INTEREST,PRESENCE
12047795267,_PK-O&D-ISB-RUH-EN_exact,regional,PAUSED,PRESENCE_OR_INTEREST,PRESENCE
12051877435,_PK-O&D-ISB-RUH-EN_phrase,regional,PAUSED,PRESENCE_OR_INTEREST,PRESENCE
17816808232,_PK-O&D-ISB-SAN-EN_exact,long-haul,PAUSED,PRESENCE_OR_INTEREST,PRESENCE
1339977261,_PK-O&D-ISB-SAW-EN_exact,regional,PAUSED,PRESENCE_OR_INTEREST,PRESENCE
1339969677,_PK-O&D-ISB-SAW-EN_phrase,regional,PAUSED,PRESENCE_OR_INTEREST,PRESENCE
11816943312,_PK-O&D-ISB-SEA-EN_exact,long-haul,PAUSED,PRESENCE_OR_INTEREST,PRESENCE
11816943246,_PK-O&D-ISB-SEA-EN_phrase,long-haul,PAUSED,PRESENCE_OR_INTEREST,PRESENCE
11382489008,_PK-O&D-ISB-SFO-EN_exact,long-haul,PAUSED,PRESENCE_OR_INTEREST,PRESENCE
11382472274,_PK-O&D-ISB-SFO-EN_phrase,long-haul,PAUSED,PRESENCE_OR_INTEREST,PRESENCE
12308149396,_PK-O&D-ISB-SGN-EN_exact,regional,PAUSED,PRESENCE_OR_INTEREST,PRESENCE
13414103227,_PK-O&D-ISB-SHJ-EN_exact,regional,PAUSED,PRESENCE_OR_INTEREST,PRESENCE
13414103215,_PK-O&D-ISB-SHJ-EN_phrase,regional,PAUSED,PRESENCE_OR_INTEREST,PRESENCE
1340193553,_PK-O&D-ISB-SIN-EN_exact,regional,PAUSED,PRESENCE_OR_INTEREST,PRESENCE
1340189665,_PK-O&D-ISB-SIN-EN_phrase,regional,PAUSED,PRESENCE_OR_INTEREST,PRESENCE
1340195473,_PK-O&D-ISB-SLL-EN_exact,regional,PAUSED,PRESENCE_OR_INTEREST,PRESENCE
1340191849,_PK-O&D-ISB-SOF-EN_exact,long-haul,PAUSED,PRESENCE_OR_INTEREST,PRESENCE
1340187106,_PK-O&D-ISB-SOF-EN_phrase,long-haul,PAUSED,PRESENCE_OR_INTEREST,PRESENCE
17815641813,_PK-O&D-ISB-STL-EN_exact,long-haul,PAUSED,PRESENCE_OR_INTEREST,PRESENCE
17816808418,_PK-O&D-ISB-STL-EN_phrase,long-haul,PAUSED,PRESENCE_OR_INTEREST,PRESENCE
17824328069,_PK-O&D-ISB-SVG-EN_phrase,long-haul,PAUSED,PRESENCE_OR_INTEREST,PRESENCE
15021538732,_PK-O&D-ISB-SVO-EN_exact,regional,PAUSED,PRESENCE_OR_INTEREST,PRESENCE
15021538795,_PK-O&D-ISB-SVO-EN_phrase,regional,PAUSED,PRESENCE_OR_INTEREST,PRESENCE
1339379651,_PK-O&D-ISB-SYD-EN_exact,long-haul,PAUSED,PRESENCE_OR_INTEREST,PRESENCE
1339973685,_PK-O&D-ISB-SYD-EN_phrase,long-haul,PAUSED,PRESENCE_OR_INTEREST,PRESENCE
1340192311,_PK-O&D-ISB-TBS-EN_exact,regional,PAUSED,PRESENCE_OR_INTEREST,PRESENCE
1340187568,_PK-O&D-ISB-TBS-EN_phrase,regional,PAUSED,PRESENCE_OR_INTEREST,PRESENCE
20075025752,_PK-O&D-ISB-TLS-EN_exact,long-haul,PAUSED,PRESENCE_OR_INTEREST,PRESENCE
1339978284,_PK-O&D-ISB-TUN-EN_exact,regional,PAUSED,PRESENCE_OR_INTEREST,PRESENCE
1339369565,_PK-O&D-ISB-TUN-EN_phrase,regional,PAUSED,PRESENCE_OR_INTEREST,PRESENCE
1340192803,_PK-O&D-ISB-TXL-EN_exact,long-haul,PAUSED,PRESENCE_OR_INTEREST,PRESENCE
1340195194,_PK-O&D-ISB-TYO-EN_exact,regional,PAUSED,PRESENCE_OR_INTEREST,PRESENCE
1339372544,_PK-O&D-ISB-TYO-EN_phrase,regional,PAUSED,PRESENCE_OR_INTEREST,PRESENCE
1340192779,_PK-O&D-ISB-VCE-EN_exact,long-haul,PAUSED,PRESENCE_OR_INTEREST,PRESENCE
1340188036,_PK-O&D-ISB-VCE-EN_phrase,long-haul,PAUSED,PRESENCE_OR_INTEREST,PRESENCE
1339379036,_PK-O&D-ISB-VIE-EN_exact,long-haul,PAUSED,PRESENCE_OR_INTEREST,PRESENCE
1339973190,_PK-O&D-ISB-VIE-EN_phrase,long-haul,PAUSED,PRESENCE_OR_INTEREST,PRESENCE
1340195197,_PK-O&D-ISB-WAW-EN_exact,long-haul,PAUSED,PRESENCE_OR_INTEREST,PRESENCE
1339372547,_PK-O&D-ISB-WAW-EN_phrase,long-haul,PAUSED,PRESENCE_OR_INTEREST,PRESENCE
17824284902,_PK-O&D-ISB-YHZ-EN_exact,long-haul,PAUSED,PRESENCE_OR_INTEREST,PRESENCE
20645230299,_PK-O&D-ISB-YNB-EN_exact,regional,PAUSED,PRESENCE_OR_INTEREST,PRESENCE
20645230290,_PK-O&D-ISB-YNB-EN_phrase,regional,PAUSED,PRESENCE_OR_INTEREST,PRESENCE
1340195440,_PK-O&D-ISB-YUL-EN_exact,long-haul,PAUSED,PRESENCE_OR_INTEREST,PRESENCE
1339372790,_PK-O&D-ISB-YUL-EN_phrase,long-haul,PAUSED,PRESENCE_OR_INTEREST,PRESENCE
11408656217,_PK-O&D-ISB-YVR-EN_exact,long-haul,PAUSED,PRESENCE_OR_INTEREST,PRESENCE
11408655992,_PK-O&D-ISB-YVR-EN_phrase,long-haul,PAUSED,PRESENCE_OR_INTEREST,PRESENCE
11408656259,_PK-O&D-ISB-YYC-EN_exact,long-haul,PAUSED,PRESENCE_OR_INTEREST,PRESENCE
11408656268,_PK-O&D-ISB-YYC-EN_phrase,long-haul,PAUSED,PRESENCE_OR_INTEREST,PRESENCE
10448541271,_PK-O&D-ISB-YYZ-EN_exact,long-haul,PAUSED,PRESENCE_OR_INTEREST,PRESENCE
10448541265,_PK-O&D-ISB-YYZ-EN_phrase,long-haul,PAUSED,PRESENCE_OR_INTEREST,PRESENCE
1340193544,_PK-O&D-ISB-ZRH-EN_exact,long-haul,PAUSED,PRESENCE_OR_INTEREST,PRESENCE
1340189656,_PK-O&D-ISB-ZRH-EN_phrase,long-haul,PAUSED,PRESENCE_OR_INTEREST,PRESENCE
12937689257,_PK-O&D-KHI-ABJ-EN_exact,regional,PAUSED,PRESENCE_OR_INTEREST,PRESENCE
17869523244,_PK-O&D-KHI-ABV-EN_exact,regional,PAUSED,PRESENCE_OR_INTEREST,PRESENCE
1943557854,_PK-O&D-KHI-ADB-EN_exact,regional,PAUSED,PRESENCE_OR_INTEREST,PRESENCE
12308149165,_PK-O&D-KHI-ADL-EN_exact,long-haul,PAUSED,PRESENCE_OR_INTEREST,PRESENCE
12308148883,_PK-O&D-KHI-ADL-EN_phrase,long-haul,PAUSED,PRESENCE_OR_INTEREST,PRESENCE
1435244131,_PK-O&D-KHI-AGP-EN_exact,long-haul,PAUSED,PRESENCE_OR_INTEREST,PRESENCE
12308148913,_PK-O&D-KHI-AKL-EN_exact,long-haul,PAUSED,PRESENCE_OR_INTEREST,PRESENCE
12308149378,_PK-O&D-KHI-AKL-EN_phrase,long-haul,PAUSED,PRESENCE_OR_INTEREST,PRESENCE
1340193559,_PK-O&D-KHI-ALG-EN_exact,regional,PAUSED,PRESENCE_OR_INTEREST,PRESENCE
1340194948,_PK-O&D-KHI-AMM-EN_exact,regional,PAUSED,PRESENCE_OR_INTEREST,PRESENCE
1339972776,_PK-O&D-KHI-AMM-EN_phrase,regional,PAUSED,PRESENCE_OR_INTEREST,PRESENCE
1340195953,_PK-O&D-KHI-AMS-EN_exact,long-haul,PAUSED,PRESENCE_OR_INTEREST,PRESENCE
1339973901,_PK-O&D-KHI-AMS-EN_phrase,long-haul,PAUSED,PRESENCE_OR_INTEREST,PRESENCE
1340195200,_PK-O&D-KHI-ARN-EN_exact,long-haul,PAUSED,PRESENCE_OR_INTEREST,PRESENCE
1339372550,_PK-O&D-KHI-ARN-EN_phrase,long-haul,PAUSED,PRESENCE_OR_INTEREST,PRESENCE
1340192335,_PK-O&D-KHI-ATH-EN_exact,long-haul,PAUSED,PRESENCE_OR_INTEREST,PRESENCE
1340195935,_PK-O&D-KHI-ATL-EN_exact,long-haul,PAUSED,PRESENCE_OR_INTEREST,PRESENCE
1339973883,_PK-O&D-KHI-ATL-EN_phrase,long-haul,PAUSED,PRESENCE_OR_INTEREST,PRESENCE
12051877162,_PK-O&D-KHI-AUH-EN_exact,regional,PAUSED,PRESENCE_OR_INTEREST,PRESENCE
12047795675,_PK-O&D-KHI-AUH-EN_phrase,regional,PAUSED,PRESENCE_OR_INTEREST,PRESENCE
17815641834,_PK-O&D-KHI-AUS-EN_exact,long-haul,PAUSED,PRESENCE_OR_INTEREST,PRESENCE
1436079068,_PK-O&D-KHI-AYT-EN_exact,regional,PAUSED,PRESENCE_OR_INTEREST,PRESENCE
1436079065,_PK-O&D-KHI-AYT-EN_phrase,regional,PAUSED,PRESENCE_OR_INTEREST,PRESENCE
12051878386,_PK-O&D-KHI-BAH-EN_exact,regional,PAUSED,PRESENCE_OR_INTEREST,PRESENCE
12051876637,_PK-O&D-KHI-BAH-EN_phrase,regional,PAUSED,PRESENCE_OR_INTEREST,PRESENCE
1340195218,_PK-O&D-KHI-BCN-EN_exact,long-haul,PAUSED,PRESENCE_OR_INTEREST,PRESENCE
1339372688,_PK-O&D-KHI-BCN-EN_phrase,long-haul,PAUSED,PRESENCE_OR_INTEREST,PRESENCE
1340195203,_PK-O&D-KHI-BER-EN_exact,long-haul,PAUSED,PRESENCE_OR_INTEREST,PRESENCE
1339372553,_PK-O&D-KHI-BER-EN_phrase,long-haul,PAUSED,PRESENCE_OR_INTEREST,PRESENCE
1339978287,_PK-O&D-KHI-BEY-EN_exact,regional,PAUSED,PRESENCE_OR_INTEREST,PRESENCE
1339369568,_PK-O&D-KHI-BEY-EN_phrase,regional,PAUSED,PRESENCE_OR_INTEREST,PRESENCE
1340195446,_PK-O&D-KHI-BGW-EN_exact,regional,PAUSED,PRESENCE_OR_INTEREST,PRESENCE
1339372796,_PK-O&D-KHI-BGW-EN_phrase,regional,PAUSED,PRESENCE_OR_INTEREST,PRESENCE
17815658367,_PK-O&D-KHI-BHD-EN_exact,UK+IE (outside brief list),PAUSED,PRESENCE_OR_INTEREST,PRESENCE
17816808460,_PK-O&D-KHI-BHM-EN_exact,long-haul,PAUSED,PRESENCE_OR_INTEREST,PRESENCE
1340195899,_PK-O&D-KHI-BHX-EN_exact,UK+IE rest,PAUSED,PRESENCE_OR_INTEREST,PRESENCE
1339973727,_PK-O&D-KHI-BHX-EN_phrase,UK+IE rest,PAUSED,PRESENCE_OR_INTEREST,PRESENCE
1435241422,_PK-O&D-KHI-BJV-EN_exact,regional,PAUSED,PRESENCE_OR_INTEREST,PRESENCE
1340190643,_PK-O&D-KHI-BKK-EN_exact,regional,PAUSED,PRESENCE_OR_INTEREST,PRESENCE
1340182963,_PK-O&D-KHI-BKK-EN_phrase,regional,PAUSED,PRESENCE_OR_INTEREST,PRESENCE
17824328291,_PK-O&D-KHI-BNE-EN_exact,long-haul,PAUSED,PRESENCE_OR_INTEREST,PRESENCE
17815640340,_PK-O&D-KHI-BNE-EN_phrase,long-haul,PAUSED,PRESENCE_OR_INTEREST,PRESENCE
1339379687,_PK-O&D-KHI-BOS-EN_exact,long-haul,PAUSED,PRESENCE_OR_INTEREST,PRESENCE
1339973721,_PK-O&D-KHI-BOS-EN_phrase,long-haul,PAUSED,PRESENCE_OR_INTEREST,PRESENCE
1340191855,_PK-O&D-KHI-BRU-EN_exact,long-haul,PAUSED,PRESENCE_OR_INTEREST,PRESENCE
1340187112,_PK-O&D-KHI-BRU-EN_phrase,long-haul,PAUSED,PRESENCE_OR_INTEREST,PRESENCE
1340193562,_PK-O&D-KHI-BSR-EN_exact,regional,PAUSED,PRESENCE_OR_INTEREST,PRESENCE
1339379009,_PK-O&D-KHI-BUD-EN_exact,long-haul,PAUSED,PRESENCE_OR_INTEREST,PRESENCE
14881840742,_PK-O&D-KHI-BUF-EN_exact,long-haul,PAUSED,PRESENCE_OR_INTEREST,PRESENCE
12051876922,_PK-O&D-KHI-CAI-EN_exact,regional,PAUSED,PRESENCE_OR_INTEREST,PRESENCE
12051877648,_PK-O&D-KHI-CAI-EN_phrase,regional,PAUSED,PRESENCE_OR_INTEREST,PRESENCE
1340195449,_PK-O&D-KHI-CAN-EN_exact,regional,PAUSED,PRESENCE_OR_INTEREST,PRESENCE
1339372799,_PK-O&D-KHI-CAN-EN_phrase,regional,PAUSED,PRESENCE_OR_INTEREST,PRESENCE
1339978785,_PK-O&D-KHI-CBR-EN_exact,long-haul,PAUSED,PRESENCE_OR_INTEREST,PRESENCE
1340193070,_PK-O&D-KHI-CDG-EN_exact,long-haul,PAUSED,PRESENCE_OR_INTEREST,PRESENCE
1340189182,_PK-O&D-KHI-CDG-EN_phrase,long-haul,PAUSED,PRESENCE_OR_INTEREST,PRESENCE
1340190646,_PK-O&D-KHI-CGK-EN_exact,regional,PAUSED,PRESENCE_OR_INTEREST,PRESENCE
1340182966,_PK-O&D-KHI-CGK-EN_phrase,regional,PAUSED,PRESENCE_OR_INTEREST,PRESENCE
1340195221,_PK-O&D-KHI-CHI-EN_exact,long-haul,PAUSED,PRESENCE_OR_INTEREST,PRESENCE
1339372691,_PK-O&D-KHI-CHI-EN_phrase,long-haul,PAUSED,PRESENCE_OR_INTEREST,PRESENCE
17815663128,_PK-O&D-KHI-CLE-EN_exact,long-haul,PAUSED,PRESENCE_OR_INTEREST,PRESENCE
17824320713,_PK-O&D-KHI-CLT-EN_exact,long-haul,PAUSED,PRESENCE_OR_INTEREST,PRESENCE
17815641579,_PK-O&D-KHI-CLT-EN_phrase,long-haul,PAUSED,PRESENCE_OR_INTEREST,PRESENCE
1339375370,_PK-O&D-KHI-CMN-EN_exact,regional,PAUSED,PRESENCE_OR_INTEREST,PRESENCE
1339973703,_PK-O&D-KHI-CNX-EN_phrase,regional,PAUSED,PRESENCE_OR_INTEREST,PRESENCE
1340192317,_PK-O&D-KHI-CPH-EN_exact,long-haul,PAUSED,PRESENCE_OR_INTEREST,PRESENCE
1340187574,_PK-O&D-KHI-CPH-EN_phrase,long-haul,PAUSED,PRESENCE_OR_INTEREST,PRESENCE
1340190649,_PK-O&D-KHI-CPT-EN_exact,regional,PAUSED,PRESENCE_OR_INTEREST,PRESENCE
1340182969,_PK-O&D-KHI-CPT-EN_phrase,regional,PAUSED,PRESENCE_OR_INTEREST,PRESENCE
1340190652,_PK-O&D-KHI-CTU-EN_exact,regional,PAUSED,PRESENCE_OR_INTEREST,PRESENCE
1340191858,_PK-O&D-KHI-DAR-EN_exact,regional,PAUSED,PRESENCE_OR_INTEREST,PRESENCE
1340187115,_PK-O&D-KHI-DAR-EN_phrase,regional,PAUSED,PRESENCE_OR_INTEREST,PRESENCE
1340195911,_PK-O&D-KHI-DFW-EN_exact,long-haul,PAUSED,PRESENCE_OR_INTEREST,PRESENCE
1339973739,_PK-O&D-KHI-DFW-EN_phrase,long-haul,PAUSED,PRESENCE_OR_INTEREST,PRESENCE
1340192341,_PK-O&D-KHI-DME-EN_exact,regional,PAUSED,PRESENCE_OR_INTEREST,PRESENCE
1340187598,_PK-O&D-KHI-DME-EN_phrase,regional,PAUSED,PRESENCE_OR_INTEREST,PRESENCE
12051876676,_PK-O&D-KHI-DMM-EN_exact,regional,PAUSED,PRESENCE_OR_INTEREST,PRESENCE
12051878308,_PK-O&D-KHI-DMM-EN_phrase,regional,PAUSED,PRESENCE_OR_INTEREST,PRESENCE
1340191861,_PK-O&D-KHI-DOH-EN_exact,regional,PAUSED,PRESENCE_OR_INTEREST,PRESENCE
1340187118,_PK-O&D-KHI-DOH-EN_phrase,regional,PAUSED,PRESENCE_OR_INTEREST,PRESENCE
1340192101,_PK-O&D-KHI-DPS-EN_exact,regional,PAUSED,PRESENCE_OR_INTEREST,PRESENCE
1340187358,_PK-O&D-KHI-DPS-EN_phrase,regional,PAUSED,PRESENCE_OR_INTEREST,PRESENCE
11408656229,_PK-O&D-KHI-DTW-EN_exact,long-haul,PAUSED,PRESENCE_OR_INTEREST,PRESENCE
11408656307,_PK-O&D-KHI-DTW-EN_phrase,long-haul,PAUSED,PRESENCE_OR_INTEREST,PRESENCE
1340196628,_PK-O&D-KHI-DUB-EN_exact,UK+IE rest,PAUSED,PRESENCE_OR_INTEREST,PRESENCE
1339974456,_PK-O&D-KHI-DUB-EN_phrase,UK+IE rest,PAUSED,PRESENCE_OR_INTEREST,PRESENCE
1339977726,_PK-O&D-KHI-DUR-EN_exact,regional,PAUSED,PRESENCE_OR_INTEREST,PRESENCE
1339368887,_PK-O&D-KHI-DUR-EN_phrase,regional,PAUSED,PRESENCE_OR_INTEREST,PRESENCE
2041447673,_PK-O&D-KHI-DVO-EN_exact,regional,PAUSED,PRESENCE_OR_INTEREST,PRESENCE
12051877369,_PK-O&D-KHI-DXB-EN_exact,regional,PAUSED,PRESENCE_OR_INTEREST,PRESENCE
12051878359,_PK-O&D-KHI-DXB-EN_phrase,regional,PAUSED,PRESENCE_OR_INTEREST,PRESENCE
1340193331,_PK-O&D-KHI-EBB-EN_exact,regional,PAUSED,PRESENCE_OR_INTEREST,PRESENCE
1340195482,_PK-O&D-KHI-EBL-EN_exact,regional,PAUSED,PRESENCE_OR_INTEREST,PRESENCE
1339977810,_PK-O&D-KHI-EDI-EN_exact,UK+IE rest,PAUSED,PRESENCE_OR_INTEREST,PRESENCE
1339369091,_PK-O&D-KHI-EDI-EN_phrase,UK+IE rest,PAUSED,PRESENCE_OR_INTEREST,PRESENCE
17816826958,_PK-O&D-KHI-ELQ-EN_exact,regional,PAUSED,PRESENCE_OR_INTEREST,PRESENCE
1340190661,_PK-O&D-KHI-ESB-EN_exact,regional,PAUSED,PRESENCE_OR_INTEREST,PRESENCE
1340182981,_PK-O&D-KHI-ESB-EN_phrase,regional,PAUSED,PRESENCE_OR_INTEREST,PRESENCE
1340192347,_PK-O&D-KHI-EZE-EN_exact,regional,PAUSED,PRESENCE_OR_INTEREST,PRESENCE
1339375394,_PK-O&D-KHI-FCO-EN_exact,long-haul,PAUSED,PRESENCE_OR_INTEREST,PRESENCE
1339370366,_PK-O&D-KHI-FCO-EN_phrase,long-haul,PAUSED,PRESENCE_OR_INTEREST,PRESENCE
1340191864,_PK-O&D-KHI-FRA-EN_exact,long-haul,PAUSED,PRESENCE_OR_INTEREST,PRESENCE
1340187241,_PK-O&D-KHI-FRA-EN_phrase,long-haul,PAUSED,PRESENCE_OR_INTEREST,PRESENCE
17815692378,_PK-O&D-KHI-GLA-EN_exact,UK+IE (outside brief list),PAUSED,PRESENCE_OR_INTEREST,PRESENCE
17824320401,_PK-O&D-KHI-GLA-EN_phrase,UK+IE (outside brief list),PAUSED,PRESENCE_OR_INTEREST,PRESENCE
1660568601,_PK-O&D-KHI-GOT-EN_exact,long-haul,PAUSED,PRESENCE_OR_INTEREST,PRESENCE
1340190664,_PK-O&D-KHI-GRU-EN_exact,regional,PAUSED,PRESENCE_OR_INTEREST,PRESENCE
1340182984,_PK-O&D-KHI-GRU-EN_phrase,regional,PAUSED,PRESENCE_OR_INTEREST,PRESENCE
1339375409,_PK-O&D-KHI-GVA-EN_exact,long-haul,PAUSED,PRESENCE_OR_INTEREST,PRESENCE
1340194975,_PK-O&D-KHI-GYD-EN_exact,regional,PAUSED,PRESENCE_OR_INTEREST,PRESENCE
1339372445,_PK-O&D-KHI-GYD-EN_phrase,regional,PAUSED,PRESENCE_OR_INTEREST,PRESENCE
12078848318,_PK-O&D-KHI-HBE-EN_exact,regional,PAUSED,PRESENCE_OR_INTEREST,PRESENCE
12078848324,_PK-O&D-KHI-HBE-EN_phrase,regional,PAUSED,PRESENCE_OR_INTEREST,PRESENCE
1339379675,_PK-O&D-KHI-HEL-EN_exact,long-haul,PAUSED,PRESENCE_OR_INTEREST,PRESENCE
1339973709,_PK-O&D-KHI-HEL-EN_phrase,long-haul,PAUSED,PRESENCE_OR_INTEREST,PRESENCE
1340191639,_PK-O&D-KHI-HGH-EN_exact,regional,PAUSED,PRESENCE_OR_INTEREST,PRESENCE
1339369604,_PK-O&D-KHI-HGH-EN_phrase,regional,PAUSED,PRESENCE_OR_INTEREST,PRESENCE
1340195485,_PK-O&D-KHI-HKG-EN_exact,regional,PAUSED,PRESENCE_OR_INTEREST,PRESENCE
1339372955,_PK-O&D-KHI-HKG-EN_phrase,regional,PAUSED,PRESENCE_OR_INTEREST,PRESENCE
1340194981,_PK-O&D-KHI-HKT-EN_exact,regional,PAUSED,PRESENCE_OR_INTEREST,PRESENCE
1339372451,_PK-O&D-KHI-HKT-EN_phrase,regional,PAUSED,PRESENCE_OR_INTEREST,PRESENCE
1339375397,_PK-O&D-KHI-HND-EN_exact,regional,PAUSED,PRESENCE_OR_INTEREST,PRESENCE
14053516703,_PK-O&D-KHI-HRE-EN_exact,regional,PAUSED,PRESENCE_OR_INTEREST,PRESENCE
1340194447,_PK-O&D-KHI-IAD-EN_exact,long-haul,PAUSED,PRESENCE_OR_INTEREST,PRESENCE
1339971342,_PK-O&D-KHI-IAD-EN_phrase,long-haul,PAUSED,PRESENCE_OR_INTEREST,PRESENCE
1340190667,_PK-O&D-KHI-IAH-EN_exact,long-haul,PAUSED,PRESENCE_OR_INTEREST,PRESENCE
1340182987,_PK-O&D-KHI-IAH-EN_phrase,long-haul,PAUSED,PRESENCE_OR_INTEREST,PRESENCE
1340195227,_PK-O&D-KHI-ICN-EN_exact,regional,PAUSED,PRESENCE_OR_INTEREST,PRESENCE
1339372697,_PK-O&D-KHI-ICN-EN_phrase,regional,PAUSED,PRESENCE_OR_INTEREST,PRESENCE
1340190670,_PK-O&D-KHI-IST-EN_exact,regional,PAUSED,PRESENCE_OR_INTEREST,PRESENCE
1340182990,_PK-O&D-KHI-IST-EN_phrase,regional,PAUSED,PRESENCE_OR_INTEREST,PRESENCE
12051877417,_PK-O&D-KHI-JED-EN_exact,regional,PAUSED,PRESENCE_OR_INTEREST,PRESENCE
12047795198,_PK-O&D-KHI-JED-EN_phrase,regional,PAUSED,PRESENCE_OR_INTEREST,PRESENCE
1340194996,_PK-O&D-KHI-JFK-EN_exact,long-haul,PAUSED,PRESENCE_OR_INTEREST,PRESENCE
1339372466,_PK-O&D-KHI-JFK-EN_phrase,long-haul,PAUSED,PRESENCE_OR_INTEREST,PRESENCE
1340195497,_PK-O&D-KHI-JNB-EN_exact,regional,PAUSED,PRESENCE_OR_INTEREST,PRESENCE
1339372967,_PK-O&D-KHI-JNB-EN_phrase,regional,PAUSED,PRESENCE_OR_INTEREST,PRESENCE
16699743034,_PK-O&D-KHI-JTR-EN_phrase,long-haul,PAUSED,PRESENCE_OR_INTEREST,PRESENCE
1339379681,_PK-O&D-KHI-KBV-EN_exact,regional,PAUSED,PRESENCE_OR_INTEREST,PRESENCE
1339973715,_PK-O&D-KHI-KBV-EN_phrase,regional,PAUSED,PRESENCE_OR_INTEREST,PRESENCE
1339375865,_PK-O&D-KHI-KGL-EN_exact,regional,PAUSED,PRESENCE_OR_INTEREST,PRESENCE
1340192350,_PK-O&D-KHI-KIX-EN_exact,regional,PAUSED,PRESENCE_OR_INTEREST,PRESENCE
1340187727,_PK-O&D-KHI-KIX-EN_phrase,regional,PAUSED,PRESENCE_OR_INTEREST,PRESENCE
1340190673,_PK-O&D-KHI-KUL-EN_exact,regional,PAUSED,PRESENCE_OR_INTEREST,PRESENCE
1340182993,_PK-O&D-KHI-KUL-EN_phrase,regional,PAUSED,PRESENCE_OR_INTEREST,PRESENCE
1340193571,_PK-O&D-KHI-KWI-EN_exact,regional,PAUSED,PRESENCE_OR_INTEREST,PRESENCE
1340189683,_PK-O&D-KHI-KWI-EN_phrase,regional,PAUSED,PRESENCE_OR_INTEREST,PRESENCE
17824328090,_PK-O&D-KHI-LAS-EN_exact,long-haul,PAUSED,PRESENCE_OR_INTEREST,PRESENCE
17815663194,_PK-O&D-KHI-LAS-EN_phrase,long-haul,PAUSED,PRESENCE_OR_INTEREST,PRESENCE
1340195923,_PK-O&D-KHI-LAX-EN_exact,long-haul,PAUSED,PRESENCE_OR_INTEREST,PRESENCE
1339973751,_PK-O&D-KHI-LAX-EN_phrase,long-haul,PAUSED,PRESENCE_OR_INTEREST,PRESENCE
1339977297,_PK-O&D-KHI-LCA-EN_exact,long-haul,PAUSED,PRESENCE_OR_INTEREST,PRESENCE
1339379942,_PK-O&D-KHI-LED-EN_exact,regional,PAUSED,PRESENCE_OR_INTEREST,PRESENCE
2038984758,_PK-O&D-KHI-LGK-EN_exact,regional,PAUSED,PRESENCE_OR_INTEREST,PRESENCE
2038984755,_PK-O&D-KHI-LGK-EN_phrase,regional,PAUSED,PRESENCE_OR_INTEREST,PRESENCE
1397201176,_PK-O&D-KHI-LGW-EN_exact,UK+IE rest,PAUSED,PRESENCE_OR_INTEREST,PRESENCE
1397201161,_PK-O&D-KHI-LGW-EN_phrase,UK+IE rest,PAUSED,PRESENCE_OR_INTEREST,PRESENCE
1340195494,_PK-O&D-KHI-LHR-EN_exact,UK+IE rest,PAUSED,PRESENCE_OR_INTEREST,PRESENCE
1339372964,_PK-O&D-KHI-LHR-EN_phrase,UK+IE rest,PAUSED,PRESENCE_OR_INTEREST,PRESENCE
12051878281,_PK-O&D-KHI-LIS-EN_exact,long-haul,PAUSED,PRESENCE_OR_INTEREST,PRESENCE
12051876424,_PK-O&D-KHI-LIS-EN_phrase,long-haul,PAUSED,PRESENCE_OR_INTEREST,PRESENCE
1340190676,_PK-O&D-KHI-LON-EN_exact,UK+IE (outside brief list),PAUSED,PRESENCE_OR_INTEREST,PRESENCE
1340182996,_PK-O&D-KHI-LON-EN_phrase,UK+IE (outside brief list),PAUSED,PRESENCE_OR_INTEREST,PRESENCE
1339977303,_PK-O&D-KHI-LOS-EN_exact,regional,PAUSED,PRESENCE_OR_INTEREST,PRESENCE
1339969839,_PK-O&D-KHI-LOS-EN_phrase,regional,PAUSED,PRESENCE_OR_INTEREST,PRESENCE
1339977816,_PK-O&D-KHI-LUX-EN_exact,long-haul,PAUSED,PRESENCE_OR_INTEREST,PRESENCE
1340192848,_PK-O&D-KHI-MAD-EN_exact,long-haul,PAUSED,PRESENCE_OR_INTEREST,PRESENCE
1340188960,_PK-O&D-KHI-MAD-EN_phrase,long-haul,PAUSED,PRESENCE_OR_INTEREST,PRESENCE
1339378739,_PK-O&D-KHI-MAN-EN_exact,UK+IE rest,PAUSED,PRESENCE_OR_INTEREST,PRESENCE
1339373276,_PK-O&D-KHI-MAN-EN_phrase,UK+IE rest,PAUSED,PRESENCE_OR_INTEREST,PRESENCE
1645681118,_PK-O&D-KHI-MBA-EN_exact,regional,PAUSED,PRESENCE_OR_INTEREST,PRESENCE
1645680923,_PK-O&D-KHI-MBA-EN_phrase,regional,PAUSED,PRESENCE_OR_INTEREST,PRESENCE
17824284623,_PK-O&D-KHI-MCI-EN_exact,long-haul,PAUSED,PRESENCE_OR_INTEREST,PRESENCE
17824328087,_PK-O&D-KHI-MCI-EN_phrase,long-haul,PAUSED,PRESENCE_OR_INTEREST,PRESENCE
14881840754,_PK-O&D-KHI-MCO-EN_exact,long-haul,PAUSED,PRESENCE_OR_INTEREST,PRESENCE
14881840781,_PK-O&D-KHI-MCO-EN_phrase,long-haul,PAUSED,PRESENCE_OR_INTEREST,PRESENCE
1340194990,_PK-O&D-KHI-MCT-EN_exact,regional,PAUSED,PRESENCE_OR_INTEREST,PRESENCE
12047795252,_PK-O&D-KHI-MED-EN_exact,regional,PAUSED,PRESENCE_OR_INTEREST,PRESENCE
12047795759,_PK-O&D-KHI-MED-EN_phrase,regional,PAUSED,PRESENCE_OR_INTEREST,PRESENCE
1340195503,_PK-O&D-KHI-MEL-EN_exact,long-haul,PAUSED,PRESENCE_OR_INTEREST,PRESENCE
1339372973,_PK-O&D-KHI-MEL-EN_phrase,long-haul,PAUSED,PRESENCE_OR_INTEREST,PRESENCE
17815692225,_PK-O&D-KHI-MEM-EN_exact,long-haul,PAUSED,PRESENCE_OR_INTEREST,PRESENCE
2050314231,_PK-O&D-KHI-MGQ-EN_phrase,regional,PAUSED,PRESENCE_OR_INTEREST,PRESENCE
1339977576,_PK-O&D-KHI-MIA-EN_exact,long-haul,PAUSED,PRESENCE_OR_INTEREST,PRESENCE
1339368857,_PK-O&D-KHI-MIA-EN_phrase,long-haul,PAUSED,PRESENCE_OR_INTEREST,PRESENCE
1914079647,_PK-O&D-KHI-MLA-EN_exact,long-haul,PAUSED,PRESENCE_OR_INTEREST,PRESENCE
1914079650,_PK-O&D-KHI-MLA-EN_phrase,long-haul,PAUSED,PRESENCE_OR_INTEREST,PRESENCE
1340193766,_PK-O&D-KHI-MLE-EN_exact,regional,PAUSED,PRESENCE_OR_INTEREST,PRESENCE
1339371068,_PK-O&D-KHI-MLE-EN_phrase,regional,PAUSED,PRESENCE_OR_INTEREST,PRESENCE
1340193793,_PK-O&D-KHI-MNL-EN_exact,regional,PAUSED,PRESENCE_OR_INTEREST,PRESENCE
1339371095,_PK-O&D-KHI-MNL-EN_phrase,regional,PAUSED,PRESENCE_OR_INTEREST,PRESENCE
1340192365,_PK-O&D-KHI-MOW-EN_exact,regional,PAUSED,PRESENCE_OR_INTEREST,PRESENCE
1340187742,_PK-O&D-KHI-MOW-EN_phrase,regional,PAUSED,PRESENCE_OR_INTEREST,PRESENCE
1340192368,_PK-O&D-KHI-MPM-EN_exact,regional,PAUSED,PRESENCE_OR_INTEREST,PRESENCE
1340187745,_PK-O&D-KHI-MPM-EN_phrase,regional,PAUSED,PRESENCE_OR_INTEREST,PRESENCE
17816818987,_PK-O&D-KHI-MSP-EN_exact,long-haul,PAUSED,PRESENCE_OR_INTEREST,PRESENCE
17815658322,_PK-O&D-KHI-MSP-EN_phrase,long-haul,PAUSED,PRESENCE_OR_INTEREST,PRESENCE
17824328555,_PK-O&D-KHI-MSY-EN_exact,long-haul,PAUSED,PRESENCE_OR_INTEREST,PRESENCE
1340194480,_PK-O&D-KHI-MUC-EN_exact,long-haul,PAUSED,PRESENCE_OR_INTEREST,PRESENCE
1339971495,_PK-O&D-KHI-MUC-EN_phrase,long-haul,PAUSED,PRESENCE_OR_INTEREST,PRESENCE
1340193769,_PK-O&D-KHI-MXP-EN_exact,long-haul,PAUSED,PRESENCE_OR_INTEREST,PRESENCE
1339371071,_PK-O&D-KHI-MXP-EN_phrase,long-haul,PAUSED,PRESENCE_OR_INTEREST,PRESENCE
1339375598,_PK-O&D-KHI-NBO-EN_exact,regional,PAUSED,PRESENCE_OR_INTEREST,PRESENCE
1339370570,_PK-O&D-KHI-NBO-EN_phrase,regional,PAUSED,PRESENCE_OR_INTEREST,PRESENCE
1340196214,_PK-O&D-KHI-NCE-EN_exact,long-haul,PAUSED,PRESENCE_OR_INTEREST,PRESENCE
1340195743,_PK-O&D-KHI-NJF-EN_exact,regional,PAUSED,PRESENCE_OR_INTEREST,PRESENCE
1339373213,_PK-O&D-KHI-NJF-EN_phrase,regional,PAUSED,PRESENCE_OR_INTEREST,PRESENCE
1339375892,_PK-O&D-KHI-NRT-EN_exact,regional,PAUSED,PRESENCE_OR_INTEREST,PRESENCE
1339370864,_PK-O&D-KHI-NRT-EN_phrase,regional,PAUSED,PRESENCE_OR_INTEREST,PRESENCE
20706336456,_PK-O&D-KHI-NUM-EN_exact,regional,PAUSED,PRESENCE_OR_INTEREST,PRESENCE
1340190679,_PK-O&D-KHI-NYC-EN_exact,long-haul,PAUSED,PRESENCE_OR_INTEREST,PRESENCE
1340182999,_PK-O&D-KHI-NYC-EN_phrase,long-haul,PAUSED,PRESENCE_OR_INTEREST,PRESENCE
1339379228,_PK-O&D-KHI-ORD-EN_exact,long-haul,PAUSED,PRESENCE_OR_INTEREST,PRESENCE
1339973262,_PK-O&D-KHI-ORD-EN_phrase,long-haul,PAUSED,PRESENCE_OR_INTEREST,PRESENCE
1340195512,_PK-O&D-KHI-OSL-EN_exact,long-haul,PAUSED,PRESENCE_OR_INTEREST,PRESENCE
1339372982,_PK-O&D-KHI-OSL-EN_phrase,long-haul,PAUSED,PRESENCE_OR_INTEREST,PRESENCE
1340192374,_PK-O&D-KHI-OTP-EN_exact,long-haul,PAUSED,PRESENCE_OR_INTEREST,PRESENCE
1340187751,_PK-O&D-KHI-OTP-EN_phrase,long-haul,PAUSED,PRESENCE_OR_INTEREST,PRESENCE
1339379198,_PK-O&D-KHI-PAR-EN_exact,long-haul,PAUSED,PRESENCE_OR_INTEREST,PRESENCE
1339973232,_PK-O&D-KHI-PAR-EN_phrase,long-haul,PAUSED,PRESENCE_OR_INTEREST,PRESENCE
17815658523,_PK-O&D-KHI-PDX-EN_exact,long-haul,PAUSED,PRESENCE_OR_INTEREST,PRESENCE
1340195746,_PK-O&D-KHI-PEK-EN_exact,regional,PAUSED,PRESENCE_OR_INTEREST,PRESENCE
1339373216,_PK-O&D-KHI-PEK-EN_phrase,regional,PAUSED,PRESENCE_OR_INTEREST,PRESENCE
12308149324,_PK-O&D-KHI-PEN-EN_exact,regional,PAUSED,PRESENCE_OR_INTEREST,PRESENCE
1340195515,_PK-O&D-KHI-PER-EN_exact,long-haul,PAUSED,PRESENCE_OR_INTEREST,PRESENCE
1339372985,_PK-O&D-KHI-PER-EN_phrase,long-haul,PAUSED,PRESENCE_OR_INTEREST,PRESENCE
1339977309,_PK-O&D-KHI-PHL-EN_exact,long-haul,PAUSED,PRESENCE_OR_INTEREST,PRESENCE
17815641063,_PK-O&D-KHI-PHX-EN_exact,long-haul,PAUSED,PRESENCE_OR_INTEREST,PRESENCE
17816808199,_PK-O&D-KHI-PHX-EN_phrase,long-haul,PAUSED,PRESENCE_OR_INTEREST,PRESENCE
1339978698,_PK-O&D-KHI-PRG-EN_exact,long-haul,PAUSED,PRESENCE_OR_INTEREST,PRESENCE
1340195917,_PK-O&D-KHI-PSA-EN_exact,long-haul,PAUSED,PRESENCE_OR_INTEREST,PRESENCE
1340195035,_PK-O&D-KHI-PVG-EN_exact,regional,PAUSED,PRESENCE_OR_INTEREST,PRESENCE
1339372505,_PK-O&D-KHI-PVG-EN_phrase,regional,PAUSED,PRESENCE_OR_INTEREST,PRESENCE
1339973907,_PK-O&D-KHI-RAK-EN_phrase,regional,PAUSED,PRESENCE_OR_INTEREST,PRESENCE
1943639728,_PK-O&D-KHI-RBA-EN_exact,regional,PAUSED,PRESENCE_OR_INTEREST,PRESENCE
1943639731,_PK-O&D-KHI-RBA-EN_phrase,regional,PAUSED,PRESENCE_OR_INTEREST,PRESENCE
17816807218,_PK-O&D-KHI-RDU-EN_exact,long-haul,PAUSED,PRESENCE_OR_INTEREST,PRESENCE
17824284629,_PK-O&D-KHI-RDU-EN_phrase,long-haul,PAUSED,PRESENCE_OR_INTEREST,PRESENCE
20075025536,_PK-O&D-KHI-RKT-EN_exact,regional,PAUSED,PRESENCE_OR_INTEREST,PRESENCE
12051877357,_PK-O&D-KHI-RUH-EN_exact,regional,PAUSED,PRESENCE_OR_INTEREST,PRESENCE
12051876643,_PK-O&D-KHI-RUH-EN_phrase,regional,PAUSED,PRESENCE_OR_INTEREST,PRESENCE
1339977252,_PK-O&D-KHI-SAW-EN_exact,regional,PAUSED,PRESENCE_OR_INTEREST,PRESENCE
1339969668,_PK-O&D-KHI-SAW-EN_phrase,regional,PAUSED,PRESENCE_OR_INTEREST,PRESENCE
11408655998,_PK-O&D-KHI-SEA-EN_exact,long-haul,PAUSED,PRESENCE_OR_INTEREST,PRESENCE
11408656070,_PK-O&D-KHI-SEA-EN_phrase,long-haul,PAUSED,PRESENCE_OR_INTEREST,PRESENCE
11382467675,_PK-O&D-KHI-SFO-EN_exact,long-haul,PAUSED,PRESENCE_OR_INTEREST,PRESENCE
11379817818,_PK-O&D-KHI-SFO-EN_phrase,long-haul,PAUSED,PRESENCE_OR_INTEREST,PRESENCE
13414103248,_PK-O&D-KHI-SHJ-EN_exact,regional,PAUSED,PRESENCE_OR_INTEREST,PRESENCE
13414103230,_PK-O&D-KHI-SHJ-EN_phrase,regional,PAUSED,PRESENCE_OR_INTEREST,PRESENCE
1340190682,_PK-O&D-KHI-SIN-EN_exact,regional,PAUSED,PRESENCE_OR_INTEREST,PRESENCE
1340183737,_PK-O&D-KHI-SIN-EN_phrase,regional,PAUSED,PRESENCE_OR_INTEREST,PRESENCE
17816808409,_PK-O&D-KHI-SLC-EN_exact,long-haul,PAUSED,PRESENCE_OR_INTEREST,PRESENCE
17816807431,_PK-O&D-KHI-SLC-EN_phrase,long-haul,PAUSED,PRESENCE_OR_INTEREST,PRESENCE
1340194021,_PK-O&D-KHI-SLL-EN_exact,regional,PAUSED,PRESENCE_OR_INTEREST,PRESENCE
1340194024,_PK-O&D-KHI-SOF-EN_exact,long-haul,PAUSED,PRESENCE_OR_INTEREST,PRESENCE
15021538705,_PK-O&D-KHI-SVO-EN_exact,regional,PAUSED,PRESENCE_OR_INTEREST,PRESENCE
15021538552,_PK-O&D-KHI-SVO-EN_phrase,regional,PAUSED,PRESENCE_OR_INTEREST,PRESENCE
1340195947,_PK-O&D-KHI-SYD-EN_exact,long-haul,PAUSED,PRESENCE_OR_INTEREST,PRESENCE
1339973895,_PK-O&D-KHI-SYD-EN_phrase,long-haul,PAUSED,PRESENCE_OR_INTEREST,PRESENCE
1340194459,_PK-O&D-KHI-TBS-EN_exact,regional,PAUSED,PRESENCE_OR_INTEREST,PRESENCE
1339971354,_PK-O&D-KHI-TBS-EN_phrase,regional,PAUSED,PRESENCE_OR_INTEREST,PRESENCE
17816808376,_PK-O&D-KHI-TLL-EN_exact,long-haul,PAUSED,PRESENCE_OR_INTEREST,PRESENCE
17816827090,_PK-O&D-KHI-TLL-EN_phrase,long-haul,PAUSED,PRESENCE_OR_INTEREST,PRESENCE
1339379234,_PK-O&D-KHI-TXL-EN_exact,long-haul,PAUSED,PRESENCE_OR_INTEREST,PRESENCE
1339973268,_PK-O&D-KHI-TXL-EN_phrase,long-haul,PAUSED,PRESENCE_OR_INTEREST,PRESENCE
1340195668,_PK-O&D-KHI-TYO-EN_exact,regional,PAUSED,PRESENCE_OR_INTEREST,PRESENCE
1339373018,_PK-O&D-KHI-TYO-EN_phrase,regional,PAUSED,PRESENCE_OR_INTEREST,PRESENCE
1340194027,_PK-O&D-KHI-VCE-EN_exact,long-haul,PAUSED,PRESENCE_OR_INTEREST,PRESENCE
1340194465,_PK-O&D-KHI-VIE-EN_exact,long-haul,PAUSED,PRESENCE_OR_INTEREST,PRESENCE
1340195725,_PK-O&D-KHI-WAW-EN_exact,long-haul,PAUSED,PRESENCE_OR_INTEREST,PRESENCE
1339373195,_PK-O&D-KHI-WAW-EN_phrase,long-haul,PAUSED,PRESENCE_OR_INTEREST,PRESENCE
17816808148,_PK-O&D-KHI-YHZ-EN_exact,long-haul,PAUSED,PRESENCE_OR_INTEREST,PRESENCE
20645230272,_PK-O&D-KHI-YNB-EN_exact,regional,PAUSED,PRESENCE_OR_INTEREST,PRESENCE
1339379237,_PK-O&D-KHI-YUL-EN_exact,long-haul,PAUSED,PRESENCE_OR_INTEREST,PRESENCE
1339973271,_PK-O&D-KHI-YUL-EN_phrase,long-haul,PAUSED,PRESENCE_OR_INTEREST,PRESENCE
11408656238,_PK-O&D-KHI-YVR-EN_exact,long-haul,PAUSED,PRESENCE_OR_INTEREST,PRESENCE
11408656013,_PK-O&D-KHI-YVR-EN_phrase,long-haul,PAUSED,PRESENCE_OR_INTEREST,PRESENCE
11408656292,_PK-O&D-KHI-YYC-EN_exact,long-haul,PAUSED,PRESENCE_OR_INTEREST,PRESENCE
11408656040,_PK-O&D-KHI-YYC-EN_phrase,long-haul,PAUSED,PRESENCE_OR_INTEREST,PRESENCE
10447637213,_PK-O&D-KHI-YYZ-EN_exact,long-haul,PAUSED,PRESENCE_OR_INTEREST,PRESENCE
10447637207,_PK-O&D-KHI-YYZ-EN_phrase,long-haul,PAUSED,PRESENCE_OR_INTEREST,PRESENCE
17816806789,_PK-O&D-KHI-ZAG-EN_exact,long-haul,PAUSED,PRESENCE_OR_INTEREST,PRESENCE
17816806771,_PK-O&D-KHI-ZNZ-EN_exact,regional,PAUSED,PRESENCE_OR_INTEREST,PRESENCE
17816827102,_PK-O&D-KHI-ZNZ-EN_phrase,regional,PAUSED,PRESENCE_OR_INTEREST,PRESENCE
1340195752,_PK-O&D-KHI-ZRH-EN_exact,long-haul,PAUSED,PRESENCE_OR_INTEREST,PRESENCE
1339373222,_PK-O&D-KHI-ZRH-EN_phrase,long-haul,PAUSED,PRESENCE_OR_INTEREST,PRESENCE
17869523184,_PK-O&D-LHE-ABV-EN_exact,regional,PAUSED,PRESENCE_OR_INTEREST,PRESENCE
17869523238,_PK-O&D-LHE-ABV-EN_phrase,regional,PAUSED,PRESENCE_OR_INTEREST,PRESENCE
17815640157,_PK-O&D-LHE-ABZ-EN_exact,UK+IE (outside brief list),PAUSED,PRESENCE_OR_INTEREST,PRESENCE
1943557647,_PK-O&D-LHE-ADB-EN_exact,regional,PAUSED,PRESENCE_OR_INTEREST,PRESENCE
12308149168,_PK-O&D-LHE-ADL-EN_exact,long-haul,PAUSED,PRESENCE_OR_INTEREST,PRESENCE
12308149183,_PK-O&D-LHE-ADL-EN_phrase,long-haul,PAUSED,PRESENCE_OR_INTEREST,PRESENCE
1435244140,_PK-O&D-LHE-AGP-EN_exact,long-haul,PAUSED,PRESENCE_OR_INTEREST,PRESENCE
1435244290,_PK-O&D-LHE-AGP-EN_phrase,long-haul,PAUSED,PRESENCE_OR_INTEREST,PRESENCE
12308149135,_PK-O&D-LHE-AKL-EN_exact,long-haul,PAUSED,PRESENCE_OR_INTEREST,PRESENCE
12308149393,_PK-O&D-LHE-AKL-EN_phrase,long-haul,PAUSED,PRESENCE_OR_INTEREST,PRESENCE
1340195644,_PK-O&D-LHE-ALG-EN_exact,regional,PAUSED,PRESENCE_OR_INTEREST,PRESENCE
1339372994,_PK-O&D-LHE-ALG-EN_phrase,regional,PAUSED,PRESENCE_OR_INTEREST,PRESENCE
1339379201,_PK-O&D-LHE-AMM-EN_exact,regional,PAUSED,PRESENCE_OR_INTEREST,PRESENCE
1339973235,_PK-O&D-LHE-AMM-EN_phrase,regional,PAUSED,PRESENCE_OR_INTEREST,PRESENCE
1339379450,_PK-O&D-LHE-AMS-EN_exact,long-haul,PAUSED,PRESENCE_OR_INTEREST,PRESENCE
1339973484,_PK-O&D-LHE-AMS-EN_phrase,long-haul,PAUSED,PRESENCE_OR_INTEREST,PRESENCE
1340190685,_PK-O&D-LHE-ARN-EN_exact,long-haul,PAUSED,PRESENCE_OR_INTEREST,PRESENCE
1340183740,_PK-O&D-LHE-ARN-EN_phrase,long-haul,PAUSED,PRESENCE_OR_INTEREST,PRESENCE
1340194486,_PK-O&D-LHE-ATH-EN_exact,long-haul,PAUSED,PRESENCE_OR_INTEREST,PRESENCE
1339971501,_PK-O&D-LHE-ATH-EN_phrase,long-haul,PAUSED,PRESENCE_OR_INTEREST,PRESENCE
1339378034,_PK-O&D-LHE-ATL-EN_exact,long-haul,PAUSED,PRESENCE_OR_INTEREST,PRESENCE
1339972068,_PK-O&D-LHE-ATL-EN_phrase,long-haul,PAUSED,PRESENCE_OR_INTEREST,PRESENCE
12051876460,_PK-O&D-LHE-AUH-EN_exact,regional,PAUSED,PRESENCE_OR_INTEREST,PRESENCE
12047795039,_PK-O&D-LHE-AUH-EN_phrase,regional,PAUSED,PRESENCE_OR_INTEREST,PRESENCE
17824285127,_PK-O&D-LHE-AUS-EN_exact,long-haul,PAUSED,PRESENCE_OR_INTEREST,PRESENCE
17816807755,_PK-O&D-LHE-AUS-EN_phrase,long-haul,PAUSED,PRESENCE_OR_INTEREST,PRESENCE
1436079056,_PK-O&D-LHE-AYT-EN_exact,regional,PAUSED,PRESENCE_OR_INTEREST,PRESENCE
12047795207,_PK-O&D-LHE-BAH-EN_exact,regional,PAUSED,PRESENCE_OR_INTEREST,PRESENCE
12051876472,_PK-O&D-LHE-BAH-EN_phrase,regional,PAUSED,PRESENCE_OR_INTEREST,PRESENCE
1340190688,_PK-O&D-LHE-BCN-EN_exact,long-haul,PAUSED,PRESENCE_OR_INTEREST,PRESENCE
1340183743,_PK-O&D-LHE-BCN-EN_phrase,long-haul,PAUSED,PRESENCE_OR_INTEREST,PRESENCE
17816808415,_PK-O&D-LHE-BEG-EN_exact,long-haul,PAUSED,PRESENCE_OR_INTEREST,PRESENCE
1340195650,_PK-O&D-LHE-BER-EN_exact,long-haul,PAUSED,PRESENCE_OR_INTEREST,PRESENCE
1339373000,_PK-O&D-LHE-BER-EN_phrase,long-haul,PAUSED,PRESENCE_OR_INTEREST,PRESENCE
1340195002,_PK-O&D-LHE-BEY-EN_exact,regional,PAUSED,PRESENCE_OR_INTEREST,PRESENCE
1340192380,_PK-O&D-LHE-BGW-EN_exact,regional,PAUSED,PRESENCE_OR_INTEREST,PRESENCE
17815662399,_PK-O&D-LHE-BHD-EN_exact,UK+IE (outside brief list),PAUSED,PRESENCE_OR_INTEREST,PRESENCE
1339377839,_PK-O&D-LHE-BHX-EN_exact,UK+IE rest,PAUSED,PRESENCE_OR_INTEREST,PRESENCE
1339971993,_PK-O&D-LHE-BHX-EN_phrase,UK+IE rest,PAUSED,PRESENCE_OR_INTEREST,PRESENCE
1435241431,_PK-O&D-LHE-BJV-EN_exact,regional,PAUSED,PRESENCE_OR_INTEREST,PRESENCE
1339378742,_PK-O&D-LHE-BKK-EN_exact,regional,PAUSED,PRESENCE_OR_INTEREST,PRESENCE
1339373279,_PK-O&D-LHE-BKK-EN_phrase,regional,PAUSED,PRESENCE_OR_INTEREST,PRESENCE
17815663419,_PK-O&D-LHE-BNE-EN_exact,long-haul,PAUSED,PRESENCE_OR_INTEREST,PRESENCE
17815662921,_PK-O&D-LHE-BNE-EN_phrase,long-haul,PAUSED,PRESENCE_OR_INTEREST,PRESENCE
1339377830,_PK-O&D-LHE-BOS-EN_exact,long-haul,PAUSED,PRESENCE_OR_INTEREST,PRESENCE
1339971984,_PK-O&D-LHE-BOS-EN_phrase,long-haul,PAUSED,PRESENCE_OR_INTEREST,PRESENCE
1340190691,_PK-O&D-LHE-BRU-EN_exact,long-haul,PAUSED,PRESENCE_OR_INTEREST,PRESENCE
1340183746,_PK-O&D-LHE-BRU-EN_phrase,long-haul,PAUSED,PRESENCE_OR_INTEREST,PRESENCE
1339375871,_PK-O&D-LHE-BSR-EN_exact,regional,PAUSED,PRESENCE_OR_INTEREST,PRESENCE
1340194036,_PK-O&D-LHE-BUD-EN_exact,long-haul,PAUSED,PRESENCE_OR_INTEREST,PRESENCE
1339971051,_PK-O&D-LHE-BUD-EN_phrase,long-haul,PAUSED,PRESENCE_OR_INTEREST,PRESENCE
12051878548,_PK-O&D-LHE-CAI-EN_exact,regional,PAUSED,PRESENCE_OR_INTEREST,PRESENCE
12051877198,_PK-O&D-LHE-CAI-EN_phrase,regional,PAUSED,PRESENCE_OR_INTEREST,PRESENCE
1339375874,_PK-O&D-LHE-CAN-EN_exact,regional,PAUSED,PRESENCE_OR_INTEREST,PRESENCE
1339370846,_PK-O&D-LHE-CAN-EN_phrase,regional,PAUSED,PRESENCE_OR_INTEREST,PRESENCE
1339978782,_PK-O&D-LHE-CBR-EN_exact,long-haul,PAUSED,PRESENCE_OR_INTEREST,PRESENCE
1339375607,_PK-O&D-LHE-CDG-EN_exact,long-haul,PAUSED,PRESENCE_OR_INTEREST,PRESENCE
1339370579,_PK-O&D-LHE-CDG-EN_phrase,long-haul,PAUSED,PRESENCE_OR_INTEREST,PRESENCE
1339375880,_PK-O&D-LHE-CGK-EN_exact,regional,PAUSED,PRESENCE_OR_INTEREST,PRESENCE
1339370852,_PK-O&D-LHE-CGK-EN_phrase,regional,PAUSED,PRESENCE_OR_INTEREST,PRESENCE
1340194039,_PK-O&D-LHE-CHI-EN_exact,long-haul,PAUSED,PRESENCE_OR_INTEREST,PRESENCE
1339971054,_PK-O&D-LHE-CHI-EN_phrase,long-haul,PAUSED,PRESENCE_OR_INTEREST,PRESENCE
17815658334,_PK-O&D-LHE-CLE-EN_exact,long-haul,PAUSED,PRESENCE_OR_INTEREST,PRESENCE
17815663422,_PK-O&D-LHE-CLT-EN_exact,long-haul,PAUSED,PRESENCE_OR_INTEREST,PRESENCE
17815658373,_PK-O&D-LHE-CLT-EN_phrase,long-haul,PAUSED,PRESENCE_OR_INTEREST,PRESENCE
1340195755,_PK-O&D-LHE-CMN-EN_exact,regional,PAUSED,PRESENCE_OR_INTEREST,PRESENCE
1339377800,_PK-O&D-LHE-CNX-EN_exact,regional,PAUSED,PRESENCE_OR_INTEREST,PRESENCE
1339375655,_PK-O&D-LHE-CPH-EN_exact,long-haul,PAUSED,PRESENCE_OR_INTEREST,PRESENCE
1339370627,_PK-O&D-LHE-CPH-EN_phrase,long-haul,PAUSED,PRESENCE_OR_INTEREST,PRESENCE
1340190694,_PK-O&D-LHE-CPT-EN_exact,regional,PAUSED,PRESENCE_OR_INTEREST,PRESENCE
1340183749,_PK-O&D-LHE-CPT-EN_phrase,regional,PAUSED,PRESENCE_OR_INTEREST,PRESENCE
1339379207,_PK-O&D-LHE-CTU-EN_exact,regional,PAUSED,PRESENCE_OR_INTEREST,PRESENCE
1339375658,_PK-O&D-LHE-DAR-EN_exact,regional,PAUSED,PRESENCE_OR_INTEREST,PRESENCE
17824328303,_PK-O&D-LHE-DEN-EN_exact,long-haul,PAUSED,PRESENCE_OR_INTEREST,PRESENCE
17824284668,_PK-O&D-LHE-DEN-EN_phrase,long-haul,PAUSED,PRESENCE_OR_INTEREST,PRESENCE
1339977345,_PK-O&D-LHE-DFW-EN_exact,long-haul,PAUSED,PRESENCE_OR_INTEREST,PRESENCE
1339969857,_PK-O&D-LHE-DFW-EN_phrase,long-haul,PAUSED,PRESENCE_OR_INTEREST,PRESENCE
1340193778,_PK-O&D-LHE-DME-EN_exact,regional,PAUSED,PRESENCE_OR_INTEREST,PRESENCE
1339371080,_PK-O&D-LHE-DME-EN_phrase,regional,PAUSED,PRESENCE_OR_INTEREST,PRESENCE
12051877621,_PK-O&D-LHE-DMM-EN_exact,regional,PAUSED,PRESENCE_OR_INTEREST,PRESENCE
12051876670,_PK-O&D-LHE-DMM-EN_phrase,regional,PAUSED,PRESENCE_OR_INTEREST,PRESENCE
1339379210,_PK-O&D-LHE-DOH-EN_exact,regional,PAUSED,PRESENCE_OR_INTEREST,PRESENCE
1339973244,_PK-O&D-LHE-DOH-EN_phrase,regional,PAUSED,PRESENCE_OR_INTEREST,PRESENCE
1339375613,_PK-O&D-LHE-DPS-EN_exact,regional,PAUSED,PRESENCE_OR_INTEREST,PRESENCE
1339370585,_PK-O&D-LHE-DPS-EN_phrase,regional,PAUSED,PRESENCE_OR_INTEREST,PRESENCE
11408656028,_PK-O&D-LHE-DTW-EN_exact,long-haul,PAUSED,PRESENCE_OR_INTEREST,PRESENCE
11408656223,_PK-O&D-LHE-DTW-EN_phrase,long-haul,PAUSED,PRESENCE_OR_INTEREST,PRESENCE
1340196625,_PK-O&D-LHE-DUB-EN_exact,UK+IE rest,PAUSED,PRESENCE_OR_INTEREST,PRESENCE
1339974453,_PK-O&D-LHE-DUB-EN_phrase,UK+IE rest,PAUSED,PRESENCE_OR_INTEREST,PRESENCE
1339977729,_PK-O&D-LHE-DUR-EN_exact,regional,PAUSED,PRESENCE_OR_INTEREST,PRESENCE
1339368890,_PK-O&D-LHE-DUR-EN_phrase,regional,PAUSED,PRESENCE_OR_INTEREST,PRESENCE
17777570545,_PK-O&D-LHE-DUS-EN_exact,long-haul,PAUSED,PRESENCE_OR_INTEREST,PRESENCE
12047795264,_PK-O&D-LHE-DXB-EN_exact,regional,PAUSED,PRESENCE_OR_INTEREST,PRESENCE
12051877639,_PK-O&D-LHE-DXB-EN_phrase,regional,PAUSED,PRESENCE_OR_INTEREST,PRESENCE
1339379243,_PK-O&D-LHE-EBB-EN_exact,regional,PAUSED,PRESENCE_OR_INTEREST,PRESENCE
1340194495,_PK-O&D-LHE-EBL-EN_exact,regional,PAUSED,PRESENCE_OR_INTEREST,PRESENCE
1339977813,_PK-O&D-LHE-EDI-EN_exact,UK+IE rest,PAUSED,PRESENCE_OR_INTEREST,PRESENCE
1339369094,_PK-O&D-LHE-EDI-EN_phrase,UK+IE rest,PAUSED,PRESENCE_OR_INTEREST,PRESENCE
17816807998,_PK-O&D-LHE-ELQ-EN_exact,regional,PAUSED,PRESENCE_OR_INTEREST,PRESENCE
1340195008,_PK-O&D-LHE-ESB-EN_exact,regional,PAUSED,PRESENCE_OR_INTEREST,PRESENCE
1339372478,_PK-O&D-LHE-ESB-EN_phrase,regional,PAUSED,PRESENCE_OR_INTEREST,PRESENCE
1339375616,_PK-O&D-LHE-EZE-EN_exact,regional,PAUSED,PRESENCE_OR_INTEREST,PRESENCE
1339370588,_PK-O&D-LHE-EZE-EN_phrase,regional,PAUSED,PRESENCE_OR_INTEREST,PRESENCE
1340195881,_PK-O&D-LHE-FCO-EN_exact,long-haul,PAUSED,PRESENCE_OR_INTEREST,PRESENCE
1339373231,_PK-O&D-LHE-FCO-EN_phrase,long-haul,PAUSED,PRESENCE_OR_INTEREST,PRESENCE
1339375565,_PK-O&D-LHE-FRA-EN_exact,long-haul,PAUSED,PRESENCE_OR_INTEREST,PRESENCE
1339370537,_PK-O&D-LHE-FRA-EN_phrase,long-haul,PAUSED,PRESENCE_OR_INTEREST,PRESENCE
17816808133,_PK-O&D-LHE-GLA-EN_exact,UK+IE (outside brief list),PAUSED,PRESENCE_OR_INTEREST,PRESENCE
17824284710,_PK-O&D-LHE-GLA-EN_phrase,UK+IE (outside brief list),PAUSED,PRESENCE_OR_INTEREST,PRESENCE
1660568592,_PK-O&D-LHE-GOT-EN_exact,long-haul,PAUSED,PRESENCE_OR_INTEREST,PRESENCE
1340195737,_PK-O&D-LHE-GRU-EN_exact,regional,PAUSED,PRESENCE_OR_INTEREST,PRESENCE
1340192386,_PK-O&D-LHE-GVA-EN_exact,long-haul,PAUSED,PRESENCE_OR_INTEREST,PRESENCE
1340187763,_PK-O&D-LHE-GVA-EN_phrase,long-haul,PAUSED,PRESENCE_OR_INTEREST,PRESENCE
1340195167,_PK-O&D-LHE-GYD-EN_exact,regional,PAUSED,PRESENCE_OR_INTEREST,PRESENCE
1339372517,_PK-O&D-LHE-GYD-EN_phrase,regional,PAUSED,PRESENCE_OR_INTEREST,PRESENCE
1339377809,_PK-O&D-LHE-HEL-EN_exact,long-haul,PAUSED,PRESENCE_OR_INTEREST,PRESENCE
1340194042,_PK-O&D-LHE-HGH-EN_exact,regional,PAUSED,PRESENCE_OR_INTEREST,PRESENCE
1340195020,_PK-O&D-LHE-HKG-EN_exact,regional,PAUSED,PRESENCE_OR_INTEREST,PRESENCE
1339372490,_PK-O&D-LHE-HKG-EN_phrase,regional,PAUSED,PRESENCE_OR_INTEREST,PRESENCE
1340195677,_PK-O&D-LHE-HKT-EN_exact,regional,PAUSED,PRESENCE_OR_INTEREST,PRESENCE
1339373027,_PK-O&D-LHE-HKT-EN_phrase,regional,PAUSED,PRESENCE_OR_INTEREST,PRESENCE
1339375619,_PK-O&D-LHE-HND-EN_exact,regional,PAUSED,PRESENCE_OR_INTEREST,PRESENCE
1339370591,_PK-O&D-LHE-HND-EN_phrase,regional,PAUSED,PRESENCE_OR_INTEREST,PRESENCE
14050280836,_PK-O&D-LHE-HRE-EN_exact,regional,PAUSED,PRESENCE_OR_INTEREST,PRESENCE
1339375622,_PK-O&D-LHE-IAD-EN_exact,long-haul,PAUSED,PRESENCE_OR_INTEREST,PRESENCE
1339370594,_PK-O&D-LHE-IAD-EN_phrase,long-haul,PAUSED,PRESENCE_OR_INTEREST,PRESENCE
1340195023,_PK-O&D-LHE-IAH-EN_exact,long-haul,PAUSED,PRESENCE_OR_INTEREST,PRESENCE
1339372493,_PK-O&D-LHE-IAH-EN_phrase,long-haul,PAUSED,PRESENCE_OR_INTEREST,PRESENCE
1340194057,_PK-O&D-LHE-ICN-EN_exact,regional,PAUSED,PRESENCE_OR_INTEREST,PRESENCE
1339971072,_PK-O&D-LHE-ICN-EN_phrase,regional,PAUSED,PRESENCE_OR_INTEREST,PRESENCE
1340190706,_PK-O&D-LHE-IST-EN_exact,regional,PAUSED,PRESENCE_OR_INTEREST,PRESENCE
1340183881,_PK-O&D-LHE-IST-EN_phrase,regional,PAUSED,PRESENCE_OR_INTEREST,PRESENCE
12047795684,_PK-O&D-LHE-JED-EN_exact,regional,PAUSED,PRESENCE_OR_INTEREST,PRESENCE
12047795654,_PK-O&D-LHE-JED-EN_phrase,regional,PAUSED,PRESENCE_OR_INTEREST,PRESENCE
1340193784,_PK-O&D-LHE-JFK-EN_exact,long-haul,PAUSED,PRESENCE_OR_INTEREST,PRESENCE
1339371086,_PK-O&D-LHE-JFK-EN_phrase,long-haul,PAUSED,PRESENCE_OR_INTEREST,PRESENCE
1339375436,_PK-O&D-LHE-JNB-EN_exact,regional,PAUSED,PRESENCE_OR_INTEREST,PRESENCE
1339370528,_PK-O&D-LHE-JNB-EN_phrase,regional,PAUSED,PRESENCE_OR_INTEREST,PRESENCE
16699742872,_PK-O&D-LHE-JTR-EN_exact,long-haul,PAUSED,PRESENCE_OR_INTEREST,PRESENCE
1339377818,_PK-O&D-LHE-KBV-EN_exact,regional,PAUSED,PRESENCE_OR_INTEREST,PRESENCE
1339379252,_PK-O&D-LHE-KGL-EN_exact,regional,PAUSED,PRESENCE_OR_INTEREST,PRESENCE
1339375913,_PK-O&D-LHE-KIX-EN_exact,regional,PAUSED,PRESENCE_OR_INTEREST,PRESENCE
1339371005,_PK-O&D-LHE-KIX-EN_phrase,regional,PAUSED,PRESENCE_OR_INTEREST,PRESENCE
1340190709,_PK-O&D-LHE-KUL-EN_exact,regional,PAUSED,PRESENCE_OR_INTEREST,PRESENCE
1340183884,_PK-O&D-LHE-KUL-EN_phrase,regional,PAUSED,PRESENCE_OR_INTEREST,PRESENCE
1340195887,_PK-O&D-LHE-KWI-EN_exact,regional,PAUSED,PRESENCE_OR_INTEREST,PRESENCE
1339373237,_PK-O&D-LHE-KWI-EN_phrase,regional,PAUSED,PRESENCE_OR_INTEREST,PRESENCE
1339378016,_PK-O&D-LHE-LAX-EN_exact,long-haul,PAUSED,PRESENCE_OR_INTEREST,PRESENCE
1339972050,_PK-O&D-LHE-LAX-EN_phrase,long-haul,PAUSED,PRESENCE_OR_INTEREST,PRESENCE
1339977351,_PK-O&D-LHE-LCA-EN_exact,long-haul,PAUSED,PRESENCE_OR_INTEREST,PRESENCE
1339969863,_PK-O&D-LHE-LCA-EN_phrase,long-haul,PAUSED,PRESENCE_OR_INTEREST,PRESENCE
1339379939,_PK-O&D-LHE-LED-EN_exact,regional,PAUSED,PRESENCE_OR_INTEREST,PRESENCE
2038984953,_PK-O&D-LHE-LGK-EN_exact,regional,PAUSED,PRESENCE_OR_INTEREST,PRESENCE
1397201170,_PK-O&D-LHE-LGW-EN_exact,UK+IE rest,PAUSED,PRESENCE_OR_INTEREST,PRESENCE
1397201167,_PK-O&D-LHE-LGW-EN_phrase,UK+IE rest,PAUSED,PRESENCE_OR_INTEREST,PRESENCE
1340192533,_PK-O&D-LHE-LHR-EN_exact,UK+IE rest,PAUSED,PRESENCE_OR_INTEREST,PRESENCE
1340187790,_PK-O&D-LHE-LHR-EN_phrase,UK+IE rest,PAUSED,PRESENCE_OR_INTEREST,PRESENCE
12051876430,_PK-O&D-LHE-LIS-EN_exact,long-haul,PAUSED,PRESENCE_OR_INTEREST,PRESENCE
12047794979,_PK-O&D-LHE-LIS-EN_phrase,long-haul,PAUSED,PRESENCE_OR_INTEREST,PRESENCE
1340194501,_PK-O&D-LHE-LON-EN_exact,UK+IE (outside brief list),PAUSED,PRESENCE_OR_INTEREST,PRESENCE
1339971516,_PK-O&D-LHE-LON-EN_phrase,UK+IE (outside brief list),PAUSED,PRESENCE_OR_INTEREST,PRESENCE
1339977357,_PK-O&D-LHE-LOS-EN_exact,regional,PAUSED,PRESENCE_OR_INTEREST,PRESENCE
17816806780,_PK-O&D-LHE-LUN-EN_exact,regional,PAUSED,PRESENCE_OR_INTEREST,PRESENCE
1339977819,_PK-O&D-LHE-LUX-EN_exact,long-haul,PAUSED,PRESENCE_OR_INTEREST,PRESENCE
1340190715,_PK-O&D-LHE-MAD-EN_exact,long-haul,PAUSED,PRESENCE_OR_INTEREST,PRESENCE
1340183890,_PK-O&D-LHE-MAD-EN_phrase,long-haul,PAUSED,PRESENCE_OR_INTEREST,PRESENCE
1339378751,_PK-O&D-LHE-MAN-EN_exact,UK+IE rest,PAUSED,PRESENCE_OR_INTEREST,PRESENCE
1339373408,_PK-O&D-LHE-MAN-EN_phrase,UK+IE rest,PAUSED,PRESENCE_OR_INTEREST,PRESENCE
1645681124,_PK-O&D-LHE-MBA-EN_exact,regional,PAUSED,PRESENCE_OR_INTEREST,PRESENCE
1340194234,_PK-O&D-LHE-MCT-EN_exact,regional,PAUSED,PRESENCE_OR_INTEREST,PRESENCE
1339971249,_PK-O&D-LHE-MCT-EN_phrase,regional,PAUSED,PRESENCE_OR_INTEREST,PRESENCE
12047795018,_PK-O&D-LHE-MED-EN_exact,regional,PAUSED,PRESENCE_OR_INTEREST,PRESENCE
12047795438,_PK-O&D-LHE-MED-EN_phrase,regional,PAUSED,PRESENCE_OR_INTEREST,PRESENCE
1340195890,_PK-O&D-LHE-MEL-EN_exact,long-haul,PAUSED,PRESENCE_OR_INTEREST,PRESENCE
1339373240,_PK-O&D-LHE-MEL-EN_phrase,long-haul,PAUSED,PRESENCE_OR_INTEREST,PRESENCE
2050314360,_PK-O&D-LHE-MGQ-EN_phrase,regional,PAUSED,PRESENCE_OR_INTEREST,PRESENCE
1339977579,_PK-O&D-LHE-MIA-EN_exact,long-haul,PAUSED,PRESENCE_OR_INTEREST,PRESENCE
1339368860,_PK-O&D-LHE-MIA-EN_phrase,long-haul,PAUSED,PRESENCE_OR_INTEREST,PRESENCE
1914079656,_PK-O&D-LHE-MLA-EN_exact,long-haul,PAUSED,PRESENCE_OR_INTEREST,PRESENCE
1914079659,_PK-O&D-LHE-MLA-EN_phrase,long-haul,PAUSED,PRESENCE_OR_INTEREST,PRESENCE
1339376045,_PK-O&D-LHE-MLE-EN_exact,regional,PAUSED,PRESENCE_OR_INTEREST,PRESENCE
1339371017,_PK-O&D-LHE-MLE-EN_phrase,regional,PAUSED,PRESENCE_OR_INTEREST,PRESENCE
1340195173,_PK-O&D-LHE-MNL-EN_exact,regional,PAUSED,PRESENCE_OR_INTEREST,PRESENCE
1339372523,_PK-O&D-LHE-MNL-EN_phrase,regional,PAUSED,PRESENCE_OR_INTEREST,PRESENCE
1340193814,_PK-O&D-LHE-MOW-EN_exact,regional,PAUSED,PRESENCE_OR_INTEREST,PRESENCE
1339375142,_PK-O&D-LHE-MPM-EN_exact,regional,PAUSED,PRESENCE_OR_INTEREST,PRESENCE
17816827384,_PK-O&D-LHE-MSP-EN_exact,long-haul,PAUSED,PRESENCE_OR_INTEREST,PRESENCE
1340192536,_PK-O&D-LHE-MUC-EN_exact,long-haul,PAUSED,PRESENCE_OR_INTEREST,PRESENCE
1340187793,_PK-O&D-LHE-MUC-EN_phrase,long-haul,PAUSED,PRESENCE_OR_INTEREST,PRESENCE
1339375916,_PK-O&D-LHE-MXP-EN_exact,long-haul,PAUSED,PRESENCE_OR_INTEREST,PRESENCE
1339371008,_PK-O&D-LHE-MXP-EN_phrase,long-haul,PAUSED,PRESENCE_OR_INTEREST,PRESENCE
1339379258,_PK-O&D-LHE-NBO-EN_exact,regional,PAUSED,PRESENCE_OR_INTEREST,PRESENCE
1339973412,_PK-O&D-LHE-NBO-EN_phrase,regional,PAUSED,PRESENCE_OR_INTEREST,PRESENCE
1340196178,_PK-O&D-LHE-NCE-EN_exact,long-haul,PAUSED,PRESENCE_OR_INTEREST,PRESENCE
17816807746,_PK-O&D-LHE-NCL-EN_exact,UK+IE (outside brief list),PAUSED,PRESENCE_OR_INTEREST,PRESENCE
17815662930,_PK-O&D-LHE-NCL-EN_phrase,UK+IE (outside brief list),PAUSED,PRESENCE_OR_INTEREST,PRESENCE
1340190718,_PK-O&D-LHE-NJF-EN_exact,regional,PAUSED,PRESENCE_OR_INTEREST,PRESENCE
1340183893,_PK-O&D-LHE-NJF-EN_phrase,regional,PAUSED,PRESENCE_OR_INTEREST,PRESENCE
1339375145,_PK-O&D-LHE-NRT-EN_exact,regional,PAUSED,PRESENCE_OR_INTEREST,PRESENCE
1340189740,_PK-O&D-LHE-NRT-EN_phrase,regional,PAUSED,PRESENCE_OR_INTEREST,PRESENCE
20706336429,_PK-O&D-LHE-NUM-EN_exact,regional,PAUSED,PRESENCE_OR_INTEREST,PRESENCE
1340190841,_PK-O&D-LHE-NYC-EN_exact,long-haul,PAUSED,PRESENCE_OR_INTEREST,PRESENCE
1340183896,_PK-O&D-LHE-NYC-EN_phrase,long-haul,PAUSED,PRESENCE_OR_INTEREST,PRESENCE
1339378709,_PK-O&D-LHE-ORD-EN_exact,long-haul,PAUSED,PRESENCE_OR_INTEREST,PRESENCE
1339373246,_PK-O&D-LHE-ORD-EN_phrase,long-haul,PAUSED,PRESENCE_OR_INTEREST,PRESENCE
17815658535,_PK-O&D-LHE-ORK-EN_exact,UK+IE (outside brief list),PAUSED,PRESENCE_OR_INTEREST,PRESENCE
17815641990,_PK-O&D-LHE-ORK-EN_phrase,UK+IE (outside brief list),PAUSED,PRESENCE_OR_INTEREST,PRESENCE
1340194510,_PK-O&D-LHE-OSL-EN_exact,long-haul,PAUSED,PRESENCE_OR_INTEREST,PRESENCE
1339971525,_PK-O&D-LHE-OSL-EN_phrase,long-haul,PAUSED,PRESENCE_OR_INTEREST,PRESENCE
1340194237,_PK-O&D-LHE-OTP-EN_exact,long-haul,PAUSED,PRESENCE_OR_INTEREST,PRESENCE
1339971252,_PK-O&D-LHE-OTP-EN_phrase,long-haul,PAUSED,PRESENCE_OR_INTEREST,PRESENCE
17815688343,_PK-O&D-LHE-OUL-EN_exact,long-haul,PAUSED,PRESENCE_OR_INTEREST,PRESENCE
1340194513,_PK-O&D-LHE-PAR-EN_exact,long-haul,PAUSED,PRESENCE_OR_INTEREST,PRESENCE
1339971528,_PK-O&D-LHE-PAR-EN_phrase,long-haul,PAUSED,PRESENCE_OR_INTEREST,PRESENCE
17816827396,_PK-O&D-LHE-PDX-EN_exact,long-haul,PAUSED,PRESENCE_OR_INTEREST,PRESENCE
17816806933,_PK-O&D-LHE-PDX-EN_phrase,long-haul,PAUSED,PRESENCE_OR_INTEREST,PRESENCE
1340190844,_PK-O&D-LHE-PEK-EN_exact,regional,PAUSED,PRESENCE_OR_INTEREST,PRESENCE
1340183899,_PK-O&D-LHE-PEK-EN_phrase,regional,PAUSED,PRESENCE_OR_INTEREST,PRESENCE
1339376048,_PK-O&D-LHE-PER-EN_exact,long-haul,PAUSED,PRESENCE_OR_INTEREST,PRESENCE
1339371020,_PK-O&D-LHE-PER-EN_phrase,long-haul,PAUSED,PRESENCE_OR_INTEREST,PRESENCE
1339977483,_PK-O&D-LHE-PHL-EN_exact,long-haul,PAUSED,PRESENCE_OR_INTEREST,PRESENCE
1339969875,_PK-O&D-LHE-PHL-EN_phrase,long-haul,PAUSED,PRESENCE_OR_INTEREST,PRESENCE
17824320611,_PK-O&D-LHE-PIT-EN_exact,long-haul,PAUSED,PRESENCE_OR_INTEREST,PRESENCE
1339978695,_PK-O&D-LHE-PRG-EN_exact,long-haul,PAUSED,PRESENCE_OR_INTEREST,PRESENCE
1339974675,_PK-O&D-LHE-PRG-EN_phrase,long-haul,PAUSED,PRESENCE_OR_INTEREST,PRESENCE
1339378007,_PK-O&D-LHE-PSA-EN_exact,long-haul,PAUSED,PRESENCE_OR_INTEREST,PRESENCE
1339379261,_PK-O&D-LHE-PVG-EN_exact,regional,PAUSED,PRESENCE_OR_INTEREST,PRESENCE
1339973415,_PK-O&D-LHE-PVG-EN_phrase,regional,PAUSED,PRESENCE_OR_INTEREST,PRESENCE
1339379459,_PK-O&D-LHE-RAK-EN_exact,regional,PAUSED,PRESENCE_OR_INTEREST,PRESENCE
1339973493,_PK-O&D-LHE-RAK-EN_phrase,regional,PAUSED,PRESENCE_OR_INTEREST,PRESENCE
1943639737,_PK-O&D-LHE-RBA-EN_exact,regional,PAUSED,PRESENCE_OR_INTEREST,PRESENCE
17815640613,_PK-O&D-LHE-RDU-EN_exact,long-haul,PAUSED,PRESENCE_OR_INTEREST,PRESENCE
17815662402,_PK-O&D-LHE-RIX-EN_phrase,long-haul,PAUSED,PRESENCE_OR_INTEREST,PRESENCE
12047795492,_PK-O&D-LHE-RUH-EN_exact,regional,PAUSED,PRESENCE_OR_INTEREST,PRESENCE
12047795174,_PK-O&D-LHE-RUH-EN_phrase,regional,PAUSED,PRESENCE_OR_INTEREST,PRESENCE
17815658559,_PK-O&D-LHE-SAN-EN_exact,long-haul,PAUSED,PRESENCE_OR_INTEREST,PRESENCE
1339977267,_PK-O&D-LHE-SAW-EN_exact,regional,PAUSED,PRESENCE_OR_INTEREST,PRESENCE
1339969803,_PK-O&D-LHE-SAW-EN_phrase,regional,PAUSED,PRESENCE_OR_INTEREST,PRESENCE
11408656010,_PK-O&D-LHE-SEA-EN_exact,long-haul,PAUSED,PRESENCE_OR_INTEREST,PRESENCE
11408656295,_PK-O&D-LHE-SEA-EN_phrase,long-haul,PAUSED,PRESENCE_OR_INTEREST,PRESENCE
11379817833,_PK-O&D-LHE-SFO-EN_exact,long-haul,PAUSED,PRESENCE_OR_INTEREST,PRESENCE
11382076975,_PK-O&D-LHE-SFO-EN_phrase,long-haul,PAUSED,PRESENCE_OR_INTEREST,PRESENCE
17815691955,_PK-O&D-LHE-SGN-EN_exact,regional,PAUSED,PRESENCE_OR_INTEREST,PRESENCE
13414103236,_PK-O&D-LHE-SHJ-EN_exact,regional,PAUSED,PRESENCE_OR_INTEREST,PRESENCE
13414103221,_PK-O&D-LHE-SHJ-EN_phrase,regional,PAUSED,PRESENCE_OR_INTEREST,PRESENCE
1340193799,_PK-O&D-LHE-SIN-EN_exact,regional,PAUSED,PRESENCE_OR_INTEREST,PRESENCE
1339371101,_PK-O&D-LHE-SIN-EN_phrase,regional,PAUSED,PRESENCE_OR_INTEREST,PRESENCE
1340194240,_PK-O&D-LHE-SLL-EN_exact,regional,PAUSED,PRESENCE_OR_INTEREST,PRESENCE
1339375574,_PK-O&D-LHE-SOF-EN_exact,long-haul,PAUSED,PRESENCE_OR_INTEREST,PRESENCE
17824328534,_PK-O&D-LHE-STL-EN_exact,long-haul,PAUSED,PRESENCE_OR_INTEREST,PRESENCE
17816808169,_PK-O&D-LHE-SVG-EN_exact,long-haul,PAUSED,PRESENCE_OR_INTEREST,PRESENCE
15021538753,_PK-O&D-LHE-SVO-EN_exact,regional,PAUSED,PRESENCE_OR_INTEREST,PRESENCE
1339379423,_PK-O&D-LHE-SYD-EN_exact,long-haul,PAUSED,PRESENCE_OR_INTEREST,PRESENCE
1339973457,_PK-O&D-LHE-SYD-EN_phrase,long-haul,PAUSED,PRESENCE_OR_INTEREST,PRESENCE
1340194072,_PK-O&D-LHE-TBS-EN_exact,regional,PAUSED,PRESENCE_OR_INTEREST,PRESENCE
1339971087,_PK-O&D-LHE-TBS-EN_phrase,regional,PAUSED,PRESENCE_OR_INTEREST,PRESENCE
17815640118,_PK-O&D-LHE-TLL-EN_exact,long-haul,PAUSED,PRESENCE_OR_INTEREST,PRESENCE
20075025497,_PK-O&D-LHE-TLS-EN_exact,long-haul,PAUSED,PRESENCE_OR_INTEREST,PRESENCE
17816818786,_PK-O&D-LHE-TPA-EN_exact,long-haul,PAUSED,PRESENCE_OR_INTEREST,PRESENCE
1339375676,_PK-O&D-LHE-TUN-EN_exact,regional,PAUSED,PRESENCE_OR_INTEREST,PRESENCE
1339370768,_PK-O&D-LHE-TUN-EN_phrase,regional,PAUSED,PRESENCE_OR_INTEREST,PRESENCE
1339375571,_PK-O&D-LHE-TXL-EN_exact,long-haul,PAUSED,PRESENCE_OR_INTEREST,PRESENCE
1339375136,_PK-O&D-LHE-TYO-EN_exact,regional,PAUSED,PRESENCE_OR_INTEREST,PRESENCE
1340189731,_PK-O&D-LHE-TYO-EN_phrase,regional,PAUSED,PRESENCE_OR_INTEREST,PRESENCE
1339375808,_PK-O&D-LHE-VCE-EN_exact,long-haul,PAUSED,PRESENCE_OR_INTEREST,PRESENCE
1340193820,_PK-O&D-LHE-VIE-EN_exact,long-haul,PAUSED,PRESENCE_OR_INTEREST,PRESENCE
1339970835,_PK-O&D-LHE-VIE-EN_phrase,long-haul,PAUSED,PRESENCE_OR_INTEREST,PRESENCE
1339376051,_PK-O&D-LHE-WAW-EN_exact,long-haul,PAUSED,PRESENCE_OR_INTEREST,PRESENCE
1339371023,_PK-O&D-LHE-WAW-EN_phrase,long-haul,PAUSED,PRESENCE_OR_INTEREST,PRESENCE
20645230278,_PK-O&D-LHE-YNB-EN_exact,regional,PAUSED,PRESENCE_OR_INTEREST,PRESENCE
17815692147,_PK-O&D-LHE-YTO-EN_exact,long-haul,PAUSED,PRESENCE_OR_INTEREST,PRESENCE
17824284605,_PK-O&D-LHE-YTO-EN_phrase,long-haul,PAUSED,PRESENCE_OR_INTEREST,PRESENCE
1340194258,_PK-O&D-LHE-YUL-EN_exact,long-haul,PAUSED,PRESENCE_OR_INTEREST,PRESENCE
17815662411,_PK-O&D-LHE-YVR-EN_exact,long-haul,PAUSED,PRESENCE_OR_INTEREST,PRESENCE
17816819254,_PK-O&D-LHE-YVR-EN_phrase,long-haul,PAUSED,PRESENCE_OR_INTEREST,PRESENCE
11408656283,_PK-O&D-LHE-YYC-EN_exact,long-haul,PAUSED,PRESENCE_OR_INTEREST,PRESENCE
11408656202,_PK-O&D-LHE-YYC-EN_phrase,long-haul,PAUSED,PRESENCE_OR_INTEREST,PRESENCE
10447346159,_PK-O&D-LHE-YYZ-EN_exact,long-haul,PAUSED,PRESENCE_OR_INTEREST,PRESENCE
10447346153,_PK-O&D-LHE-YYZ-EN_phrase,long-haul,PAUSED,PRESENCE_OR_INTEREST,PRESENCE
17815640361,_PK-O&D-LHE-ZAG-EN_exact,long-haul,PAUSED,PRESENCE_OR_INTEREST,PRESENCE
17816827348,_PK-O&D-LHE-ZNZ-EN_exact,regional,PAUSED,PRESENCE_OR_INTEREST,PRESENCE
1339376054,_PK-O&D-LHE-ZRH-EN_exact,long-haul,PAUSED,PRESENCE_OR_INTEREST,PRESENCE
1339371026,_PK-O&D-LHE-ZRH-EN_phrase,long-haul,PAUSED,PRESENCE_OR_INTEREST,PRESENCE
1340195989,_PK-O&D-LYP-BHX-EN_exact,UK+IE rest,PAUSED,PRESENCE_OR_INTEREST,PRESENCE
1339975386,_PK-O&D-LYP-BKK-EN_exact,regional,PAUSED,PRESENCE_OR_INTEREST,PRESENCE
1340196163,_PK-O&D-LYP-DOH-EN_exact,regional,PAUSED,PRESENCE_OR_INTEREST,PRESENCE
1339973991,_PK-O&D-LYP-DOH-EN_phrase,regional,PAUSED,PRESENCE_OR_INTEREST,PRESENCE
1339977747,_PK-O&D-LYP-EDI-EN_exact,UK+IE rest,PAUSED,PRESENCE_OR_INTEREST,PRESENCE
1340191156,_PK-O&D-LYP-FRA-EN_exact,long-haul,PAUSED,PRESENCE_OR_INTEREST,PRESENCE
1340191420,_PK-O&D-LYP-GYD-EN_exact,regional,PAUSED,PRESENCE_OR_INTEREST,PRESENCE
1340184475,_PK-O&D-LYP-GYD-EN_phrase,regional,PAUSED,PRESENCE_OR_INTEREST,PRESENCE
1340191354,_PK-O&D-LYP-IST-EN_exact,regional,PAUSED,PRESENCE_OR_INTEREST,PRESENCE
1340190880,_PK-O&D-LYP-KUL-EN_exact,regional,PAUSED,PRESENCE_OR_INTEREST,PRESENCE
1340190874,_PK-O&D-LYP-KWI-EN_exact,regional,PAUSED,PRESENCE_OR_INTEREST,PRESENCE
1397201209,_PK-O&D-LYP-LGW-EN_exact,UK+IE rest,PAUSED,PRESENCE_OR_INTEREST,PRESENCE
1340190868,_PK-O&D-LYP-LHR-EN_exact,UK+IE rest,PAUSED,PRESENCE_OR_INTEREST,PRESENCE
1340190862,_PK-O&D-LYP-LON-EN_exact,UK+IE (outside brief list),PAUSED,PRESENCE_OR_INTEREST,PRESENCE
1340183917,_PK-O&D-LYP-LON-EN_phrase,UK+IE (outside brief list),PAUSED,PRESENCE_OR_INTEREST,PRESENCE
1340191144,_PK-O&D-LYP-MAN-EN_exact,UK+IE rest,PAUSED,PRESENCE_OR_INTEREST,PRESENCE
1340184199,_PK-O&D-LYP-MAN-EN_phrase,UK+IE rest,PAUSED,PRESENCE_OR_INTEREST,PRESENCE
1340191138,_PK-O&D-LYP-MCT-EN_exact,regional,PAUSED,PRESENCE_OR_INTEREST,PRESENCE
1340184193,_PK-O&D-LYP-MCT-EN_phrase,regional,PAUSED,PRESENCE_OR_INTEREST,PRESENCE
1340191084,_PK-O&D-LYP-MXP-EN_exact,long-haul,PAUSED,PRESENCE_OR_INTEREST,PRESENCE
1340190940,_PK-O&D-LYP-NYC-EN_exact,long-haul,PAUSED,PRESENCE_OR_INTEREST,PRESENCE
1340196157,_PK-O&D-LYP-SAW-EN_exact,regional,PAUSED,PRESENCE_OR_INTEREST,PRESENCE
1340191564,_PK-O&D-LYP-SLL-EN_exact,regional,PAUSED,PRESENCE_OR_INTEREST,PRESENCE
15021538747,_PK-O&D-LYP-SVO-EN_exact,regional,PAUSED,PRESENCE_OR_INTEREST,PRESENCE
1340191324,_PK-O&D-LYP-SYD-EN_exact,long-haul,PAUSED,PRESENCE_OR_INTEREST,PRESENCE
1339975368,_PK-O&D-LYP-TBS-EN_exact,regional,PAUSED,PRESENCE_OR_INTEREST,PRESENCE
20645230293,_PK-O&D-LYP-YNB-EN_exact,regional,PAUSED,PRESENCE_OR_INTEREST,PRESENCE
1339378277,_PK-O&D-MUX-AMS-EN_exact,long-haul,PAUSED,PRESENCE_OR_INTEREST,PRESENCE
1339374392,_PK-O&D-MUX-ARN-EN_exact,long-haul,PAUSED,PRESENCE_OR_INTEREST,PRESENCE
1339374386,_PK-O&D-MUX-ATH-EN_exact,long-haul,PAUSED,PRESENCE_OR_INTEREST,PRESENCE
1339378247,_PK-O&D-MUX-ATL-EN_exact,long-haul,PAUSED,PRESENCE_OR_INTEREST,PRESENCE
17824337039,_PK-O&D-MUX-AUH-EN_exact,regional,PAUSED,PRESENCE_OR_INTEREST,PRESENCE
17815662945,_PK-O&D-MUX-AUH-EN_phrase,regional,PAUSED,PRESENCE_OR_INTEREST,PRESENCE
1339374368,_PK-O&D-MUX-BCN-EN_exact,long-haul,PAUSED,PRESENCE_OR_INTEREST,PRESENCE
1340186146,_PK-O&D-MUX-BCN-EN_phrase,long-haul,PAUSED,PRESENCE_OR_INTEREST,PRESENCE
1339374362,_PK-O&D-MUX-BER-EN_exact,long-haul,PAUSED,PRESENCE_OR_INTEREST,PRESENCE
1339374230,_PK-O&D-MUX-BGW-EN_exact,regional,PAUSED,PRESENCE_OR_INTEREST,PRESENCE
1339378205,_PK-O&D-MUX-BHX-EN_exact,UK+IE rest,PAUSED,PRESENCE_OR_INTEREST,PRESENCE
1339378079,_PK-O&D-MUX-BOS-EN_exact,long-haul,PAUSED,PRESENCE_OR_INTEREST,PRESENCE
1339374218,_PK-O&D-MUX-BRU-EN_exact,long-haul,PAUSED,PRESENCE_OR_INTEREST,PRESENCE
1340186116,_PK-O&D-MUX-BRU-EN_phrase,long-haul,PAUSED,PRESENCE_OR_INTEREST,PRESENCE
1339374212,_PK-O&D-MUX-BSR-EN_exact,regional,PAUSED,PRESENCE_OR_INTEREST,PRESENCE
12051877567,_PK-O&D-MUX-CAI-EN_exact,regional,PAUSED,PRESENCE_OR_INTEREST,PRESENCE
1339374452,_PK-O&D-MUX-CAN-EN_exact,regional,PAUSED,PRESENCE_OR_INTEREST,PRESENCE
1339374446,_PK-O&D-MUX-CDG-EN_exact,long-haul,PAUSED,PRESENCE_OR_INTEREST,PRESENCE
1339374440,_PK-O&D-MUX-CGK-EN_exact,regional,PAUSED,PRESENCE_OR_INTEREST,PRESENCE
1339374434,_PK-O&D-MUX-CHI-EN_exact,long-haul,PAUSED,PRESENCE_OR_INTEREST,PRESENCE
1340186332,_PK-O&D-MUX-CHI-EN_phrase,long-haul,PAUSED,PRESENCE_OR_INTEREST,PRESENCE
1339374422,_PK-O&D-MUX-CMN-EN_exact,regional,PAUSED,PRESENCE_OR_INTEREST,PRESENCE
1339374416,_PK-O&D-MUX-CPH-EN_exact,long-haul,PAUSED,PRESENCE_OR_INTEREST,PRESENCE
1339374410,_PK-O&D-MUX-CPT-EN_exact,regional,PAUSED,PRESENCE_OR_INTEREST,PRESENCE
1339378217,_PK-O&D-MUX-DFW-EN_exact,long-haul,PAUSED,PRESENCE_OR_INTEREST,PRESENCE
1339976115,_PK-O&D-MUX-DME-EN_exact,regional,PAUSED,PRESENCE_OR_INTEREST,PRESENCE
17816827093,_PK-O&D-MUX-DMM-EN_exact,regional,PAUSED,PRESENCE_OR_INTEREST,PRESENCE
1339378259,_PK-O&D-MUX-DOH-EN_exact,regional,PAUSED,PRESENCE_OR_INTEREST,PRESENCE
1339972293,_PK-O&D-MUX-DOH-EN_phrase,regional,PAUSED,PRESENCE_OR_INTEREST,PRESENCE
1340185579,_PK-O&D-MUX-DPS-EN_phrase,regional,PAUSED,PRESENCE_OR_INTEREST,PRESENCE
1340196619,_PK-O&D-MUX-DUB-EN_exact,UK+IE rest,PAUSED,PRESENCE_OR_INTEREST,PRESENCE
1339974447,_PK-O&D-MUX-DUB-EN_phrase,UK+IE rest,PAUSED,PRESENCE_OR_INTEREST,PRESENCE
17816819197,_PK-O&D-MUX-DXB-EN_exact,regional,PAUSED,PRESENCE_OR_INTEREST,PRESENCE
1339377791,_PK-O&D-MUX-EBL-EN_exact,regional,PAUSED,PRESENCE_OR_INTEREST,PRESENCE
1339977750,_PK-O&D-MUX-EDI-EN_exact,UK+IE rest,PAUSED,PRESENCE_OR_INTEREST,PRESENCE
17815641099,_PK-O&D-MUX-ELQ-EN_phrase,regional,PAUSED,PRESENCE_OR_INTEREST,PRESENCE
1339976061,_PK-O&D-MUX-FCO-EN_exact,long-haul,PAUSED,PRESENCE_OR_INTEREST,PRESENCE
1339976055,_PK-O&D-MUX-FRA-EN_exact,long-haul,PAUSED,PRESENCE_OR_INTEREST,PRESENCE
17816818993,_PK-O&D-MUX-GLA-EN_exact,UK+IE (outside brief list),PAUSED,PRESENCE_OR_INTEREST,PRESENCE
17816807671,_PK-O&D-MUX-GLA-EN_phrase,UK+IE (outside brief list),PAUSED,PRESENCE_OR_INTEREST,PRESENCE
1339373951,_PK-O&D-MUX-GYD-EN_exact,regional,PAUSED,PRESENCE_OR_INTEREST,PRESENCE
1340185801,_PK-O&D-MUX-GYD-EN_phrase,regional,PAUSED,PRESENCE_OR_INTEREST,PRESENCE
1339378067,_PK-O&D-MUX-HEL-EN_exact,long-haul,PAUSED,PRESENCE_OR_INTEREST,PRESENCE
1339972221,_PK-O&D-MUX-HEL-EN_phrase,long-haul,PAUSED,PRESENCE_OR_INTEREST,PRESENCE
1340185663,_PK-O&D-MUX-HKG-EN_phrase,regional,PAUSED,PRESENCE_OR_INTEREST,PRESENCE
1339976151,_PK-O&D-MUX-IAH-EN_exact,long-haul,PAUSED,PRESENCE_OR_INTEREST,PRESENCE
1340185633,_PK-O&D-MUX-IAH-EN_phrase,long-haul,PAUSED,PRESENCE_OR_INTEREST,PRESENCE
1339976145,_PK-O&D-MUX-ICN-EN_exact,regional,PAUSED,PRESENCE_OR_INTEREST,PRESENCE
1339976133,_PK-O&D-MUX-IST-EN_exact,regional,PAUSED,PRESENCE_OR_INTEREST,PRESENCE
1340185615,_PK-O&D-MUX-IST-EN_phrase,regional,PAUSED,PRESENCE_OR_INTEREST,PRESENCE
17815662900,_PK-O&D-MUX-JED-EN_exact,regional,PAUSED,PRESENCE_OR_INTEREST,PRESENCE
17815662696,_PK-O&D-MUX-JED-EN_phrase,regional,PAUSED,PRESENCE_OR_INTEREST,PRESENCE
1339975821,_PK-O&D-MUX-JFK-EN_exact,long-haul,PAUSED,PRESENCE_OR_INTEREST,PRESENCE
1340185183,_PK-O&D-MUX-JFK-EN_phrase,long-haul,PAUSED,PRESENCE_OR_INTEREST,PRESENCE
1339975659,_PK-O&D-MUX-KUL-EN_exact,regional,PAUSED,PRESENCE_OR_INTEREST,PRESENCE
1340185141,_PK-O&D-MUX-KUL-EN_phrase,regional,PAUSED,PRESENCE_OR_INTEREST,PRESENCE
1339975653,_PK-O&D-MUX-KWI-EN_exact,regional,PAUSED,PRESENCE_OR_INTEREST,PRESENCE
1397201203,_PK-O&D-MUX-LGW-EN_exact,UK+IE rest,PAUSED,PRESENCE_OR_INTEREST,PRESENCE
1397201200,_PK-O&D-MUX-LGW-EN_phrase,UK+IE rest,PAUSED,PRESENCE_OR_INTEREST,PRESENCE
1339975647,_PK-O&D-MUX-LHR-EN_exact,UK+IE rest,PAUSED,PRESENCE_OR_INTEREST,PRESENCE
1340185129,_PK-O&D-MUX-LHR-EN_phrase,UK+IE rest,PAUSED,PRESENCE_OR_INTEREST,PRESENCE
1339975641,_PK-O&D-MUX-LON-EN_exact,UK+IE (outside brief list),PAUSED,PRESENCE_OR_INTEREST,PRESENCE
1339977537,_PK-O&D-MUX-LUX-EN_exact,long-haul,PAUSED,PRESENCE_OR_INTEREST,PRESENCE
1339976049,_PK-O&D-MUX-MAD-EN_exact,long-haul,PAUSED,PRESENCE_OR_INTEREST,PRESENCE
1340185411,_PK-O&D-MUX-MAD-EN_phrase,long-haul,PAUSED,PRESENCE_OR_INTEREST,PRESENCE
1339976043,_PK-O&D-MUX-MAN-EN_exact,UK+IE rest,PAUSED,PRESENCE_OR_INTEREST,PRESENCE
1340185405,_PK-O&D-MUX-MAN-EN_phrase,UK+IE rest,PAUSED,PRESENCE_OR_INTEREST,PRESENCE
1339975917,_PK-O&D-MUX-MCT-EN_exact,regional,PAUSED,PRESENCE_OR_INTEREST,PRESENCE
1340185399,_PK-O&D-MUX-MCT-EN_phrase,regional,PAUSED,PRESENCE_OR_INTEREST,PRESENCE
17824328330,_PK-O&D-MUX-MED-EN_exact,regional,PAUSED,PRESENCE_OR_INTEREST,PRESENCE
17815663395,_PK-O&D-MUX-MED-EN_phrase,regional,PAUSED,PRESENCE_OR_INTEREST,PRESENCE
1339975905,_PK-O&D-MUX-MEL-EN_exact,long-haul,PAUSED,PRESENCE_OR_INTEREST,PRESENCE
1339975881,_PK-O&D-MUX-MOW-EN_exact,regional,PAUSED,PRESENCE_OR_INTEREST,PRESENCE
1339975869,_PK-O&D-MUX-MUC-EN_exact,long-haul,PAUSED,PRESENCE_OR_INTEREST,PRESENCE
1339975863,_PK-O&D-MUX-MXP-EN_exact,long-haul,PAUSED,PRESENCE_OR_INTEREST,PRESENCE
1339975851,_PK-O&D-MUX-NJF-EN_exact,regional,PAUSED,PRESENCE_OR_INTEREST,PRESENCE
1339975845,_PK-O&D-MUX-NRT-EN_exact,regional,PAUSED,PRESENCE_OR_INTEREST,PRESENCE
20706336474,_PK-O&D-MUX-NUM-EN_exact,regional,PAUSED,PRESENCE_OR_INTEREST,PRESENCE
1339975839,_PK-O&D-MUX-NYC-EN_exact,long-haul,PAUSED,PRESENCE_OR_INTEREST,PRESENCE
1340185321,_PK-O&D-MUX-NYC-EN_phrase,long-haul,PAUSED,PRESENCE_OR_INTEREST,PRESENCE
1340186047,_PK-O&D-MUX-ORD-EN_phrase,long-haul,PAUSED,PRESENCE_OR_INTEREST,PRESENCE
1339374143,_PK-O&D-MUX-OSL-EN_exact,long-haul,PAUSED,PRESENCE_OR_INTEREST,PRESENCE
1339374137,_PK-O&D-MUX-OTP-EN_exact,long-haul,PAUSED,PRESENCE_OR_INTEREST,PRESENCE
1339374131,_PK-O&D-MUX-PAR-EN_exact,long-haul,PAUSED,PRESENCE_OR_INTEREST,PRESENCE
1339374125,_PK-O&D-MUX-PEK-EN_exact,regional,PAUSED,PRESENCE_OR_INTEREST,PRESENCE
1339373999,_PK-O&D-MUX-PER-EN_exact,long-haul,PAUSED,PRESENCE_OR_INTEREST,PRESENCE
1339974669,_PK-O&D-MUX-PRG-EN_phrase,long-haul,PAUSED,PRESENCE_OR_INTEREST,PRESENCE
1339373993,_PK-O&D-MUX-PVG-EN_exact,regional,PAUSED,PRESENCE_OR_INTEREST,PRESENCE
1340185891,_PK-O&D-MUX-PVG-EN_phrase,regional,PAUSED,PRESENCE_OR_INTEREST,PRESENCE
17815641489,_PK-O&D-MUX-RUH-EN_exact,regional,PAUSED,PRESENCE_OR_INTEREST,PRESENCE
1339378253,_PK-O&D-MUX-SAW-EN_exact,regional,PAUSED,PRESENCE_OR_INTEREST,PRESENCE
17816819194,_PK-O&D-MUX-SFO-EN_exact,long-haul,PAUSED,PRESENCE_OR_INTEREST,PRESENCE
17824328096,_PK-O&D-MUX-SFO-EN_phrase,long-haul,PAUSED,PRESENCE_OR_INTEREST,PRESENCE
17816827165,_PK-O&D-MUX-SHJ-EN_exact,regional,PAUSED,PRESENCE_OR_INTEREST,PRESENCE
17816818954,_PK-O&D-MUX-SHJ-EN_phrase,regional,PAUSED,PRESENCE_OR_INTEREST,PRESENCE
1339373981,_PK-O&D-MUX-SIN-EN_exact,regional,PAUSED,PRESENCE_OR_INTEREST,PRESENCE
1339373975,_PK-O&D-MUX-SLL-EN_exact,regional,PAUSED,PRESENCE_OR_INTEREST,PRESENCE
15021538741,_PK-O&D-MUX-SVO-EN_exact,regional,PAUSED,PRESENCE_OR_INTEREST,PRESENCE
1339976103,_PK-O&D-MUX-SYD-EN_exact,long-haul,PAUSED,PRESENCE_OR_INTEREST,PRESENCE
1340185585,_PK-O&D-MUX-SYD-EN_phrase,long-haul,PAUSED,PRESENCE_OR_INTEREST,PRESENCE
1339374206,_PK-O&D-MUX-TBS-EN_exact,regional,PAUSED,PRESENCE_OR_INTEREST,PRESENCE
1339374188,_PK-O&D-MUX-TXL-EN_exact,long-haul,PAUSED,PRESENCE_OR_INTEREST,PRESENCE
1340186080,_PK-O&D-MUX-TYO-EN_phrase,regional,PAUSED,PRESENCE_OR_INTEREST,PRESENCE
1339374170,_PK-O&D-MUX-VIE-EN_exact,long-haul,PAUSED,PRESENCE_OR_INTEREST,PRESENCE
20645230257,_PK-O&D-MUX-YNB-EN_exact,regional,PAUSED,PRESENCE_OR_INTEREST,PRESENCE
17815692417,_PK-O&D-MUX-YYZ-EN_exact,long-haul,PAUSED,PRESENCE_OR_INTEREST,PRESENCE
17815640103,_PK-O&D-MUX-YYZ-EN_phrase,long-haul,PAUSED,PRESENCE_OR_INTEREST,PRESENCE
1340186050,_PK-O&D-MUX-ZRH-EN_phrase,long-haul,PAUSED,PRESENCE_OR_INTEREST,PRESENCE
1340194522,_PK-O&D-PEW-AMM-EN_exact,regional,PAUSED,PRESENCE_OR_INTEREST,PRESENCE
1339378511,_PK-O&D-PEW-AMS-EN_exact,long-haul,PAUSED,PRESENCE_OR_INTEREST,PRESENCE
1339379267,_PK-O&D-PEW-ARN-EN_exact,long-haul,PAUSED,PRESENCE_OR_INTEREST,PRESENCE
1339972515,_PK-O&D-PEW-ATL-EN_phrase,long-haul,PAUSED,PRESENCE_OR_INTEREST,PRESENCE
12051877324,_PK-O&D-PEW-AUH-EN_exact,regional,PAUSED,PRESENCE_OR_INTEREST,PRESENCE
12051878158,_PK-O&D-PEW-AUH-EN_phrase,regional,PAUSED,PRESENCE_OR_INTEREST,PRESENCE
12047795186,_PK-O&D-PEW-BAH-EN_exact,regional,PAUSED,PRESENCE_OR_INTEREST,PRESENCE
1339375679,_PK-O&D-PEW-BCN-EN_exact,long-haul,PAUSED,PRESENCE_OR_INTEREST,PRESENCE
1340192548,_PK-O&D-PEW-BER-EN_exact,long-haul,PAUSED,PRESENCE_OR_INTEREST,PRESENCE
1339377752,_PK-O&D-PEW-BGW-EN_exact,regional,PAUSED,PRESENCE_OR_INTEREST,PRESENCE
1339378313,_PK-O&D-PEW-BHX-EN_exact,UK+IE rest,PAUSED,PRESENCE_OR_INTEREST,PRESENCE
1339972467,_PK-O&D-PEW-BHX-EN_phrase,UK+IE rest,PAUSED,PRESENCE_OR_INTEREST,PRESENCE
1340194690,_PK-O&D-PEW-BKK-EN_exact,regional,PAUSED,PRESENCE_OR_INTEREST,PRESENCE
1339378307,_PK-O&D-PEW-BOS-EN_exact,long-haul,PAUSED,PRESENCE_OR_INTEREST,PRESENCE
1340193832,_PK-O&D-PEW-BRU-EN_exact,long-haul,PAUSED,PRESENCE_OR_INTEREST,PRESENCE
1340194543,_PK-O&D-PEW-CAN-EN_exact,regional,PAUSED,PRESENCE_OR_INTEREST,PRESENCE
1339379273,_PK-O&D-PEW-CDG-EN_exact,long-haul,PAUSED,PRESENCE_OR_INTEREST,PRESENCE
1339973427,_PK-O&D-PEW-CDG-EN_phrase,long-haul,PAUSED,PRESENCE_OR_INTEREST,PRESENCE
1340194546,_PK-O&D-PEW-CGK-EN_exact,regional,PAUSED,PRESENCE_OR_INTEREST,PRESENCE
1340194294,_PK-O&D-PEW-CHI-EN_exact,long-haul,PAUSED,PRESENCE_OR_INTEREST,PRESENCE
1340194531,_PK-O&D-PEW-CPH-EN_exact,long-haul,PAUSED,PRESENCE_OR_INTEREST,PRESENCE
1339972479,_PK-O&D-PEW-DFW-EN_phrase,long-haul,PAUSED,PRESENCE_OR_INTEREST,PRESENCE
1339378718,_PK-O&D-PEW-DME-EN_exact,regional,PAUSED,PRESENCE_OR_INTEREST,PRESENCE
12051877576,_PK-O&D-PEW-DMM-EN_exact,regional,PAUSED,PRESENCE_OR_INTEREST,PRESENCE
12047795480,_PK-O&D-PEW-DMM-EN_phrase,regional,PAUSED,PRESENCE_OR_INTEREST,PRESENCE
1340194726,_PK-O&D-PEW-DOH-EN_exact,regional,PAUSED,PRESENCE_OR_INTEREST,PRESENCE
1339971741,_PK-O&D-PEW-DOH-EN_phrase,regional,PAUSED,PRESENCE_OR_INTEREST,PRESENCE
1340196616,_PK-O&D-PEW-DUB-EN_exact,UK+IE rest,PAUSED,PRESENCE_OR_INTEREST,PRESENCE
12051878398,_PK-O&D-PEW-DXB-EN_exact,regional,PAUSED,PRESENCE_OR_INTEREST,PRESENCE
12051876865,_PK-O&D-PEW-DXB-EN_phrase,regional,PAUSED,PRESENCE_OR_INTEREST,PRESENCE
1339977753,_PK-O&D-PEW-EDI-EN_exact,UK+IE rest,PAUSED,PRESENCE_OR_INTEREST,PRESENCE
1339368914,_PK-O&D-PEW-EDI-EN_phrase,UK+IE rest,PAUSED,PRESENCE_OR_INTEREST,PRESENCE
1339375844,_PK-O&D-PEW-FCO-EN_exact,long-haul,PAUSED,PRESENCE_OR_INTEREST,PRESENCE
1339377728,_PK-O&D-PEW-FRA-EN_exact,long-haul,PAUSED,PRESENCE_OR_INTEREST,PRESENCE
1339971762,_PK-O&D-PEW-FRA-EN_phrase,long-haul,PAUSED,PRESENCE_OR_INTEREST,PRESENCE
1339379171,_PK-O&D-PEW-GRU-EN_exact,regional,PAUSED,PRESENCE_OR_INTEREST,PRESENCE
1340193103,_PK-O&D-PEW-GYD-EN_exact,regional,PAUSED,PRESENCE_OR_INTEREST,PRESENCE
1340189215,_PK-O&D-PEW-GYD-EN_phrase,regional,PAUSED,PRESENCE_OR_INTEREST,PRESENCE
1339378295,_PK-O&D-PEW-HEL-EN_exact,long-haul,PAUSED,PRESENCE_OR_INTEREST,PRESENCE
1340193979,_PK-O&D-PEW-HKG-EN_exact,regional,PAUSED,PRESENCE_OR_INTEREST,PRESENCE
1340194213,_PK-O&D-PEW-IAD-EN_exact,long-haul,PAUSED,PRESENCE_OR_INTEREST,PRESENCE
1339971108,_PK-O&D-PEW-IAD-EN_phrase,long-haul,PAUSED,PRESENCE_OR_INTEREST,PRESENCE
1340193580,_PK-O&D-PEW-IAH-EN_exact,long-haul,PAUSED,PRESENCE_OR_INTEREST,PRESENCE
1339375418,_PK-O&D-PEW-IST-EN_exact,regional,PAUSED,PRESENCE_OR_INTEREST,PRESENCE
1339370390,_PK-O&D-PEW-IST-EN_phrase,regional,PAUSED,PRESENCE_OR_INTEREST,PRESENCE
12051876466,_PK-O&D-PEW-JED-EN_exact,regional,PAUSED,PRESENCE_OR_INTEREST,PRESENCE
12051878323,_PK-O&D-PEW-JED-EN_phrase,regional,PAUSED,PRESENCE_OR_INTEREST,PRESENCE
1339377734,_PK-O&D-PEW-JFK-EN_exact,long-haul,PAUSED,PRESENCE_OR_INTEREST,PRESENCE
1340194216,_PK-O&D-PEW-KUL-EN_exact,regional,PAUSED,PRESENCE_OR_INTEREST,PRESENCE
1339971111,_PK-O&D-PEW-KUL-EN_phrase,regional,PAUSED,PRESENCE_OR_INTEREST,PRESENCE
1340194312,_PK-O&D-PEW-KWI-EN_exact,regional,PAUSED,PRESENCE_OR_INTEREST,PRESENCE
1339378469,_PK-O&D-PEW-LAX-EN_exact,long-haul,PAUSED,PRESENCE_OR_INTEREST,PRESENCE
1397201188,_PK-O&D-PEW-LGW-EN_exact,UK+IE rest,PAUSED,PRESENCE_OR_INTEREST,PRESENCE
1397201185,_PK-O&D-PEW-LGW-EN_phrase,UK+IE rest,PAUSED,PRESENCE_OR_INTEREST,PRESENCE
1339379183,_PK-O&D-PEW-LHR-EN_exact,UK+IE rest,PAUSED,PRESENCE_OR_INTEREST,PRESENCE
1339973217,_PK-O&D-PEW-LHR-EN_phrase,UK+IE rest,PAUSED,PRESENCE_OR_INTEREST,PRESENCE
1339375586,_PK-O&D-PEW-LON-EN_exact,UK+IE (outside brief list),PAUSED,PRESENCE_OR_INTEREST,PRESENCE
1339370558,_PK-O&D-PEW-LON-EN_phrase,UK+IE (outside brief list),PAUSED,PRESENCE_OR_INTEREST,PRESENCE
1340193838,_PK-O&D-PEW-MAD-EN_exact,long-haul,PAUSED,PRESENCE_OR_INTEREST,PRESENCE
1339377782,_PK-O&D-PEW-MAN-EN_exact,UK+IE rest,PAUSED,PRESENCE_OR_INTEREST,PRESENCE
1339971816,_PK-O&D-PEW-MAN-EN_phrase,UK+IE rest,PAUSED,PRESENCE_OR_INTEREST,PRESENCE
1339376090,_PK-O&D-PEW-MCT-EN_exact,regional,PAUSED,PRESENCE_OR_INTEREST,PRESENCE
1339371062,_PK-O&D-PEW-MCT-EN_phrase,regional,PAUSED,PRESENCE_OR_INTEREST,PRESENCE
12051878290,_PK-O&D-PEW-MED-EN_exact,regional,PAUSED,PRESENCE_OR_INTEREST,PRESENCE
12051877186,_PK-O&D-PEW-MED-EN_phrase,regional,PAUSED,PRESENCE_OR_INTEREST,PRESENCE
1340194219,_PK-O&D-PEW-MEL-EN_exact,long-haul,PAUSED,PRESENCE_OR_INTEREST,PRESENCE
1339971114,_PK-O&D-PEW-MEL-EN_phrase,long-haul,PAUSED,PRESENCE_OR_INTEREST,PRESENCE
1340193961,_PK-O&D-PEW-MNL-EN_exact,regional,PAUSED,PRESENCE_OR_INTEREST,PRESENCE
1339375592,_PK-O&D-PEW-MOW-EN_exact,regional,PAUSED,PRESENCE_OR_INTEREST,PRESENCE
1340194318,_PK-O&D-PEW-MUC-EN_exact,long-haul,PAUSED,PRESENCE_OR_INTEREST,PRESENCE
1339375826,_PK-O&D-PEW-MXP-EN_exact,long-haul,PAUSED,PRESENCE_OR_INTEREST,PRESENCE
1340194282,_PK-O&D-PEW-NJF-EN_exact,regional,PAUSED,PRESENCE_OR_INTEREST,PRESENCE
1340193109,_PK-O&D-PEW-NRT-EN_exact,regional,PAUSED,PRESENCE_OR_INTEREST,PRESENCE
20706336462,_PK-O&D-PEW-NUM-EN_exact,regional,PAUSED,PRESENCE_OR_INTEREST,PRESENCE
1339375853,_PK-O&D-PEW-NYC-EN_exact,long-haul,PAUSED,PRESENCE_OR_INTEREST,PRESENCE
1340194285,_PK-O&D-PEW-ORD-EN_exact,long-haul,PAUSED,PRESENCE_OR_INTEREST,PRESENCE
1339971300,_PK-O&D-PEW-ORD-EN_phrase,long-haul,PAUSED,PRESENCE_OR_INTEREST,PRESENCE
1340194711,_PK-O&D-PEW-OSL-EN_exact,long-haul,PAUSED,PRESENCE_OR_INTEREST,PRESENCE
1339379192,_PK-O&D-PEW-PAR-EN_exact,long-haul,PAUSED,PRESENCE_OR_INTEREST,PRESENCE
1339973226,_PK-O&D-PEW-PAR-EN_phrase,long-haul,PAUSED,PRESENCE_OR_INTEREST,PRESENCE
1340194222,_PK-O&D-PEW-PEK-EN_exact,regional,PAUSED,PRESENCE_OR_INTEREST,PRESENCE
1340194714,_PK-O&D-PEW-PER-EN_exact,long-haul,PAUSED,PRESENCE_OR_INTEREST,PRESENCE
1339978311,_PK-O&D-PEW-PVG-EN_exact,regional,PAUSED,PRESENCE_OR_INTEREST,PRESENCE
20075025725,_PK-O&D-PEW-RKT-EN_exact,regional,PAUSED,PRESENCE_OR_INTEREST,PRESENCE
12051876412,_PK-O&D-PEW-RUH-EN_exact,regional,PAUSED,PRESENCE_OR_INTEREST,PRESENCE
12047795417,_PK-O&D-PEW-RUH-EN_phrase,regional,PAUSED,PRESENCE_OR_INTEREST,PRESENCE
1339977501,_PK-O&D-PEW-SAW-EN_exact,regional,PAUSED,PRESENCE_OR_INTEREST,PRESENCE
11408656232,_PK-O&D-PEW-SFO-EN_exact,long-haul,PAUSED,PRESENCE_OR_INTEREST,PRESENCE
13414103257,_PK-O&D-PEW-SHJ-EN_exact,regional,PAUSED,PRESENCE_OR_INTEREST,PRESENCE
1340194741,_PK-O&D-PEW-SIN-EN_exact,regional,PAUSED,PRESENCE_OR_INTEREST,PRESENCE
15021538723,_PK-O&D-PEW-SVO-EN_exact,regional,PAUSED,PRESENCE_OR_INTEREST,PRESENCE
15021538783,_PK-O&D-PEW-SVO-EN_phrase,regional,PAUSED,PRESENCE_OR_INTEREST,PRESENCE
1339378493,_PK-O&D-PEW-SYD-EN_exact,long-haul,PAUSED,PRESENCE_OR_INTEREST,PRESENCE
1339375838,_PK-O&D-PEW-TYO-EN_exact,regional,PAUSED,PRESENCE_OR_INTEREST,PRESENCE
1340194288,_PK-O&D-PEW-VIE-EN_exact,long-haul,PAUSED,PRESENCE_OR_INTEREST,PRESENCE
20645230245,_PK-O&D-PEW-YNB-EN_exact,regional,PAUSED,PRESENCE_OR_INTEREST,PRESENCE
1340193964,_PK-O&D-PEW-YUL-EN_exact,long-haul,PAUSED,PRESENCE_OR_INTEREST,PRESENCE
17816827333,_PK-O&D-PEW-YYZ-EN_exact,long-haul,PAUSED,PRESENCE_OR_INTEREST,PRESENCE
1340194945,_PK-O&D-SKT-AMS-EN_exact,long-haul,PAUSED,PRESENCE_OR_INTEREST,PRESENCE
1339972773,_PK-O&D-SKT-AMS-EN_phrase,long-haul,PAUSED,PRESENCE_OR_INTEREST,PRESENCE
1339977033,_PK-O&D-SKT-ARN-EN_exact,long-haul,PAUSED,PRESENCE_OR_INTEREST,PRESENCE
1339977027,_PK-O&D-SKT-ATH-EN_exact,long-haul,PAUSED,PRESENCE_OR_INTEREST,PRESENCE
1339969563,_PK-O&D-SKT-ATH-EN_phrase,long-haul,PAUSED,PRESENCE_OR_INTEREST,PRESENCE
1340194795,_PK-O&D-SKT-ATL-EN_exact,long-haul,PAUSED,PRESENCE_OR_INTEREST,PRESENCE
20192023436,_PK-O&D-SKT-BAH-EN_exact,regional,PAUSED,PRESENCE_OR_INTEREST,PRESENCE
20192023427,_PK-O&D-SKT-BAH-EN_phrase,regional,PAUSED,PRESENCE_OR_INTEREST,PRESENCE
1339977009,_PK-O&D-SKT-BCN-EN_exact,long-haul,PAUSED,PRESENCE_OR_INTEREST,PRESENCE
1339969425,_PK-O&D-SKT-BCN-EN_phrase,long-haul,PAUSED,PRESENCE_OR_INTEREST,PRESENCE
1339977003,_PK-O&D-SKT-BER-EN_exact,long-haul,PAUSED,PRESENCE_OR_INTEREST,PRESENCE
1339969419,_PK-O&D-SKT-BER-EN_phrase,long-haul,PAUSED,PRESENCE_OR_INTEREST,PRESENCE
1339976871,_PK-O&D-SKT-BGW-EN_exact,regional,PAUSED,PRESENCE_OR_INTEREST,PRESENCE
1339378547,_PK-O&D-SKT-BHX-EN_exact,UK+IE rest,PAUSED,PRESENCE_OR_INTEREST,PRESENCE
1339976865,_PK-O&D-SKT-BKK-EN_exact,regional,PAUSED,PRESENCE_OR_INTEREST,PRESENCE
1339378541,_PK-O&D-SKT-BOS-EN_exact,long-haul,PAUSED,PRESENCE_OR_INTEREST,PRESENCE
1339976859,_PK-O&D-SKT-BRU-EN_exact,long-haul,PAUSED,PRESENCE_OR_INTEREST,PRESENCE
1339977105,_PK-O&D-SKT-BUD-EN_exact,long-haul,PAUSED,PRESENCE_OR_INTEREST,PRESENCE
1339977093,_PK-O&D-SKT-CAN-EN_exact,regional,PAUSED,PRESENCE_OR_INTEREST,PRESENCE
1339977087,_PK-O&D-SKT-CDG-EN_exact,long-haul,PAUSED,PRESENCE_OR_INTEREST,PRESENCE
1339977063,_PK-O&D-SKT-CMN-EN_exact,regional,PAUSED,PRESENCE_OR_INTEREST,PRESENCE
1339977057,_PK-O&D-SKT-CPH-EN_exact,long-haul,PAUSED,PRESENCE_OR_INTEREST,PRESENCE
1339969593,_PK-O&D-SKT-CPH-EN_phrase,long-haul,PAUSED,PRESENCE_OR_INTEREST,PRESENCE
1339977051,_PK-O&D-SKT-CPT-EN_exact,regional,PAUSED,PRESENCE_OR_INTEREST,PRESENCE
1339969587,_PK-O&D-SKT-CPT-EN_phrase,regional,PAUSED,PRESENCE_OR_INTEREST,PRESENCE
17815641738,_PK-O&D-SKT-DMM-EN_exact,regional,PAUSED,PRESENCE_OR_INTEREST,PRESENCE
1340194927,_PK-O&D-SKT-DOH-EN_exact,regional,PAUSED,PRESENCE_OR_INTEREST,PRESENCE
1339972755,_PK-O&D-SKT-DOH-EN_phrase,regional,PAUSED,PRESENCE_OR_INTEREST,PRESENCE
1340196613,_PK-O&D-SKT-DUB-EN_exact,UK+IE rest,PAUSED,PRESENCE_OR_INTEREST,PRESENCE
1339977741,_PK-O&D-SKT-DUR-EN_exact,regional,PAUSED,PRESENCE_OR_INTEREST,PRESENCE
17777570389,_PK-O&D-SKT-DUS-EN_exact,long-haul,PAUSED,PRESENCE_OR_INTEREST,PRESENCE
17824320863,_PK-O&D-SKT-DXB-EN_exact,regional,PAUSED,PRESENCE_OR_INTEREST,PRESENCE
17815640871,_PK-O&D-SKT-DXB-EN_phrase,regional,PAUSED,PRESENCE_OR_INTEREST,PRESENCE
1339977756,_PK-O&D-SKT-EDI-EN_exact,UK+IE rest,PAUSED,PRESENCE_OR_INTEREST,PRESENCE
1339368917,_PK-O&D-SKT-EDI-EN_phrase,UK+IE rest,PAUSED,PRESENCE_OR_INTEREST,PRESENCE
17815641288,_PK-O&D-SKT-ELQ-EN_exact,regional,PAUSED,PRESENCE_OR_INTEREST,PRESENCE
1339976334,_PK-O&D-SKT-FCO-EN_exact,long-haul,PAUSED,PRESENCE_OR_INTEREST,PRESENCE
1339374893,_PK-O&D-SKT-FRA-EN_exact,long-haul,PAUSED,PRESENCE_OR_INTEREST,PRESENCE
1340186791,_PK-O&D-SKT-FRA-EN_phrase,long-haul,PAUSED,PRESENCE_OR_INTEREST,PRESENCE
17816807428,_PK-O&D-SKT-GLA-EN_exact,UK+IE (outside brief list),PAUSED,PRESENCE_OR_INTEREST,PRESENCE
1339976598,_PK-O&D-SKT-GVA-EN_exact,long-haul,PAUSED,PRESENCE_OR_INTEREST,PRESENCE
1339976592,_PK-O&D-SKT-GYD-EN_exact,regional,PAUSED,PRESENCE_OR_INTEREST,PRESENCE
1339969128,_PK-O&D-SKT-GYD-EN_phrase,regional,PAUSED,PRESENCE_OR_INTEREST,PRESENCE
1339378529,_PK-O&D-SKT-HEL-EN_exact,long-haul,PAUSED,PRESENCE_OR_INTEREST,PRESENCE
1339976562,_PK-O&D-SKT-HND-EN_exact,regional,PAUSED,PRESENCE_OR_INTEREST,PRESENCE
1339976544,_PK-O&D-SKT-IAH-EN_exact,long-haul,PAUSED,PRESENCE_OR_INTEREST,PRESENCE
1339976526,_PK-O&D-SKT-IST-EN_exact,regional,PAUSED,PRESENCE_OR_INTEREST,PRESENCE
1339968942,_PK-O&D-SKT-IST-EN_phrase,regional,PAUSED,PRESENCE_OR_INTEREST,PRESENCE
17824328066,_PK-O&D-SKT-JED-EN_exact,regional,PAUSED,PRESENCE_OR_INTEREST,PRESENCE
17816807509,_PK-O&D-SKT-JED-EN_phrase,regional,PAUSED,PRESENCE_OR_INTEREST,PRESENCE
1339374659,_PK-O&D-SKT-JFK-EN_exact,long-haul,PAUSED,PRESENCE_OR_INTEREST,PRESENCE
1340186557,_PK-O&D-SKT-JFK-EN_phrase,long-haul,PAUSED,PRESENCE_OR_INTEREST,PRESENCE
1339374647,_PK-O&D-SKT-JNB-EN_exact,regional,PAUSED,PRESENCE_OR_INTEREST,PRESENCE
1340186545,_PK-O&D-SKT-JNB-EN_phrase,regional,PAUSED,PRESENCE_OR_INTEREST,PRESENCE
1339374617,_PK-O&D-SKT-KUL-EN_exact,regional,PAUSED,PRESENCE_OR_INTEREST,PRESENCE
1340186395,_PK-O&D-SKT-KUL-EN_phrase,regional,PAUSED,PRESENCE_OR_INTEREST,PRESENCE
1339374611,_PK-O&D-SKT-KWI-EN_exact,regional,PAUSED,PRESENCE_OR_INTEREST,PRESENCE
1340186389,_PK-O&D-SKT-KWI-EN_phrase,regional,PAUSED,PRESENCE_OR_INTEREST,PRESENCE
1339977984,_PK-O&D-SKT-LAX-EN_exact,long-haul,PAUSED,PRESENCE_OR_INTEREST,PRESENCE
1397201410,_PK-O&D-SKT-LGW-EN_exact,UK+IE rest,PAUSED,PRESENCE_OR_INTEREST,PRESENCE
1397201407,_PK-O&D-SKT-LGW-EN_phrase,UK+IE rest,PAUSED,PRESENCE_OR_INTEREST,PRESENCE
1339374605,_PK-O&D-SKT-LHR-EN_exact,UK+IE rest,PAUSED,PRESENCE_OR_INTEREST,PRESENCE
1340186383,_PK-O&D-SKT-LHR-EN_phrase,UK+IE rest,PAUSED,PRESENCE_OR_INTEREST,PRESENCE
1339374479,_PK-O&D-SKT-LON-EN_exact,UK+IE (outside brief list),PAUSED,PRESENCE_OR_INTEREST,PRESENCE
1340186377,_PK-O&D-SKT-LON-EN_phrase,UK+IE (outside brief list),PAUSED,PRESENCE_OR_INTEREST,PRESENCE
1339374887,_PK-O&D-SKT-MAD-EN_exact,long-haul,PAUSED,PRESENCE_OR_INTEREST,PRESENCE
1340186785,_PK-O&D-SKT-MAD-EN_phrase,long-haul,PAUSED,PRESENCE_OR_INTEREST,PRESENCE
1339374881,_PK-O&D-SKT-MAN-EN_exact,UK+IE rest,PAUSED,PRESENCE_OR_INTEREST,PRESENCE
1340186779,_PK-O&D-SKT-MAN-EN_phrase,UK+IE rest,PAUSED,PRESENCE_OR_INTEREST,PRESENCE
1339374875,_PK-O&D-SKT-MCT-EN_exact,regional,PAUSED,PRESENCE_OR_INTEREST,PRESENCE
1340186773,_PK-O&D-SKT-MCT-EN_phrase,regional,PAUSED,PRESENCE_OR_INTEREST,PRESENCE
1339374863,_PK-O&D-SKT-MEL-EN_exact,long-haul,PAUSED,PRESENCE_OR_INTEREST,PRESENCE
1340186629,_PK-O&D-SKT-MLE-EN_phrase,regional,PAUSED,PRESENCE_OR_INTEREST,PRESENCE
1340186623,_PK-O&D-SKT-MNL-EN_phrase,regional,PAUSED,PRESENCE_OR_INTEREST,PRESENCE
1339374719,_PK-O&D-SKT-MOW-EN_exact,regional,PAUSED,PRESENCE_OR_INTEREST,PRESENCE
1339374707,_PK-O&D-SKT-MUC-EN_exact,long-haul,PAUSED,PRESENCE_OR_INTEREST,PRESENCE
1339374701,_PK-O&D-SKT-MXP-EN_exact,long-haul,PAUSED,PRESENCE_OR_INTEREST,PRESENCE
1340186599,_PK-O&D-SKT-MXP-EN_phrase,long-haul,PAUSED,PRESENCE_OR_INTEREST,PRESENCE
1340186587,_PK-O&D-SKT-NJF-EN_phrase,regional,PAUSED,PRESENCE_OR_INTEREST,PRESENCE
1339374683,_PK-O&D-SKT-NRT-EN_exact,regional,PAUSED,PRESENCE_OR_INTEREST,PRESENCE
1339374677,_PK-O&D-SKT-NYC-EN_exact,long-haul,PAUSED,PRESENCE_OR_INTEREST,PRESENCE
1340186575,_PK-O&D-SKT-NYC-EN_phrase,long-haul,PAUSED,PRESENCE_OR_INTEREST,PRESENCE
1339976784,_PK-O&D-SKT-OSL-EN_exact,long-haul,PAUSED,PRESENCE_OR_INTEREST,PRESENCE
1339976778,_PK-O&D-SKT-OTP-EN_exact,long-haul,PAUSED,PRESENCE_OR_INTEREST,PRESENCE
1339976772,_PK-O&D-SKT-PAR-EN_exact,long-haul,PAUSED,PRESENCE_OR_INTEREST,PRESENCE
1339976766,_PK-O&D-SKT-PEK-EN_exact,regional,PAUSED,PRESENCE_OR_INTEREST,PRESENCE
1339978683,_PK-O&D-SKT-PRG-EN_exact,long-haul,PAUSED,PRESENCE_OR_INTEREST,PRESENCE
1339976634,_PK-O&D-SKT-PVG-EN_exact,regional,PAUSED,PRESENCE_OR_INTEREST,PRESENCE
12067056627,_PK-O&D-SKT-RUH-EN_exact,regional,PAUSED,PRESENCE_OR_INTEREST,PRESENCE
12067056639,_PK-O&D-SKT-RUH-EN_phrase,regional,PAUSED,PRESENCE_OR_INTEREST,PRESENCE
1340194921,_PK-O&D-SKT-SAW-EN_exact,regional,PAUSED,PRESENCE_OR_INTEREST,PRESENCE
1339972749,_PK-O&D-SKT-SAW-EN_phrase,regional,PAUSED,PRESENCE_OR_INTEREST,PRESENCE
17815658118,_PK-O&D-SKT-SHJ-EN_exact,regional,PAUSED,PRESENCE_OR_INTEREST,PRESENCE
17824320695,_PK-O&D-SKT-SHJ-EN_phrase,regional,PAUSED,PRESENCE_OR_INTEREST,PRESENCE
1339969158,_PK-O&D-SKT-SIN-EN_phrase,regional,PAUSED,PRESENCE_OR_INTEREST,PRESENCE
1339976616,_PK-O&D-SKT-SLL-EN_exact,regional,PAUSED,PRESENCE_OR_INTEREST,PRESENCE
1339969152,_PK-O&D-SKT-SLL-EN_phrase,regional,PAUSED,PRESENCE_OR_INTEREST,PRESENCE
15021538726,_PK-O&D-SKT-SVO-EN_exact,regional,PAUSED,PRESENCE_OR_INTEREST,PRESENCE
15021538786,_PK-O&D-SKT-SVO-EN_phrase,regional,PAUSED,PRESENCE_OR_INTEREST,PRESENCE
1339976376,_PK-O&D-SKT-SYD-EN_exact,long-haul,PAUSED,PRESENCE_OR_INTEREST,PRESENCE
1339976817,_PK-O&D-SKT-VCE-EN_exact,long-haul,PAUSED,PRESENCE_OR_INTEREST,PRESENCE
1339976811,_PK-O&D-SKT-VIE-EN_exact,long-haul,PAUSED,PRESENCE_OR_INTEREST,PRESENCE
1339976805,_PK-O&D-SKT-WAW-EN_exact,long-haul,PAUSED,PRESENCE_OR_INTEREST,PRESENCE
20645230284,_PK-O&D-SKT-YNB-EN_exact,regional,PAUSED,PRESENCE_OR_INTEREST,PRESENCE
1339976799,_PK-O&D-SKT-YUL-EN_exact,long-haul,PAUSED,PRESENCE_OR_INTEREST,PRESENCE
1339976793,_PK-O&D-SKT-ZRH-EN_exact,long-haul,PAUSED,PRESENCE_OR_INTEREST,PRESENCE
