campaign_name,segment,ad_group_id,criterion_id,keyword,match_type,status,negative,quality_score,effective_max_cpc,creation_time,last_modified_time
Google|PK|Dest|City|XXX|BHX|EN|MOD,UK+IE rest,185194333598,117003169,airfare to birmingham,BROAD,ENABLED,False,,0.5,2025-08-22 19:53:38,2026-04-28 13:36:06
Google|PK|Dest|City|XXX|BHX|EN|MOD,UK+IE rest,186817087120,2419524742228,birmingham business class flight tickets,BROAD,ENABLED,False,,0.5,2025-08-22 19:56:16,2026-04-28 13:36:06
Google|PK|Dest|City|XXX|BHX|EN|MOD,UK+IE rest,186817087120,807870599938,birmingham business class flights,BROAD,ENABLED,False,,0.5,2025-08-22 19:56:17,2026-04-28 13:36:06
Google|PK|Dest|City|XXX|BHX|EN|MOD,UK+IE rest,183969644109,2420544902551,birmingham first class flight tickets,BROAD,ENABLED,False,,0.5,2025-08-22 19:51:14,2026-04-28 13:36:06
Google|PK|Dest|City|XXX|BHX|EN|MOD,UK+IE rest,183969644109,2420066017435,birmingham first class flights,BROAD,ENABLED,False,,0.5,2025-08-22 19:51:13,2026-04-28 13:36:06
Google|PK|Dest|City|XXX|BHX|EN|MOD,UK+IE rest,185194333598,378557038261,birmingham flight tickets,BROAD,ENABLED,False,10,0.5,2025-08-22 19:53:37,2026-04-28 13:36:06
Google|PK|Dest|City|XXX|BHX|EN|MOD,UK+IE rest,185194333598,18597383,birmingham flights,BROAD,ENABLED,False,10,0.5,2025-08-22 19:53:38,2026-04-28 13:36:06
Google|PK|Dest|City|XXX|BHX|EN|MOD,UK+IE rest,186817087120,815679381326,business class airfare to birmingham,BROAD,ENABLED,False,,0.5,2025-08-22 19:56:17,2026-04-28 13:36:06
Google|PK|Dest|City|XXX|BHX|EN|MOD,UK+IE rest,186817087120,333588104295,business class deals to birmingham,BROAD,ENABLED,False,,0.5,2025-08-22 19:56:16,2026-04-28 13:36:06
Google|PK|Dest|City|XXX|BHX|EN|MOD,UK+IE rest,186817087120,331349359133,business class flights to birmingham,BROAD,ENABLED,False,,0.5,2025-08-22 19:56:17,2026-04-28 13:36:06
Google|PK|Dest|City|XXX|BHX|EN|MOD,UK+IE rest,186817087120,308939936396,business class tickets to birmingham,BROAD,ENABLED,False,,0.5,2025-08-22 19:56:17,2026-04-28 13:36:06
Google|PK|Dest|City|XXX|BHX|EN|MOD,UK+IE rest,185194333598,1463620344715,deals to birmingham,BROAD,ENABLED,False,,0.5,2025-08-22 19:53:38,2026-04-28 13:36:06
Google|PK|Dest|City|XXX|BHX|EN|MOD,UK+IE rest,183969644109,815904973430,first class airfare to birmingham,BROAD,ENABLED,False,,0.5,2025-08-22 19:51:14,2026-04-28 13:36:06
Google|PK|Dest|City|XXX|BHX|EN|MOD,UK+IE rest,183969644109,2197551002622,first class deals to birmingham,BROAD,ENABLED,False,,0.5,2025-08-22 19:51:13,2026-04-28 13:36:06
Google|PK|Dest|City|XXX|BHX|EN|MOD,UK+IE rest,183969644109,330965110700,first class flights to birmingham,BROAD,ENABLED,False,,0.5,2025-08-22 19:51:13,2026-04-28 13:36:06
Google|PK|Dest|City|XXX|BHX|EN|MOD,UK+IE rest,183969644109,308940180676,first class tickets to birmingham,BROAD,ENABLED,False,,0.5,2025-08-22 19:51:13,2026-04-28 13:36:06
Google|PK|Dest|City|XXX|BHX|EN|MOD,UK+IE rest,185194333598,23482271,flights to birmingham,BROAD,ENABLED,False,9,0.5,2025-08-22 19:53:38,2026-04-28 13:36:06
Google|PK|Dest|City|XXX|BHX|EN|MOD,UK+IE rest,185194333598,117003789,tickets to birmingham,BROAD,ENABLED,False,10,0.5,2025-08-22 19:53:37,2026-04-28 13:36:06
Google|PK|Dest|City|XXX|BHX|EN|PHR,UK+IE rest,185954695844,315527863817,airfare to bhx,PHRASE,ENABLED,False,,0.5,2025-08-22 19:55:39,2026-04-28 13:38:23
Google|PK|Dest|City|XXX|BHX|EN|PHR,UK+IE rest,186817098400,2419161438135,bhx business class flight tickets,PHRASE,ENABLED,False,,0.5,2025-08-22 19:56:31,2026-04-28 13:38:23
Google|PK|Dest|City|XXX|BHX|EN|PHR,UK+IE rest,186817098400,2420065911555,bhx business class flights,PHRASE,ENABLED,False,,0.5,2025-08-22 19:56:31,2026-04-28 13:38:23
Google|PK|Dest|City|XXX|BHX|EN|PHR,UK+IE rest,183062436886,2418468952451,bhx first class flight tickets,PHRASE,ENABLED,False,,0.5,2025-08-22 19:50:39,2026-04-28 13:38:23
Google|PK|Dest|City|XXX|BHX|EN|PHR,UK+IE rest,183062436886,2418468953491,bhx first class flights,PHRASE,ENABLED,False,,0.5,2025-08-22 19:50:38,2026-04-28 13:38:23
Google|PK|Dest|City|XXX|BHX|EN|PHR,UK+IE rest,185954695844,1403374997957,bhx flight tickets,PHRASE,ENABLED,False,,0.5,2025-08-22 19:55:38,2026-04-28 13:38:23
Google|PK|Dest|City|XXX|BHX|EN|PHR,UK+IE rest,185954695844,366131847797,bhx flights,PHRASE,ENABLED,False,7,0.5,2025-08-22 19:55:39,2026-04-28 13:38:23
Google|PK|Dest|City|XXX|BHX|EN|PHR,UK+IE rest,186817098400,766483373173,business class airfare to bhx,PHRASE,ENABLED,False,,0.5,2025-08-22 19:56:31,2026-04-28 13:38:23
Google|PK|Dest|City|XXX|BHX|EN|PHR,UK+IE rest,186817098400,2420065965515,business class deals to bhx,PHRASE,ENABLED,False,,0.5,2025-08-22 19:56:31,2026-04-28 13:38:23
Google|PK|Dest|City|XXX|BHX|EN|PHR,UK+IE rest,186817098400,766483374453,business class flights to bhx,PHRASE,ENABLED,False,,0.5,2025-08-22 19:56:30,2026-04-28 13:38:23
Google|PK|Dest|City|XXX|BHX|EN|PHR,UK+IE rest,186817098400,766483375173,business class tickets to bhx,PHRASE,ENABLED,False,,0.5,2025-08-22 19:56:31,2026-04-28 13:38:23
Google|PK|Dest|City|XXX|BHX|EN|PHR,UK+IE rest,185954695844,591303763886,deals to bhx,PHRASE,ENABLED,False,,0.5,2025-08-22 19:55:39,2026-04-28 13:38:23
Google|PK|Dest|City|XXX|BHX|EN|PHR,UK+IE rest,183062436886,768775167031,first class airfare to bhx,PHRASE,ENABLED,False,,0.5,2025-08-22 19:50:39,2026-04-28 13:38:23
Google|PK|Dest|City|XXX|BHX|EN|PHR,UK+IE rest,183062436886,2419600411410,first class deals to bhx,PHRASE,ENABLED,False,,0.5,2025-08-22 19:50:38,2026-04-28 13:38:23
Google|PK|Dest|City|XXX|BHX|EN|PHR,UK+IE rest,183062436886,768775168711,first class flights to bhx,PHRASE,ENABLED,False,,0.5,2025-08-22 19:50:38,2026-04-28 13:38:23
Google|PK|Dest|City|XXX|BHX|EN|PHR,UK+IE rest,183062436886,768775169431,first class tickets to bhx,PHRASE,ENABLED,False,,0.5,2025-08-22 19:50:38,2026-04-28 13:38:23
Google|PK|Dest|City|XXX|BHX|EN|PHR,UK+IE rest,185954695844,315527874617,flights to bhx,PHRASE,ENABLED,False,7,0.5,2025-08-22 19:55:39,2026-04-28 13:38:23
Google|PK|Dest|City|XXX|BHX|EN|PHR,UK+IE rest,185954695844,315527876057,tickets to bhx,PHRASE,ENABLED,False,,0.5,2025-08-22 19:55:39,2026-04-28 13:38:23
Google|PK|Dest|City|XXX|DUB|EN|MOD,UK+IE rest,183062251166,17581241,airfare to dublin,BROAD,ENABLED,False,,0.5,2025-08-22 19:50:08,2026-04-28 13:39:22
Google|PK|Dest|City|XXX|DUB|EN|MOD,UK+IE rest,183969655869,815679382446,business class airfare to dublin,BROAD,ENABLED,False,,0.5,2025-08-22 19:51:26,2026-04-28 13:39:22
Google|PK|Dest|City|XXX|DUB|EN|MOD,UK+IE rest,183969655869,317635493187,business class deals to dublin,BROAD,ENABLED,False,,0.5,2025-08-22 19:51:25,2026-04-28 13:39:22
Google|PK|Dest|City|XXX|DUB|EN|MOD,UK+IE rest,183969655869,309479398021,business class flights to dublin,BROAD,ENABLED,False,,0.5,2025-08-22 19:51:25,2026-04-28 13:39:22
Google|PK|Dest|City|XXX|DUB|EN|MOD,UK+IE rest,183969655869,309479398501,business class tickets to dublin,BROAD,ENABLED,False,,0.5,2025-08-22 19:51:26,2026-04-28 13:39:22
Google|PK|Dest|City|XXX|DUB|EN|MOD,UK+IE rest,183062251166,15114351,deals to dublin,BROAD,ENABLED,False,,0.5,2025-08-22 19:50:07,2026-04-28 13:39:22
Google|PK|Dest|City|XXX|DUB|EN|MOD,UK+IE rest,183969655869,2421518703581,dublin business class flight tickets,BROAD,ENABLED,False,,0.5,2025-08-22 19:51:25,2026-04-28 13:39:22
Google|PK|Dest|City|XXX|DUB|EN|MOD,UK+IE rest,183969655869,333813414471,dublin business class flights,BROAD,ENABLED,False,,0.5,2025-08-22 19:51:25,2026-04-28 13:39:22
Google|PK|Dest|City|XXX|DUB|EN|MOD,UK+IE rest,186817100360,2419131401704,dublin first class flight tickets,BROAD,ENABLED,False,,0.5,2025-08-22 19:56:33,2026-04-28 13:39:22
Google|PK|Dest|City|XXX|DUB|EN|MOD,UK+IE rest,186817100360,2419131486224,dublin first class flights,BROAD,ENABLED,False,,0.5,2025-08-22 19:56:33,2026-04-28 13:39:22
Google|PK|Dest|City|XXX|DUB|EN|MOD,UK+IE rest,183062251166,317212170686,dublin flight tickets,BROAD,ENABLED,False,,0.5,2025-08-22 19:50:08,2026-04-28 13:39:22
Google|PK|Dest|City|XXX|DUB|EN|MOD,UK+IE rest,183062251166,19437792,dublin flights,BROAD,ENABLED,False,10,0.5,2025-08-22 19:50:07,2026-04-28 13:39:22
Google|PK|Dest|City|XXX|DUB|EN|MOD,UK+IE rest,186817100360,815904974150,first class airfare to dublin,BROAD,ENABLED,False,,0.5,2025-08-22 19:56:33,2026-04-28 13:39:22
Google|PK|Dest|City|XXX|DUB|EN|MOD,UK+IE rest,186817100360,2420313492377,first class deals to dublin,BROAD,ENABLED,False,,0.5,2025-08-22 19:56:33,2026-04-28 13:39:22
Google|PK|Dest|City|XXX|DUB|EN|MOD,UK+IE rest,186817100360,333963609257,first class flights to dublin,BROAD,ENABLED,False,,0.5,2025-08-22 19:56:33,2026-04-28 13:39:22
Google|PK|Dest|City|XXX|DUB|EN|MOD,UK+IE rest,186817100360,688179525829,first class tickets to dublin,BROAD,ENABLED,False,,0.5,2025-08-22 19:56:33,2026-04-28 13:39:22
Google|PK|Dest|City|XXX|DUB|EN|MOD,UK+IE rest,183062251166,23482971,flights to dublin,BROAD,ENABLED,False,7,0.5,2025-08-22 19:50:07,2026-04-28 13:39:22
Google|PK|Dest|City|XXX|DUB|EN|MOD,UK+IE rest,183062251166,296699890283,tickets to dublin,BROAD,ENABLED,False,10,0.5,2025-08-22 19:50:07,2026-04-28 13:39:22
Google|PK|Dest|City|XXX|DUB|EN|PHR,UK+IE rest,184361473597,313013878470,airfare to dub,PHRASE,ENABLED,False,,0.5,2025-08-22 19:52:34,2026-04-28 13:36:47
Google|PK|Dest|City|XXX|DUB|EN|PHR,UK+IE rest,185869943922,769623628038,business class airfare to dub,PHRASE,ENABLED,False,,0.5,2025-08-22 19:55:08,2026-04-28 13:36:47
Google|PK|Dest|City|XXX|DUB|EN|PHR,UK+IE rest,185869943922,2269800740790,business class deals to dub,PHRASE,ENABLED,False,,0.5,2025-08-22 19:55:08,2026-04-28 13:36:47
Google|PK|Dest|City|XXX|DUB|EN|PHR,UK+IE rest,185869943922,769623629758,business class flights to dub,PHRASE,ENABLED,False,,0.5,2025-08-22 19:55:08,2026-04-28 13:36:47
Google|PK|Dest|City|XXX|DUB|EN|PHR,UK+IE rest,185869943922,769623630918,business class tickets to dub,PHRASE,ENABLED,False,,0.5,2025-08-22 19:55:08,2026-04-28 13:36:47
Google|PK|Dest|City|XXX|DUB|EN|PHR,UK+IE rest,184361473597,594406197558,deals to dub,PHRASE,ENABLED,False,,0.5,2025-08-22 19:52:35,2026-04-28 13:36:47
Google|PK|Dest|City|XXX|DUB|EN|PHR,UK+IE rest,185869943922,2610049351392,dub business class flight tickets,PHRASE,ENABLED,False,,0.5,2025-08-22 19:55:08,2026-04-28 13:36:47
Google|PK|Dest|City|XXX|DUB|EN|PHR,UK+IE rest,185869943922,2416462275346,dub business class flights,PHRASE,ENABLED,False,,0.5,2025-08-22 19:55:08,2026-04-28 13:36:47
Google|PK|Dest|City|XXX|DUB|EN|PHR,UK+IE rest,185869869322,2417995537175,dub first class flight tickets,PHRASE,ENABLED,False,,0.5,2025-08-22 19:55:02,2026-04-28 13:36:47
Google|PK|Dest|City|XXX|DUB|EN|PHR,UK+IE rest,185869869322,2415551147900,dub first class flights,PHRASE,ENABLED,False,,0.5,2025-08-22 19:55:02,2026-04-28 13:36:47
Google|PK|Dest|City|XXX|DUB|EN|PHR,UK+IE rest,184361473597,407218162921,dub flight tickets,PHRASE,ENABLED,False,,0.5,2025-08-22 19:52:34,2026-04-28 13:36:47
Google|PK|Dest|City|XXX|DUB|EN|PHR,UK+IE rest,184361473597,313013890270,dub flights,PHRASE,ENABLED,False,,0.5,2025-08-22 19:52:34,2026-04-28 13:36:47
Google|PK|Dest|City|XXX|DUB|EN|PHR,UK+IE rest,185869869322,767628855760,first class airfare to dub,PHRASE,ENABLED,False,,0.5,2025-08-22 19:55:03,2026-04-28 13:36:47
Google|PK|Dest|City|XXX|DUB|EN|PHR,UK+IE rest,185869869322,2274796479012,first class deals to dub,PHRASE,ENABLED,False,,0.5,2025-08-22 19:55:02,2026-04-28 13:36:47
Google|PK|Dest|City|XXX|DUB|EN|PHR,UK+IE rest,185869869322,767628857640,first class flights to dub,PHRASE,ENABLED,False,,0.5,2025-08-22 19:55:03,2026-04-28 13:36:47
Google|PK|Dest|City|XXX|DUB|EN|PHR,UK+IE rest,185869869322,767628858160,first class tickets to dub,PHRASE,ENABLED,False,,0.5,2025-08-22 19:55:02,2026-04-28 13:36:47
Google|PK|Dest|City|XXX|DUB|EN|PHR,UK+IE rest,184361473597,313013891670,flights to dub,PHRASE,ENABLED,False,5,0.5,2025-08-22 19:52:34,2026-04-28 13:36:47
Google|PK|Dest|City|XXX|DUB|EN|PHR,UK+IE rest,184361473597,313013893630,tickets to dub,PHRASE,ENABLED,False,,0.5,2025-08-22 19:52:34,2026-04-28 13:36:47
Google|PK|Dest|City|XXX|EDI|EN|MOD,UK+IE rest,185869686882,117004169,airfare to edinburgh,BROAD,ENABLED,False,,0.5,2025-08-22 19:54:20,2026-04-28 13:35:17
Google|PK|Dest|City|XXX|EDI|EN|MOD,UK+IE rest,185194319478,815679382486,business class airfare to edinburgh,BROAD,ENABLED,False,,0.5,2025-08-22 19:53:25,2026-04-28 13:35:17
Google|PK|Dest|City|XXX|EDI|EN|MOD,UK+IE rest,185194319478,317635493227,business class deals to edinburgh,BROAD,ENABLED,False,,0.5,2025-08-22 19:53:25,2026-04-28 13:35:17
Google|PK|Dest|City|XXX|EDI|EN|MOD,UK+IE rest,185194319478,309555588908,business class flights to edinburgh,BROAD,ENABLED,False,,0.5,2025-08-22 19:53:26,2026-04-28 13:35:17
Google|PK|Dest|City|XXX|EDI|EN|MOD,UK+IE rest,185194319478,309555589388,business class tickets to edinburgh,BROAD,ENABLED,False,,0.5,2025-08-22 19:53:26,2026-04-28 13:35:17
Google|PK|Dest|City|XXX|EDI|EN|MOD,UK+IE rest,185869686882,296614583922,deals to edinburgh,BROAD,ENABLED,False,,0.5,2025-08-22 19:54:19,2026-04-28 13:35:17
Google|PK|Dest|City|XXX|EDI|EN|MOD,UK+IE rest,185194319478,2610049653112,edinburgh business class flight tickets,BROAD,ENABLED,False,,0.5,2025-08-22 19:53:25,2026-04-28 13:35:17
Google|PK|Dest|City|XXX|EDI|EN|MOD,UK+IE rest,185194319478,331683734340,edinburgh business class flights,BROAD,ENABLED,False,,0.5,2025-08-22 19:53:25,2026-04-28 13:35:17
Google|PK|Dest|City|XXX|EDI|EN|MOD,UK+IE rest,183062212966,2472344893367,edinburgh first class flight tickets,BROAD,ENABLED,False,,0.5,2025-08-22 19:49:43,2026-04-28 13:35:17
Google|PK|Dest|City|XXX|EDI|EN|MOD,UK+IE rest,183062212966,2418471272290,edinburgh first class flights,BROAD,ENABLED,False,,0.5,2025-08-22 19:49:43,2026-04-28 13:35:17
Google|PK|Dest|City|XXX|EDI|EN|MOD,UK+IE rest,185869686882,319516371784,edinburgh flight tickets,BROAD,ENABLED,False,8,0.5,2025-08-22 19:54:19,2026-04-28 13:35:17
Google|PK|Dest|City|XXX|EDI|EN|MOD,UK+IE rest,185869686882,19439212,edinburgh flights,BROAD,ENABLED,False,10,0.5,2025-08-22 19:54:19,2026-04-28 13:35:17
Google|PK|Dest|City|XXX|EDI|EN|MOD,UK+IE rest,183062212966,815904974310,first class airfare to edinburgh,BROAD,ENABLED,False,,0.5,2025-08-22 19:49:43,2026-04-28 13:35:17
Google|PK|Dest|City|XXX|EDI|EN|MOD,UK+IE rest,183062212966,2197551002822,first class deals to edinburgh,BROAD,ENABLED,False,,0.5,2025-08-22 19:49:43,2026-04-28 13:35:17
Google|PK|Dest|City|XXX|EDI|EN|MOD,UK+IE rest,183062212966,311393674726,first class flights to edinburgh,BROAD,ENABLED,False,,0.5,2025-08-22 19:49:44,2026-04-28 13:35:17
Google|PK|Dest|City|XXX|EDI|EN|MOD,UK+IE rest,183062212966,1187345494505,first class tickets to edinburgh,BROAD,ENABLED,False,,0.5,2025-08-22 19:49:43,2026-04-28 13:35:17
Google|PK|Dest|City|XXX|EDI|EN|MOD,UK+IE rest,185869686882,23484001,flights to edinburgh,BROAD,ENABLED,False,8,0.5,2025-08-22 19:54:19,2026-04-28 13:35:17
Google|PK|Dest|City|XXX|EDI|EN|MOD,UK+IE rest,185869686882,313079751086,tickets to edinburgh,BROAD,ENABLED,False,10,0.5,2025-08-22 19:54:19,2026-04-28 13:35:17
Google|PK|Dest|City|XXX|EDI|EN|PHR,UK+IE rest,184361441437,317703828612,airfare to edi,PHRASE,ENABLED,False,,0.5,2025-08-22 19:52:12,2026-04-28 13:36:38
Google|PK|Dest|City|XXX|EDI|EN|PHR,UK+IE rest,185780400393,769308698628,business class airfare to edi,PHRASE,ENABLED,False,,0.5,2025-08-22 19:54:13,2026-04-28 13:36:38
Google|PK|Dest|City|XXX|EDI|EN|PHR,UK+IE rest,185780400393,2601819714952,business class deals to edi,PHRASE,ENABLED,False,,0.5,2025-08-22 19:54:13,2026-04-28 13:36:38
Google|PK|Dest|City|XXX|EDI|EN|PHR,UK+IE rest,185780400393,769308699348,business class flights to edi,PHRASE,ENABLED,False,,0.5,2025-08-22 19:54:13,2026-04-28 13:36:38
Google|PK|Dest|City|XXX|EDI|EN|PHR,UK+IE rest,185780400393,769308699548,business class tickets to edi,PHRASE,ENABLED,False,,0.5,2025-08-22 19:54:13,2026-04-28 13:36:38
Google|PK|Dest|City|XXX|EDI|EN|PHR,UK+IE rest,184361441437,592839072704,deals to edi,PHRASE,ENABLED,False,,0.5,2025-08-22 19:52:11,2026-04-28 13:36:38
Google|PK|Dest|City|XXX|EDI|EN|PHR,UK+IE rest,185780400393,2416733794053,edi business class flight tickets,PHRASE,ENABLED,False,,0.5,2025-08-22 19:54:14,2026-04-28 13:36:38
Google|PK|Dest|City|XXX|EDI|EN|PHR,UK+IE rest,185780400393,2418477857210,edi business class flights,PHRASE,ENABLED,False,,0.5,2025-08-22 19:54:14,2026-04-28 13:36:38
Google|PK|Dest|City|XXX|EDI|EN|PHR,UK+IE rest,183028696023,2416734369253,edi first class flight tickets,PHRASE,ENABLED,False,,0.5,2025-08-22 19:49:01,2026-04-28 13:36:38
Google|PK|Dest|City|XXX|EDI|EN|PHR,UK+IE rest,183028696023,2416580556443,edi first class flights,PHRASE,ENABLED,False,,0.5,2025-08-22 19:49:02,2026-04-28 13:36:38
Google|PK|Dest|City|XXX|EDI|EN|PHR,UK+IE rest,184361441437,859267342769,edi flight tickets,PHRASE,ENABLED,False,,0.5,2025-08-22 19:52:12,2026-04-28 13:36:38
Google|PK|Dest|City|XXX|EDI|EN|PHR,UK+IE rest,184361441437,303385179518,edi flights,PHRASE,ENABLED,False,,0.5,2025-08-22 19:52:12,2026-04-28 13:36:38
Google|PK|Dest|City|XXX|EDI|EN|PHR,UK+IE rest,183028696023,766948113294,first class airfare to edi,PHRASE,ENABLED,False,,0.5,2025-08-22 19:49:01,2026-04-28 13:36:38
Google|PK|Dest|City|XXX|EDI|EN|PHR,UK+IE rest,183028696023,2411078571335,first class deals to edi,PHRASE,ENABLED,False,,0.5,2025-08-22 19:49:01,2026-04-28 13:36:38
Google|PK|Dest|City|XXX|EDI|EN|PHR,UK+IE rest,183028696023,766948115014,first class flights to edi,PHRASE,ENABLED,False,,0.5,2025-08-22 19:49:01,2026-04-28 13:36:38
Google|PK|Dest|City|XXX|EDI|EN|PHR,UK+IE rest,183028696023,766948115694,first class tickets to edi,PHRASE,ENABLED,False,,0.5,2025-08-22 19:49:01,2026-04-28 13:36:38
Google|PK|Dest|City|XXX|EDI|EN|PHR,UK+IE rest,184361441437,6653984064,flights to edi,PHRASE,ENABLED,False,,0.5,2025-08-22 19:52:12,2026-04-28 13:36:38
Google|PK|Dest|City|XXX|EDI|EN|PHR,UK+IE rest,184361441437,317703835412,tickets to edi,PHRASE,ENABLED,False,,0.5,2025-08-22 19:52:12,2026-04-28 13:36:38
Google|PK|Dest|City|XXX|LGW|EN|MOD,UK+IE rest,185869699122,12690960,airfare to london,BROAD,ENABLED,False,9,0.5,2025-08-22 19:54:29,2026-04-28 13:36:06
Google|PK|Dest|City|XXX|LGW|EN|MOD,UK+IE rest,187176895671,301776633251,business class airfare to london,BROAD,ENABLED,False,,0.5,2025-08-22 19:56:45,2026-04-28 13:36:06
Google|PK|Dest|City|XXX|LGW|EN|MOD,UK+IE rest,187176895671,327464283284,business class deals to london,BROAD,ENABLED,False,,0.5,2025-08-22 19:56:44,2026-04-28 13:36:06
Google|PK|Dest|City|XXX|LGW|EN|MOD,UK+IE rest,187176895671,295207349726,business class flights to london,BROAD,ENABLED,False,,0.5,2025-08-22 19:56:45,2026-04-28 13:36:06
Google|PK|Dest|City|XXX|LGW|EN|MOD,UK+IE rest,187176895671,301776633291,business class tickets to london,BROAD,ENABLED,False,,0.5,2025-08-22 19:56:44,2026-04-28 13:36:06
Google|PK|Dest|City|XXX|LGW|EN|MOD,UK+IE rest,185869699122,295780879619,deals to london,BROAD,ENABLED,False,,0.5,2025-08-22 19:54:29,2026-04-28 13:36:06
Google|PK|Dest|City|XXX|LGW|EN|MOD,UK+IE rest,187176895591,310355338953,first class airfare to london,BROAD,ENABLED,False,,0.5,2025-08-22 19:56:43,2026-04-28 13:36:06
Google|PK|Dest|City|XXX|LGW|EN|MOD,UK+IE rest,187176895591,303435156706,first class deals to london,BROAD,ENABLED,False,,0.5,2025-08-22 19:56:44,2026-04-28 13:36:06
Google|PK|Dest|City|XXX|LGW|EN|MOD,UK+IE rest,187176895591,296744748600,first class flights to london,BROAD,ENABLED,False,,0.5,2025-08-22 19:56:43,2026-04-28 13:36:06
Google|PK|Dest|City|XXX|LGW|EN|MOD,UK+IE rest,187176895591,296435324526,first class tickets to london,BROAD,ENABLED,False,,0.5,2025-08-22 19:56:44,2026-04-28 13:36:06
Google|PK|Dest|City|XXX|LGW|EN|MOD,UK+IE rest,185869699122,12180831,flights to london,BROAD,ENABLED,False,7,0.5,2025-08-22 19:54:29,2026-04-28 13:36:06
Google|PK|Dest|City|XXX|LGW|EN|MOD,UK+IE rest,187176895671,1188278173583,london business class flight tickets,BROAD,ENABLED,False,,0.5,2025-08-22 19:56:44,2026-04-28 13:36:06
Google|PK|Dest|City|XXX|LGW|EN|MOD,UK+IE rest,187176895671,360252179263,london business class flights,BROAD,ENABLED,False,,0.5,2025-08-22 19:56:45,2026-04-28 13:36:06
Google|PK|Dest|City|XXX|LGW|EN|MOD,UK+IE rest,187176895591,2472344251327,london first class flight tickets,BROAD,ENABLED,False,,0.5,2025-08-22 19:56:43,2026-04-28 13:36:06
Google|PK|Dest|City|XXX|LGW|EN|MOD,UK+IE rest,187176895591,384466924556,london first class flights,BROAD,ENABLED,False,,0.5,2025-08-22 19:56:44,2026-04-28 13:36:06
Google|PK|Dest|City|XXX|LGW|EN|MOD,UK+IE rest,185869699122,295637500760,london flight tickets,BROAD,ENABLED,False,10,0.5,2025-08-22 19:54:29,2026-04-28 13:36:06
Google|PK|Dest|City|XXX|LGW|EN|MOD,UK+IE rest,185869699122,10256626,london flights,BROAD,ENABLED,False,8,0.5,2025-08-22 19:54:29,2026-04-28 13:36:06
Google|PK|Dest|City|XXX|LGW|EN|MOD,UK+IE rest,185869699122,15094951,tickets to london,BROAD,ENABLED,False,10,0.5,2025-08-22 19:54:29,2026-04-28 13:36:06
Google|PK|Dest|City|XXX|LGW|EN|PHR,UK+IE rest,183062436686,458604909313,airfare to lgw,PHRASE,ENABLED,False,,0.5,2025-08-22 19:50:38,2026-04-28 13:40:07
Google|PK|Dest|City|XXX|LGW|EN|PHR,UK+IE rest,184361502917,767128515809,business class airfare to lgw,PHRASE,ENABLED,False,,0.5,2025-08-22 19:52:56,2026-04-28 13:40:07
Google|PK|Dest|City|XXX|LGW|EN|PHR,UK+IE rest,184361502917,2269796303933,business class deals to lgw,PHRASE,ENABLED,False,,0.5,2025-08-22 19:52:56,2026-04-28 13:40:07
Google|PK|Dest|City|XXX|LGW|EN|PHR,UK+IE rest,184361502917,768756481391,business class flights to lgw,PHRASE,ENABLED,False,,0.5,2025-08-22 19:52:57,2026-04-28 13:40:07
Google|PK|Dest|City|XXX|LGW|EN|PHR,UK+IE rest,184361502917,768756482111,business class tickets to lgw,PHRASE,ENABLED,False,,0.5,2025-08-22 19:52:56,2026-04-28 13:40:07
Google|PK|Dest|City|XXX|LGW|EN|PHR,UK+IE rest,183062436686,768178722422,deals to lgw,PHRASE,ENABLED,False,,0.5,2025-08-22 19:50:37,2026-04-28 13:40:07
Google|PK|Dest|City|XXX|LGW|EN|PHR,UK+IE rest,184361503157,767420390159,first class airfare to lgw,PHRASE,ENABLED,False,,0.5,2025-08-22 19:52:56,2026-04-28 13:40:07
Google|PK|Dest|City|XXX|LGW|EN|PHR,UK+IE rest,184361503157,2269101503267,first class deals to lgw,PHRASE,ENABLED,False,,0.5,2025-08-22 19:52:56,2026-04-28 13:40:07
Google|PK|Dest|City|XXX|LGW|EN|PHR,UK+IE rest,184361503157,767648448680,first class flights to lgw,PHRASE,ENABLED,False,,0.5,2025-08-22 19:52:56,2026-04-28 13:40:07
Google|PK|Dest|City|XXX|LGW|EN|PHR,UK+IE rest,184361503157,767420392239,first class tickets to lgw,PHRASE,ENABLED,False,,0.5,2025-08-22 19:52:56,2026-04-28 13:40:07
Google|PK|Dest|City|XXX|LGW|EN|PHR,UK+IE rest,183062436686,331833965898,flights to lgw,PHRASE,ENABLED,False,7,0.5,2025-08-22 19:50:37,2026-04-28 13:40:07
Google|PK|Dest|City|XXX|LGW|EN|PHR,UK+IE rest,184361502917,2416687705622,lgw business class flight tickets,PHRASE,ENABLED,False,,0.5,2025-08-22 19:52:56,2026-04-28 13:40:07
Google|PK|Dest|City|XXX|LGW|EN|PHR,UK+IE rest,184361502917,2419599760250,lgw business class flights,PHRASE,ENABLED,False,,0.5,2025-08-22 19:52:56,2026-04-28 13:40:07
Google|PK|Dest|City|XXX|LGW|EN|PHR,UK+IE rest,184361503157,2421447742217,lgw first class flight tickets,PHRASE,ENABLED,False,,0.5,2025-08-22 19:52:56,2026-04-28 13:40:07
Google|PK|Dest|City|XXX|LGW|EN|PHR,UK+IE rest,184361503157,2418468431971,lgw first class flights,PHRASE,ENABLED,False,,0.5,2025-08-22 19:52:56,2026-04-28 13:40:07
Google|PK|Dest|City|XXX|LGW|EN|PHR,UK+IE rest,183062436686,435307949167,lgw flight tickets,PHRASE,ENABLED,False,,0.5,2025-08-22 19:50:38,2026-04-28 13:40:07
Google|PK|Dest|City|XXX|LGW|EN|PHR,UK+IE rest,183062436686,339762500323,lgw flights,PHRASE,ENABLED,False,,0.5,2025-08-22 19:50:37,2026-04-28 13:40:07
Google|PK|Dest|City|XXX|LGW|EN|PHR,UK+IE rest,183062436686,416832590767,tickets to lgw,PHRASE,ENABLED,False,6,0.5,2025-08-22 19:50:37,2026-04-28 13:40:07
Google|PK|Dest|City|XXX|LHR|EN|MOD,UK+IE rest,189985874768,12690960,airfare to london,BROAD,ENABLED,False,,0.5,2025-08-22 19:58:31,2026-04-28 13:37:42
Google|PK|Dest|City|XXX|LHR|EN|MOD,UK+IE rest,187898156321,301776633251,business class airfare to london,BROAD,ENABLED,False,,0.5,2025-08-22 19:57:31,2026-04-28 13:37:42
Google|PK|Dest|City|XXX|LHR|EN|MOD,UK+IE rest,187898156321,327464283284,business class deals to london,BROAD,ENABLED,False,9,0.5,2025-08-22 19:57:31,2026-04-28 13:37:42
Google|PK|Dest|City|XXX|LHR|EN|MOD,UK+IE rest,187898156321,295207349726,business class flights to london,BROAD,ENABLED,False,10,0.5,2025-08-22 19:57:31,2026-04-28 13:37:42
Google|PK|Dest|City|XXX|LHR|EN|MOD,UK+IE rest,187898156321,301776633291,business class tickets to london,BROAD,ENABLED,False,,0.5,2025-08-22 19:57:30,2026-04-28 13:37:42
Google|PK|Dest|City|XXX|LHR|EN|MOD,UK+IE rest,189985874768,295780879619,deals to london,BROAD,ENABLED,False,,0.5,2025-08-22 19:58:30,2026-04-28 13:37:42
Google|PK|Dest|City|XXX|LHR|EN|MOD,UK+IE rest,187898156281,310355338953,first class airfare to london,BROAD,ENABLED,False,10,0.5,2025-08-22 19:57:29,2026-04-28 13:37:42
Google|PK|Dest|City|XXX|LHR|EN|MOD,UK+IE rest,187898156281,303435156706,first class deals to london,BROAD,ENABLED,False,,0.5,2025-08-22 19:57:30,2026-04-28 13:37:42
Google|PK|Dest|City|XXX|LHR|EN|MOD,UK+IE rest,187898156281,296744748600,first class flights to london,BROAD,ENABLED,False,,0.5,2025-08-22 19:57:29,2026-04-28 13:37:42
Google|PK|Dest|City|XXX|LHR|EN|MOD,UK+IE rest,187898156281,296435324526,first class tickets to london,BROAD,ENABLED,False,10,0.5,2025-08-22 19:57:29,2026-04-28 13:37:42
Google|PK|Dest|City|XXX|LHR|EN|MOD,UK+IE rest,189985874768,12180831,flights to london,BROAD,ENABLED,False,8,0.5,2025-08-22 19:58:30,2026-04-28 13:37:42
Google|PK|Dest|City|XXX|LHR|EN|MOD,UK+IE rest,187898156321,1188278173583,london business class flight tickets,BROAD,ENABLED,False,,0.5,2025-08-22 19:57:30,2026-04-28 13:37:42
Google|PK|Dest|City|XXX|LHR|EN|MOD,UK+IE rest,187898156321,360252179263,london business class flights,BROAD,ENABLED,False,,0.5,2025-08-22 19:57:30,2026-04-28 13:37:42
Google|PK|Dest|City|XXX|LHR|EN|MOD,UK+IE rest,187898156281,2472344251327,london first class flight tickets,BROAD,ENABLED,False,,0.5,2025-08-22 19:57:29,2026-04-28 13:37:42
Google|PK|Dest|City|XXX|LHR|EN|MOD,UK+IE rest,187898156281,384466924556,london first class flights,BROAD,ENABLED,False,,0.5,2025-08-22 19:57:30,2026-04-28 13:37:42
Google|PK|Dest|City|XXX|LHR|EN|MOD,UK+IE rest,189985874768,295637500760,london flight tickets,BROAD,ENABLED,False,10,0.5,2025-08-22 19:58:30,2026-04-28 13:37:42
Google|PK|Dest|City|XXX|LHR|EN|MOD,UK+IE rest,189985874768,10256626,london flights,BROAD,ENABLED,False,10,0.5,2025-08-22 19:58:30,2026-04-28 13:37:42
Google|PK|Dest|City|XXX|LHR|EN|MOD,UK+IE rest,189985874768,15094951,tickets to london,BROAD,ENABLED,False,8,0.5,2025-08-22 19:58:31,2026-04-28 13:37:42
Google|PK|Dest|City|XXX|LHR|EN|PHR,UK+IE rest,184361474317,315628479318,airfare to lhr,PHRASE,ENABLED,False,,0.5,2025-08-22 19:52:36,2026-04-28 13:36:47
Google|PK|Dest|City|XXX|LHR|EN|PHR,UK+IE rest,185869944602,332931601373,business class airfare to lhr,PHRASE,ENABLED,False,,0.5,2025-08-22 19:55:09,2026-04-28 13:36:47
Google|PK|Dest|City|XXX|LHR|EN|PHR,UK+IE rest,185869944602,2269796303973,business class deals to lhr,PHRASE,ENABLED,False,,0.5,2025-08-22 19:55:10,2026-04-28 13:36:47
Google|PK|Dest|City|XXX|LHR|EN|PHR,UK+IE rest,185869944602,332931601613,business class flights to lhr,PHRASE,ENABLED,False,7,0.5,2025-08-22 19:55:09,2026-04-28 13:36:47
Google|PK|Dest|City|XXX|LHR|EN|PHR,UK+IE rest,185869944602,332931601653,business class tickets to lhr,PHRASE,ENABLED,False,,0.5,2025-08-22 19:55:09,2026-04-28 13:36:47
Google|PK|Dest|City|XXX|LHR|EN|PHR,UK+IE rest,184361474317,10611226157,deals to lhr,PHRASE,ENABLED,False,,0.5,2025-08-22 19:52:36,2026-04-28 13:36:47
Google|PK|Dest|City|XXX|LHR|EN|PHR,UK+IE rest,185869869762,525779792632,first class airfare to lhr,PHRASE,ENABLED,False,,0.5,2025-08-22 19:55:04,2026-04-28 13:36:47
Google|PK|Dest|City|XXX|LHR|EN|PHR,UK+IE rest,185869869762,1943528363018,first class deals to lhr,PHRASE,ENABLED,False,,0.5,2025-08-22 19:55:04,2026-04-28 13:36:47
Google|PK|Dest|City|XXX|LHR|EN|PHR,UK+IE rest,185869869762,334227627288,first class flights to lhr,PHRASE,ENABLED,False,,0.5,2025-08-22 19:55:03,2026-04-28 13:36:47
Google|PK|Dest|City|XXX|LHR|EN|PHR,UK+IE rest,185869869762,333641576600,first class tickets to lhr,PHRASE,ENABLED,False,,0.5,2025-08-22 19:55:03,2026-04-28 13:36:47
Google|PK|Dest|City|XXX|LHR|EN|PHR,UK+IE rest,184361474317,1580838099,flights to lhr,PHRASE,ENABLED,False,5,0.5,2025-08-22 19:52:36,2026-04-28 13:36:47
Google|PK|Dest|City|XXX|LHR|EN|PHR,UK+IE rest,185869944602,2417053023054,lhr business class flight tickets,PHRASE,ENABLED,False,,0.5,2025-08-22 19:55:10,2026-04-28 13:36:47
Google|PK|Dest|City|XXX|LHR|EN|PHR,UK+IE rest,185869944602,769661019333,lhr business class flights,PHRASE,ENABLED,False,,0.5,2025-08-22 19:55:09,2026-04-28 13:36:47
Google|PK|Dest|City|XXX|LHR|EN|PHR,UK+IE rest,185869869762,2416537897679,lhr first class flight tickets,PHRASE,ENABLED,False,,0.5,2025-08-22 19:55:03,2026-04-28 13:36:47
Google|PK|Dest|City|XXX|LHR|EN|PHR,UK+IE rest,185869869762,769661019733,lhr first class flights,PHRASE,ENABLED,False,,0.5,2025-08-22 19:55:04,2026-04-28 13:36:47
Google|PK|Dest|City|XXX|LHR|EN|PHR,UK+IE rest,184361474317,435307951167,lhr flight tickets,PHRASE,ENABLED,False,,0.5,2025-08-22 19:52:36,2026-04-28 13:36:47
Google|PK|Dest|City|XXX|LHR|EN|PHR,UK+IE rest,184361474317,308293173582,lhr flights,PHRASE,ENABLED,False,4,0.5,2025-08-22 19:52:36,2026-04-28 13:36:47
Google|PK|Dest|City|XXX|LHR|EN|PHR,UK+IE rest,184361474317,315628486758,tickets to lhr,PHRASE,ENABLED,False,,0.5,2025-08-22 19:52:36,2026-04-28 13:36:47
Google|PK|Dest|City|XXX|MAN|EN|MOD,UK+IE rest,185194503998,12692890,airfare to manchester,BROAD,ENABLED,False,,0.5,2025-08-22 19:53:59,2026-04-28 13:39:22
Google|PK|Dest|City|XXX|MAN|EN|MOD,UK+IE rest,187176903311,815679383886,business class airfare to manchester,BROAD,ENABLED,False,,0.5,2025-08-22 19:56:52,2026-04-28 13:39:22
Google|PK|Dest|City|XXX|MAN|EN|MOD,UK+IE rest,187176903311,333157399578,business class deals to manchester,BROAD,ENABLED,False,,0.5,2025-08-22 19:56:51,2026-04-28 13:39:22
Google|PK|Dest|City|XXX|MAN|EN|MOD,UK+IE rest,187176903311,337565379764,business class flights to manchester,BROAD,ENABLED,False,,0.5,2025-08-22 19:56:52,2026-04-28 13:39:22
Google|PK|Dest|City|XXX|MAN|EN|MOD,UK+IE rest,187176903311,309479398701,business class tickets to manchester,BROAD,ENABLED,False,,0.5,2025-08-22 19:56:51,2026-04-28 13:39:22
Google|PK|Dest|City|XXX|MAN|EN|MOD,UK+IE rest,185194503998,311616425755,deals to manchester,BROAD,ENABLED,False,,0.5,2025-08-22 19:54:00,2026-04-28 13:39:22
Google|PK|Dest|City|XXX|MAN|EN|MOD,UK+IE rest,186817102280,815904975550,first class airfare to manchester,BROAD,ENABLED,False,,0.5,2025-08-22 19:56:32,2026-04-28 13:39:22
Google|PK|Dest|City|XXX|MAN|EN|MOD,UK+IE rest,186817102280,2197551002862,first class deals to manchester,BROAD,ENABLED,False,,0.5,2025-08-22 19:56:32,2026-04-28 13:39:22
Google|PK|Dest|City|XXX|MAN|EN|MOD,UK+IE rest,186817102280,333157415018,first class flights to manchester,BROAD,ENABLED,False,,0.5,2025-08-22 19:56:33,2026-04-28 13:39:22
Google|PK|Dest|City|XXX|MAN|EN|MOD,UK+IE rest,186817102280,308940180876,first class tickets to manchester,BROAD,ENABLED,False,,0.5,2025-08-22 19:56:32,2026-04-28 13:39:22
Google|PK|Dest|City|XXX|MAN|EN|MOD,UK+IE rest,185194503998,23482861,flights to manchester,BROAD,ENABLED,False,10,0.5,2025-08-22 19:53:59,2026-04-28 13:39:22
Google|PK|Dest|City|XXX|MAN|EN|MOD,UK+IE rest,187176903311,2416735071813,manchester business class flight tickets,BROAD,ENABLED,False,,0.5,2025-08-22 19:56:51,2026-04-28 13:39:22
Google|PK|Dest|City|XXX|MAN|EN|MOD,UK+IE rest,187176903311,332274948399,manchester business class flights,BROAD,ENABLED,False,,0.5,2025-08-22 19:56:51,2026-04-28 13:39:22
Google|PK|Dest|City|XXX|MAN|EN|MOD,UK+IE rest,186817102280,2418478216930,manchester first class flight tickets,BROAD,ENABLED,False,,0.5,2025-08-22 19:56:32,2026-04-28 13:39:22
Google|PK|Dest|City|XXX|MAN|EN|MOD,UK+IE rest,186817102280,842290664878,manchester first class flights,BROAD,ENABLED,False,,0.5,2025-08-22 19:56:32,2026-04-28 13:39:22
Google|PK|Dest|City|XXX|MAN|EN|MOD,UK+IE rest,185194503998,384191614923,manchester flight tickets,BROAD,ENABLED,False,10,0.5,2025-08-22 19:53:59,2026-04-28 13:39:22
Google|PK|Dest|City|XXX|MAN|EN|MOD,UK+IE rest,185194503998,22370433,manchester flights,BROAD,ENABLED,False,10,0.5,2025-08-22 19:53:59,2026-04-28 13:39:22
Google|PK|Dest|City|XXX|MAN|EN|MOD,UK+IE rest,185194503998,15129981,tickets to manchester,BROAD,ENABLED,False,10,0.5,2025-08-22 19:53:59,2026-04-28 13:39:22
Google|PK|Dest|City|XXX|MAN|EN|PHR,UK+IE rest,184361504077,343377087564,airfare to man,PHRASE,ENABLED,False,,0.5,2025-08-22 19:52:56,2026-04-28 13:40:12
Google|PK|Dest|City|XXX|MAN|EN|PHR,UK+IE rest,184361503917,768740556215,business class airfare to man,PHRASE,ENABLED,False,,0.5,2025-08-22 19:52:57,2026-04-28 13:40:12
Google|PK|Dest|City|XXX|MAN|EN|PHR,UK+IE rest,184361503917,529577428552,business class deals to man,PHRASE,ENABLED,False,,0.5,2025-08-22 19:52:57,2026-04-28 13:40:12
Google|PK|Dest|City|XXX|MAN|EN|PHR,UK+IE rest,184361503917,529577428952,business class flights to man,PHRASE,ENABLED,False,,0.5,2025-08-22 19:52:57,2026-04-28 13:40:12
Google|PK|Dest|City|XXX|MAN|EN|PHR,UK+IE rest,184361503917,529577429032,business class tickets to man,PHRASE,ENABLED,False,,0.5,2025-08-22 19:52:57,2026-04-28 13:40:12
Google|PK|Dest|City|XXX|MAN|EN|PHR,UK+IE rest,184361504077,591301941046,deals to man,PHRASE,ENABLED,False,,0.5,2025-08-22 19:52:57,2026-04-28 13:40:12
Google|PK|Dest|City|XXX|MAN|EN|PHR,UK+IE rest,183969655349,766929480906,first class airfare to man,PHRASE,ENABLED,False,,0.5,2025-08-22 19:51:25,2026-04-28 13:40:12
Google|PK|Dest|City|XXX|MAN|EN|PHR,UK+IE rest,183969655349,2269101503427,first class deals to man,PHRASE,ENABLED,False,,0.5,2025-08-22 19:51:25,2026-04-28 13:40:12
Google|PK|Dest|City|XXX|MAN|EN|PHR,UK+IE rest,183969655349,529577434952,first class flights to man,PHRASE,ENABLED,False,,0.5,2025-08-22 19:51:25,2026-04-28 13:40:12
Google|PK|Dest|City|XXX|MAN|EN|PHR,UK+IE rest,183969655349,766929482826,first class tickets to man,PHRASE,ENABLED,False,,0.5,2025-08-22 19:51:25,2026-04-28 13:40:12
Google|PK|Dest|City|XXX|MAN|EN|PHR,UK+IE rest,184361504077,343377093044,flights to man,PHRASE,ENABLED,False,,0.5,2025-08-22 19:52:57,2026-04-28 13:40:12
Google|PK|Dest|City|XXX|MAN|EN|PHR,UK+IE rest,184361503917,2416734350613,man business class flight tickets,PHRASE,ENABLED,False,,0.5,2025-08-22 19:52:57,2026-04-28 13:40:12
Google|PK|Dest|City|XXX|MAN|EN|PHR,UK+IE rest,184361503917,2416537775279,man business class flights,PHRASE,ENABLED,False,,0.5,2025-08-22 19:52:57,2026-04-28 13:40:12
Google|PK|Dest|City|XXX|MAN|EN|PHR,UK+IE rest,183969655349,2415545634860,man first class flight tickets,PHRASE,ENABLED,False,,0.5,2025-08-22 19:51:25,2026-04-28 13:40:12
Google|PK|Dest|City|XXX|MAN|EN|PHR,UK+IE rest,183969655349,2417269005251,man first class flights,PHRASE,ENABLED,False,,0.5,2025-08-22 19:51:25,2026-04-28 13:40:12
Google|PK|Dest|City|XXX|MAN|EN|PHR,UK+IE rest,184361504077,423286466845,man flight tickets,PHRASE,ENABLED,False,,0.5,2025-08-22 19:52:57,2026-04-28 13:40:12
Google|PK|Dest|City|XXX|MAN|EN|PHR,UK+IE rest,184361504077,343377093284,man flights,PHRASE,ENABLED,False,,0.5,2025-08-22 19:52:57,2026-04-28 13:40:12
Google|PK|Dest|City|XXX|MAN|EN|PHR,UK+IE rest,184361504077,343377094044,tickets to man,PHRASE,ENABLED,False,,0.5,2025-08-22 19:52:57,2026-04-28 13:40:12
Google|PK|Dest|Country|XXX|GB|EN|MOD,GB country (cut 20 Aug),184210700573,17542771,airfare to united kingdom,BROAD,ENABLED,False,,0.5,2025-08-22 19:51:59,2026-04-28 13:38:28
Google|PK|Dest|Country|XXX|GB|EN|MOD,GB country (cut 20 Aug),184210700373,10983807375,business class airfare to united kingdom,PHRASE,ENABLED,False,,0.5,2025-08-22 19:52:00,2026-04-28 13:38:28
Google|PK|Dest|Country|XXX|GB|EN|MOD,GB country (cut 20 Aug),184210700373,26548997064,business class deals to united kingdom,PHRASE,ENABLED,False,,0.5,2025-08-22 19:51:59,2026-04-28 13:38:28
Google|PK|Dest|Country|XXX|GB|EN|MOD,GB country (cut 20 Aug),184210700373,10574754942,business class flights to united kingdom,PHRASE,ENABLED,False,,0.5,2025-08-22 19:51:59,2026-04-28 13:38:28
Google|PK|Dest|Country|XXX|GB|EN|MOD,GB country (cut 20 Aug),184210700373,21830342568,business class tickets to united kingdom,PHRASE,ENABLED,False,,0.5,2025-08-22 19:52:00,2026-04-28 13:38:28
Google|PK|Dest|Country|XXX|GB|EN|MOD,GB country (cut 20 Aug),184210700573,342606580721,deals to united kingdom,BROAD,ENABLED,False,,0.5,2025-08-22 19:51:59,2026-04-28 13:38:28
Google|PK|Dest|Country|XXX|GB|EN|MOD,GB country (cut 20 Aug),188027079047,2417015063241,first class airfare to united kingdom,BROAD,ENABLED,False,,0.5,2025-08-22 19:57:59,2026-04-28 13:38:28
Google|PK|Dest|Country|XXX|GB|EN|MOD,GB country (cut 20 Aug),188027079047,2416284583867,first class deals to united kingdom,BROAD,ENABLED,False,,0.5,2025-08-22 19:57:59,2026-04-28 13:38:28
Google|PK|Dest|Country|XXX|GB|EN|MOD,GB country (cut 20 Aug),188027079047,336312914772,first class flights to united kingdom,BROAD,ENABLED,False,,0.5,2025-08-22 19:57:59,2026-04-28 13:38:28
Google|PK|Dest|Country|XXX|GB|EN|MOD,GB country (cut 20 Aug),188027079047,1640605604621,first class tickets to united kingdom,BROAD,ENABLED,False,,0.5,2025-08-22 19:57:59,2026-04-28 13:38:28
Google|PK|Dest|Country|XXX|GB|EN|MOD,GB country (cut 20 Aug),184210700573,297055229183,flights to united kingdom,BROAD,ENABLED,False,,0.5,2025-08-22 19:52:00,2026-04-28 13:38:28
Google|PK|Dest|Country|XXX|GB|EN|MOD,GB country (cut 20 Aug),184210700573,309494519990,tickets to united kingdom,BROAD,ENABLED,False,,0.5,2025-08-22 19:51:59,2026-04-28 13:38:28
Google|PK|Dest|Country|XXX|GB|EN|MOD,GB country (cut 20 Aug),184210700373,2472344673567,united kingdom business class flight tickets,PHRASE,ENABLED,False,,0.5,2025-08-22 19:52:00,2026-04-28 13:38:28
Google|PK|Dest|Country|XXX|GB|EN|MOD,GB country (cut 20 Aug),184210700373,31636324713,united kingdom business class flights,PHRASE,ENABLED,False,,0.5,2025-08-22 19:52:00,2026-04-28 13:38:28
Google|PK|Dest|Country|XXX|GB|EN|MOD,GB country (cut 20 Aug),188027079047,2416580592603,united kingdom first class flight tickets,BROAD,ENABLED,False,,0.5,2025-08-22 19:57:59,2026-04-28 13:38:28
Google|PK|Dest|Country|XXX|GB|EN|MOD,GB country (cut 20 Aug),188027079047,446479920956,united kingdom first class flights,BROAD,ENABLED,False,,0.5,2025-08-22 19:57:59,2026-04-28 13:38:28
Google|PK|Dest|Country|XXX|GB|EN|MOD,GB country (cut 20 Aug),184210700573,457103150,united kingdom flight tickets,BROAD,ENABLED,False,,0.5,2025-08-22 19:51:59,2026-04-28 13:38:28
Google|PK|Dest|Country|XXX|GB|EN|MOD,GB country (cut 20 Aug),184210700573,95972880,united kingdom flights,BROAD,ENABLED,False,,0.5,2025-08-22 19:51:59,2026-04-28 13:38:28
Google|PK|Dest|Country|XXX|IE|EN|MOD,UK+IE rest,186817058280,17464911,airfare to ireland,BROAD,ENABLED,False,,0.5,2025-08-22 19:56:03,2026-04-28 13:35:21
Google|PK|Dest|Country|XXX|IE|EN|MOD,UK+IE rest,189529025452,21830184288,business class airfare to ireland,PHRASE,ENABLED,False,,0.5,2025-08-22 19:58:07,2026-04-28 13:35:21
Google|PK|Dest|Country|XXX|IE|EN|MOD,UK+IE rest,189529025452,332104476120,business class deals to ireland,PHRASE,ENABLED,False,,0.5,2025-08-22 19:58:07,2026-04-28 13:35:21
Google|PK|Dest|Country|XXX|IE|EN|MOD,UK+IE rest,189529025452,10699251564,business class flights to ireland,PHRASE,ENABLED,False,,0.5,2025-08-22 19:58:07,2026-04-28 13:35:21
Google|PK|Dest|Country|XXX|IE|EN|MOD,UK+IE rest,189529025452,332104477600,business class tickets to ireland,PHRASE,ENABLED,False,,0.5,2025-08-22 19:58:08,2026-04-28 13:35:21
Google|PK|Dest|Country|XXX|IE|EN|MOD,UK+IE rest,186817058280,15114731,deals to ireland,BROAD,ENABLED,False,,0.5,2025-08-22 19:56:04,2026-04-28 13:35:21
Google|PK|Dest|Country|XXX|IE|EN|MOD,UK+IE rest,185194320198,327636065689,first class airfare to ireland,BROAD,ENABLED,False,,0.5,2025-08-22 19:53:26,2026-04-28 13:35:21
Google|PK|Dest|Country|XXX|IE|EN|MOD,UK+IE rest,185194320198,2416081099802,first class deals to ireland,BROAD,ENABLED,False,,0.5,2025-08-22 19:53:26,2026-04-28 13:35:21
Google|PK|Dest|Country|XXX|IE|EN|MOD,UK+IE rest,185194320198,303435157346,first class flights to ireland,BROAD,ENABLED,False,,0.5,2025-08-22 19:53:27,2026-04-28 13:35:21
Google|PK|Dest|Country|XXX|IE|EN|MOD,UK+IE rest,185194320198,298061791904,first class tickets to ireland,BROAD,ENABLED,False,,0.5,2025-08-22 19:53:27,2026-04-28 13:35:21
Google|PK|Dest|Country|XXX|IE|EN|MOD,UK+IE rest,186817058280,12855223,flights to ireland,BROAD,ENABLED,False,9,0.5,2025-08-22 19:56:03,2026-04-28 13:35:21
Google|PK|Dest|Country|XXX|IE|EN|MOD,UK+IE rest,189529025452,2416077432162,ireland business class flight tickets,PHRASE,ENABLED,False,,0.5,2025-08-22 19:58:07,2026-04-28 13:35:21
Google|PK|Dest|Country|XXX|IE|EN|MOD,UK+IE rest,189529025452,13184244981,ireland business class flights,PHRASE,ENABLED,False,,0.5,2025-08-22 19:58:07,2026-04-28 13:35:21
Google|PK|Dest|Country|XXX|IE|EN|MOD,UK+IE rest,185194320198,2417994467415,ireland first class flight tickets,BROAD,ENABLED,False,,0.5,2025-08-22 19:53:26,2026-04-28 13:35:21
Google|PK|Dest|Country|XXX|IE|EN|MOD,UK+IE rest,185194320198,2310756425897,ireland first class flights,BROAD,ENABLED,False,,0.5,2025-08-22 19:53:26,2026-04-28 13:35:21
Google|PK|Dest|Country|XXX|IE|EN|MOD,UK+IE rest,186817058280,263818773,ireland flight tickets,BROAD,ENABLED,False,10,0.5,2025-08-22 19:56:03,2026-04-28 13:35:21
Google|PK|Dest|Country|XXX|IE|EN|MOD,UK+IE rest,186817058280,44114341,ireland flights,BROAD,ENABLED,False,8,0.5,2025-08-22 19:56:04,2026-04-28 13:35:21
Google|PK|Dest|Country|XXX|IE|EN|MOD,UK+IE rest,186817058280,15122241,tickets to ireland,BROAD,ENABLED,False,10,0.5,2025-08-22 19:56:04,2026-04-28 13:35:21
Google|PK|O&D|Country|PK|GB|EN|MOD,GB country (cut 20 Aug),183955677523,2438152816045,business class flights from pakistan to united kingdom,BROAD,ENABLED,False,,0.5,2025-08-22 19:51:01,2026-04-28 13:35:57
Google|PK|O&D|Country|PK|GB|EN|MOD,GB country (cut 20 Aug),183036173414,2438512798480,first class flights from pakistan to united kingdom,BROAD,ENABLED,False,,0.5,2025-08-22 19:49:09,2026-04-28 13:35:57
Google|PK|O&D|Country|PK|GB|EN|MOD,GB country (cut 20 Aug),184210686853,375050843715,flights from pakistan to united kingdom,BROAD,ENABLED,False,,0.5,2025-08-22 19:51:47,2026-04-28 13:35:57
Google|PK|O&D|Country|PK|GB|EN|MOD,GB country (cut 20 Aug),184210686853,2436601501389,pakistan to united kingdom airfare,BROAD,ENABLED,False,,0.5,2025-08-22 19:51:47,2026-04-28 13:35:57
Google|PK|O&D|Country|PK|GB|EN|MOD,GB country (cut 20 Aug),183955677523,2437726797335,pakistan to united kingdom business class airfare,BROAD,ENABLED,False,,0.5,2025-08-22 19:51:01,2026-04-28 13:35:57
Google|PK|O&D|Country|PK|GB|EN|MOD,GB country (cut 20 Aug),183955677523,2441650707492,pakistan to united kingdom business class deals,BROAD,ENABLED,False,,0.5,2025-08-22 19:51:02,2026-04-28 13:35:57
Google|PK|O&D|Country|PK|GB|EN|MOD,GB country (cut 20 Aug),183955677523,2438172947676,pakistan to united kingdom business class flight tickets,BROAD,ENABLED,False,,0.5,2025-08-22 19:51:02,2026-04-28 13:35:57
Google|PK|O&D|Country|PK|GB|EN|MOD,GB country (cut 20 Aug),183955677523,2438308710458,pakistan to united kingdom business class flights,BROAD,ENABLED,False,,0.5,2025-08-22 19:51:02,2026-04-28 13:35:57
Google|PK|O&D|Country|PK|GB|EN|MOD,GB country (cut 20 Aug),183955677523,2437726812415,pakistan to united kingdom business class tickets,BROAD,ENABLED,False,,0.5,2025-08-22 19:51:02,2026-04-28 13:35:57
Google|PK|O&D|Country|PK|GB|EN|MOD,GB country (cut 20 Aug),184210686853,2435737112126,pakistan to united kingdom deals,BROAD,ENABLED,False,,0.5,2025-08-22 19:51:47,2026-04-28 13:35:57
Google|PK|O&D|Country|PK|GB|EN|MOD,GB country (cut 20 Aug),183036173414,2438333874668,pakistan to united kingdom first class airfare,BROAD,ENABLED,False,,0.5,2025-08-22 19:49:09,2026-04-28 13:35:57
Google|PK|O&D|Country|PK|GB|EN|MOD,GB country (cut 20 Aug),183036173414,2436103900507,pakistan to united kingdom first class deals,BROAD,ENABLED,False,,0.5,2025-08-22 19:49:09,2026-04-28 13:35:57
Google|PK|O&D|Country|PK|GB|EN|MOD,GB country (cut 20 Aug),183036173414,2437726544335,pakistan to united kingdom first class flight tickets,BROAD,ENABLED,False,,0.5,2025-08-22 19:49:08,2026-04-28 13:35:57
Google|PK|O&D|Country|PK|GB|EN|MOD,GB country (cut 20 Aug),183036173414,2439115014478,pakistan to united kingdom first class flights,BROAD,ENABLED,False,,0.5,2025-08-22 19:49:08,2026-04-28 13:35:57
Google|PK|O&D|Country|PK|GB|EN|MOD,GB country (cut 20 Aug),183036173414,2438184298259,pakistan to united kingdom first class tickets,BROAD,ENABLED,False,,0.5,2025-08-22 19:49:08,2026-04-28 13:35:57
Google|PK|O&D|Country|PK|GB|EN|MOD,GB country (cut 20 Aug),184210686853,2438334123508,pakistan to united kingdom flight tickets,BROAD,ENABLED,False,,0.5,2025-08-22 19:51:47,2026-04-28 13:35:57
Google|PK|O&D|Country|PK|GB|EN|MOD,GB country (cut 20 Aug),184210686853,375050850195,pakistan to united kingdom flights,BROAD,ENABLED,False,,0.5,2025-08-22 19:51:47,2026-04-28 13:35:57
Google|PK|O&D|Country|PK|GB|EN|MOD,GB country (cut 20 Aug),184210686853,375050850235,pakistan to united kingdom tickets,BROAD,ENABLED,False,,0.5,2025-08-22 19:51:47,2026-04-28 13:35:57
Google|PK|O&D|Country|PK|IE|EN|MOD,UK+IE rest,183969652549,2435287669820,business class flights from pakistan to ireland,BROAD,ENABLED,False,,0.5,2025-08-22 19:51:22,2026-04-28 13:39:11
Google|PK|O&D|Country|PK|IE|EN|MOD,UK+IE rest,183036308614,2440150385737,first class flights from pakistan to ireland,BROAD,ENABLED,False,,0.5,2025-08-22 19:49:32,2026-04-28 13:39:11
Google|PK|O&D|Country|PK|IE|EN|MOD,UK+IE rest,183036309014,451188551227,flights from pakistan to ireland,BROAD,ENABLED,False,8,0.5,2025-08-22 19:49:33,2026-04-28 13:39:11
Google|PK|O&D|Country|PK|IE|EN|MOD,UK+IE rest,183036309014,2441319700501,pakistan to ireland airfare,BROAD,ENABLED,False,,0.5,2025-08-22 19:49:33,2026-04-28 13:39:11
Google|PK|O&D|Country|PK|IE|EN|MOD,UK+IE rest,183969652549,2439065795744,pakistan to ireland business class airfare,BROAD,ENABLED,False,,0.5,2025-08-22 19:51:23,2026-04-28 13:39:11
Google|PK|O&D|Country|PK|IE|EN|MOD,UK+IE rest,183969652549,2492247114847,pakistan to ireland business class deals,BROAD,ENABLED,False,,0.5,2025-08-22 19:51:23,2026-04-28 13:39:11
Google|PK|O&D|Country|PK|IE|EN|MOD,UK+IE rest,183969652549,2437923285543,pakistan to ireland business class flight tickets,BROAD,ENABLED,False,,0.5,2025-08-22 19:51:22,2026-04-28 13:39:11
Google|PK|O&D|Country|PK|IE|EN|MOD,UK+IE rest,183969652549,2436601948309,pakistan to ireland business class flights,BROAD,ENABLED,False,,0.5,2025-08-22 19:51:22,2026-04-28 13:39:11
Google|PK|O&D|Country|PK|IE|EN|MOD,UK+IE rest,183969652549,2439065791904,pakistan to ireland business class tickets,BROAD,ENABLED,False,,0.5,2025-08-22 19:51:22,2026-04-28 13:39:11
Google|PK|O&D|Country|PK|IE|EN|MOD,UK+IE rest,183036309014,2436104937067,pakistan to ireland deals,BROAD,ENABLED,False,,0.5,2025-08-22 19:49:34,2026-04-28 13:39:11
Google|PK|O&D|Country|PK|IE|EN|MOD,UK+IE rest,183036308614,2465864478604,pakistan to ireland first class airfare,BROAD,ENABLED,False,,0.5,2025-08-22 19:49:32,2026-04-28 13:39:11
Google|PK|O&D|Country|PK|IE|EN|MOD,UK+IE rest,183036308614,2440150538817,pakistan to ireland first class deals,BROAD,ENABLED,False,,0.5,2025-08-22 19:49:32,2026-04-28 13:39:11
Google|PK|O&D|Country|PK|IE|EN|MOD,UK+IE rest,183036308614,2441319627301,pakistan to ireland first class flight tickets,BROAD,ENABLED,False,,0.5,2025-08-22 19:49:33,2026-04-28 13:39:11
Google|PK|O&D|Country|PK|IE|EN|MOD,UK+IE rest,183036308614,2435737317766,pakistan to ireland first class flights,BROAD,ENABLED,False,,0.5,2025-08-22 19:49:32,2026-04-28 13:39:11
Google|PK|O&D|Country|PK|IE|EN|MOD,UK+IE rest,183036308614,2441319797741,pakistan to ireland first class tickets,BROAD,ENABLED,False,,0.5,2025-08-22 19:49:33,2026-04-28 13:39:11
Google|PK|O&D|Country|PK|IE|EN|MOD,UK+IE rest,183036309014,2435736889326,pakistan to ireland flight tickets,BROAD,ENABLED,False,,0.5,2025-08-22 19:49:33,2026-04-28 13:39:11
Google|PK|O&D|Country|PK|IE|EN|MOD,UK+IE rest,183036309014,425926117896,pakistan to ireland flights,BROAD,ENABLED,False,8,0.5,2025-08-22 19:49:33,2026-04-28 13:39:11
Google|PK|O&D|Country|PK|IE|EN|MOD,UK+IE rest,183036309014,2438053322305,pakistan to ireland tickets,BROAD,ENABLED,False,8,0.5,2025-08-22 19:49:34,2026-04-28 13:39:11
Google|PK|O&D|Routes|ISB|BHX|EN|MOD,UK+IE rest,185026119035,2441650639572,business class flights from islamabad to birmingham,BROAD,ENABLED,False,,0.5,2025-08-22 19:53:06,2026-04-28 13:36:33
Google|PK|O&D|Routes|ISB|BHX|EN|MOD,UK+IE rest,186817008440,2438308635098,first class flights from islamabad to birmingham,BROAD,ENABLED,False,,0.5,2025-08-22 19:56:00,2026-04-28 13:36:33
Google|PK|O&D|Routes|ISB|BHX|EN|MOD,UK+IE rest,179518621610,318316217188,flights from islamabad to birmingham,BROAD,ENABLED,False,8,0.5,2025-08-22 19:48:46,2026-04-28 13:36:33
Google|PK|O&D|Routes|ISB|BHX|EN|MOD,UK+IE rest,179518621610,2629955321752,islamabad to birmingham airfare,BROAD,ENABLED,False,,0.5,2025-08-22 19:48:46,2026-04-28 13:36:33
Google|PK|O&D|Routes|ISB|BHX|EN|MOD,UK+IE rest,185026119035,2492246701607,islamabad to birmingham business class airfare,BROAD,ENABLED,False,,0.5,2025-08-22 19:53:06,2026-04-28 13:36:33
Google|PK|O&D|Routes|ISB|BHX|EN|MOD,UK+IE rest,185026119035,2436887228854,islamabad to birmingham business class deals,BROAD,ENABLED,False,,0.5,2025-08-22 19:53:07,2026-04-28 13:36:33
Google|PK|O&D|Routes|ISB|BHX|EN|MOD,UK+IE rest,185026119035,2438308978978,islamabad to birmingham business class flight tickets,BROAD,ENABLED,False,,0.5,2025-08-22 19:53:06,2026-04-28 13:36:33
Google|PK|O&D|Routes|ISB|BHX|EN|MOD,UK+IE rest,185026119035,2437130202891,islamabad to birmingham business class flights,BROAD,ENABLED,False,,0.5,2025-08-22 19:53:07,2026-04-28 13:36:33
Google|PK|O&D|Routes|ISB|BHX|EN|MOD,UK+IE rest,185026119035,2438308914178,islamabad to birmingham business class tickets,BROAD,ENABLED,False,,0.5,2025-08-22 19:53:07,2026-04-28 13:36:33
Google|PK|O&D|Routes|ISB|BHX|EN|MOD,UK+IE rest,179518621610,2437673538393,islamabad to birmingham deals,BROAD,ENABLED,False,,0.5,2025-08-22 19:48:46,2026-04-28 13:36:33
Google|PK|O&D|Routes|ISB|BHX|EN|MOD,UK+IE rest,186817008440,2436601655189,islamabad to birmingham first class airfare,BROAD,ENABLED,False,,0.5,2025-08-22 19:56:00,2026-04-28 13:36:33
Google|PK|O&D|Routes|ISB|BHX|EN|MOD,UK+IE rest,186817008440,2438513890480,islamabad to birmingham first class deals,BROAD,ENABLED,False,,0.5,2025-08-22 19:56:00,2026-04-28 13:36:33
Google|PK|O&D|Routes|ISB|BHX|EN|MOD,UK+IE rest,186817008440,2438055198145,islamabad to birmingham first class flight tickets,BROAD,ENABLED,False,,0.5,2025-08-22 19:56:00,2026-04-28 13:36:33
Google|PK|O&D|Routes|ISB|BHX|EN|MOD,UK+IE rest,186817008440,2436602721069,islamabad to birmingham first class flights,BROAD,ENABLED,False,,0.5,2025-08-22 19:56:00,2026-04-28 13:36:33
Google|PK|O&D|Routes|ISB|BHX|EN|MOD,UK+IE rest,186817008440,2436416114550,islamabad to birmingham first class tickets,BROAD,ENABLED,False,,0.5,2025-08-22 19:56:00,2026-04-28 13:36:33
Google|PK|O&D|Routes|ISB|BHX|EN|MOD,UK+IE rest,179518621610,2394140329106,islamabad to birmingham flight tickets,BROAD,ENABLED,False,,0.5,2025-08-22 19:48:46,2026-04-28 13:36:33
Google|PK|O&D|Routes|ISB|BHX|EN|MOD,UK+IE rest,179518621610,743942723183,islamabad to birmingham flights,BROAD,ENABLED,False,9,0.5,2025-08-22 19:48:45,2026-04-28 13:36:33
Google|PK|O&D|Routes|ISB|BHX|EN|MOD,UK+IE rest,179518621610,2438184127579,islamabad to birmingham tickets,BROAD,ENABLED,False,,0.5,2025-08-22 19:48:45,2026-04-28 13:36:33
Google|PK|O&D|Routes|ISB|BHX|EN|PHR,UK+IE rest,185869937962,784197275978,business class flights from isb to bhx,PHRASE,ENABLED,False,,0.5,2025-08-22 19:55:07,2026-04-28 13:37:28
Google|PK|O&D|Routes|ISB|BHX|EN|PHR,UK+IE rest,185869863322,782574613129,first class flights from isb to bhx,PHRASE,ENABLED,False,,0.5,2025-08-22 19:54:59,2026-04-28 13:37:28
Google|PK|O&D|Routes|ISB|BHX|EN|PHR,UK+IE rest,185869863282,304798250785,flights from isb to bhx,PHRASE,ENABLED,False,8,0.5,2025-08-22 19:54:58,2026-04-28 13:37:28
Google|PK|O&D|Routes|ISB|BHX|EN|PHR,UK+IE rest,185869863282,2438309494938,isb to bhx airfare,PHRASE,ENABLED,False,,0.5,2025-08-22 19:54:58,2026-04-28 13:37:28
Google|PK|O&D|Routes|ISB|BHX|EN|PHR,UK+IE rest,185869937962,2438334475428,isb to bhx business class airfare,PHRASE,ENABLED,False,,0.5,2025-08-22 19:55:07,2026-04-28 13:37:28
Google|PK|O&D|Routes|ISB|BHX|EN|PHR,UK+IE rest,185869937962,2435287634780,isb to bhx business class deals,PHRASE,ENABLED,False,,0.5,2025-08-22 19:55:06,2026-04-28 13:37:28
Google|PK|O&D|Routes|ISB|BHX|EN|PHR,UK+IE rest,185869937962,2438740489435,isb to bhx business class flight tickets,PHRASE,ENABLED,False,,0.5,2025-08-22 19:55:06,2026-04-28 13:37:28
Google|PK|O&D|Routes|ISB|BHX|EN|PHR,UK+IE rest,185869937962,2436200799026,isb to bhx business class flights,PHRASE,ENABLED,False,,0.5,2025-08-22 19:55:07,2026-04-28 13:37:28
Google|PK|O&D|Routes|ISB|BHX|EN|PHR,UK+IE rest,185869937962,2436416133550,isb to bhx business class tickets,PHRASE,ENABLED,False,,0.5,2025-08-22 19:55:06,2026-04-28 13:37:28
Google|PK|O&D|Routes|ISB|BHX|EN|PHR,UK+IE rest,185869863282,782428840306,isb to bhx deals,PHRASE,ENABLED,False,,0.5,2025-08-22 19:54:58,2026-04-28 13:37:28
Google|PK|O&D|Routes|ISB|BHX|EN|PHR,UK+IE rest,185869863322,2441320436301,isb to bhx first class airfare,PHRASE,ENABLED,False,,0.5,2025-08-22 19:54:59,2026-04-28 13:37:28
Google|PK|O&D|Routes|ISB|BHX|EN|PHR,UK+IE rest,185869863322,2435768185416,isb to bhx first class deals,PHRASE,ENABLED,False,,0.5,2025-08-22 19:54:59,2026-04-28 13:37:28
Google|PK|O&D|Routes|ISB|BHX|EN|PHR,UK+IE rest,185869863322,2438153057005,isb to bhx first class flight tickets,PHRASE,ENABLED,False,,0.5,2025-08-22 19:54:59,2026-04-28 13:37:28
Google|PK|O&D|Routes|ISB|BHX|EN|PHR,UK+IE rest,185869863322,2438054638945,isb to bhx first class flights,PHRASE,ENABLED,False,,0.5,2025-08-22 19:54:59,2026-04-28 13:37:28
Google|PK|O&D|Routes|ISB|BHX|EN|PHR,UK+IE rest,185869863322,2436096289169,isb to bhx first class tickets,PHRASE,ENABLED,False,,0.5,2025-08-22 19:54:59,2026-04-28 13:37:28
Google|PK|O&D|Routes|ISB|BHX|EN|PHR,UK+IE rest,185869863282,2413023703428,isb to bhx flight tickets,PHRASE,ENABLED,False,,0.5,2025-08-22 19:54:58,2026-04-28 13:37:28
Google|PK|O&D|Routes|ISB|BHX|EN|PHR,UK+IE rest,185869863282,766365121339,isb to bhx flights,PHRASE,ENABLED,False,7,0.5,2025-08-22 19:54:58,2026-04-28 13:37:28
Google|PK|O&D|Routes|ISB|BHX|EN|PHR,UK+IE rest,185869863282,2438308696458,isb to bhx tickets,PHRASE,ENABLED,False,,0.5,2025-08-22 19:54:58,2026-04-28 13:37:28
Google|PK|O&D|Routes|ISB|DUB|EN|MOD,UK+IE rest,187898162081,2436601606069,business class flights from islamabad to dublin,BROAD,ENABLED,False,,0.5,2025-08-22 19:57:33,2026-04-28 13:39:40
Google|PK|O&D|Routes|ISB|DUB|EN|MOD,UK+IE rest,189985883248,2438055510625,first class flights from islamabad to dublin,BROAD,ENABLED,False,,0.5,2025-08-22 19:58:34,2026-04-28 13:39:40
Google|PK|O&D|Routes|ISB|DUB|EN|MOD,UK+IE rest,183062294046,319785824058,flights from islamabad to dublin,BROAD,ENABLED,False,8,0.5,2025-08-22 19:50:30,2026-04-28 13:39:40
Google|PK|O&D|Routes|ISB|DUB|EN|MOD,UK+IE rest,183062294046,2436331082523,islamabad to dublin airfare,BROAD,ENABLED,False,,0.5,2025-08-22 19:50:30,2026-04-28 13:39:40
Google|PK|O&D|Routes|ISB|DUB|EN|MOD,UK+IE rest,187898162081,2465864831884,islamabad to dublin business class airfare,BROAD,ENABLED,False,,0.5,2025-08-22 19:57:33,2026-04-28 13:39:40
Google|PK|O&D|Routes|ISB|DUB|EN|MOD,UK+IE rest,187898162081,2439066015984,islamabad to dublin business class deals,BROAD,ENABLED,False,,0.5,2025-08-22 19:57:33,2026-04-28 13:39:40
Google|PK|O&D|Routes|ISB|DUB|EN|MOD,UK+IE rest,187898162081,2436603580549,islamabad to dublin business class flight tickets,BROAD,ENABLED,False,,0.5,2025-08-22 19:57:33,2026-04-28 13:39:40
Google|PK|O&D|Routes|ISB|DUB|EN|MOD,UK+IE rest,187898162081,2492247665727,islamabad to dublin business class flights,BROAD,ENABLED,False,,0.5,2025-08-22 19:57:33,2026-04-28 13:39:40
Google|PK|O&D|Routes|ISB|DUB|EN|MOD,UK+IE rest,187898162081,2439066027784,islamabad to dublin business class tickets,BROAD,ENABLED,False,,0.5,2025-08-22 19:57:33,2026-04-28 13:39:40
Google|PK|O&D|Routes|ISB|DUB|EN|MOD,UK+IE rest,183062294046,2436095955089,islamabad to dublin deals,BROAD,ENABLED,False,,0.5,2025-08-22 19:50:30,2026-04-28 13:39:40
Google|PK|O&D|Routes|ISB|DUB|EN|MOD,UK+IE rest,189985883248,2435768840056,islamabad to dublin first class airfare,BROAD,ENABLED,False,,0.5,2025-08-22 19:58:35,2026-04-28 13:39:40
Google|PK|O&D|Routes|ISB|DUB|EN|MOD,UK+IE rest,189985883248,2436331453163,islamabad to dublin first class deals,BROAD,ENABLED,False,,0.5,2025-08-22 19:58:34,2026-04-28 13:39:40
Google|PK|O&D|Routes|ISB|DUB|EN|MOD,UK+IE rest,189985883248,2436331453883,islamabad to dublin first class flight tickets,BROAD,ENABLED,False,,0.5,2025-08-22 19:58:34,2026-04-28 13:39:40
Google|PK|O&D|Routes|ISB|DUB|EN|MOD,UK+IE rest,189985883248,2438174395356,islamabad to dublin first class flights,BROAD,ENABLED,False,,0.5,2025-08-22 19:58:35,2026-04-28 13:39:40
Google|PK|O&D|Routes|ISB|DUB|EN|MOD,UK+IE rest,189985883248,2438174057036,islamabad to dublin first class tickets,BROAD,ENABLED,False,,0.5,2025-08-22 19:58:35,2026-04-28 13:39:40
Google|PK|O&D|Routes|ISB|DUB|EN|MOD,UK+IE rest,183062294046,2395505862153,islamabad to dublin flight tickets,BROAD,ENABLED,False,,0.5,2025-08-22 19:50:31,2026-04-28 13:39:40
Google|PK|O&D|Routes|ISB|DUB|EN|MOD,UK+IE rest,183062294046,348300030845,islamabad to dublin flights,BROAD,ENABLED,False,8,0.5,2025-08-22 19:50:30,2026-04-28 13:39:40
Google|PK|O&D|Routes|ISB|DUB|EN|MOD,UK+IE rest,183062294046,2436339870479,islamabad to dublin tickets,BROAD,ENABLED,False,,0.5,2025-08-22 19:50:31,2026-04-28 13:39:40
Google|PK|O&D|Routes|ISB|DUB|EN|PHR,UK+IE rest,186817067880,782280713470,business class flights from isb to dub,PHRASE,ENABLED,False,,0.5,2025-08-22 19:56:07,2026-04-28 13:35:35
Google|PK|O&D|Routes|ISB|DUB|EN|PHR,UK+IE rest,189529034812,785133276398,first class flights from isb to dub,PHRASE,ENABLED,False,,0.5,2025-08-22 19:58:12,2026-04-28 13:35:35
Google|PK|O&D|Routes|ISB|DUB|EN|PHR,UK+IE rest,185194323598,305212267908,flights from isb to dub,PHRASE,ENABLED,False,,0.5,2025-08-22 19:53:29,2026-04-28 13:35:35
Google|PK|O&D|Routes|ISB|DUB|EN|PHR,UK+IE rest,185194323598,2436965454641,isb to dub airfare,PHRASE,ENABLED,False,,0.5,2025-08-22 19:53:29,2026-04-28 13:35:35
Google|PK|O&D|Routes|ISB|DUB|EN|PHR,UK+IE rest,186817067880,2437673487833,isb to dub business class airfare,PHRASE,ENABLED,False,,0.5,2025-08-22 19:56:07,2026-04-28 13:35:35
Google|PK|O&D|Routes|ISB|DUB|EN|PHR,UK+IE rest,186817067880,2438309278498,isb to dub business class deals,PHRASE,ENABLED,False,,0.5,2025-08-22 19:56:07,2026-04-28 13:35:35
Google|PK|O&D|Routes|ISB|DUB|EN|PHR,UK+IE rest,186817067880,2435868300362,isb to dub business class flight tickets,PHRASE,ENABLED,False,,0.5,2025-08-22 19:56:08,2026-04-28 13:35:35
Google|PK|O&D|Routes|ISB|DUB|EN|PHR,UK+IE rest,186817067880,2436416135030,isb to dub business class flights,PHRASE,ENABLED,False,,0.5,2025-08-22 19:56:08,2026-04-28 13:35:35
Google|PK|O&D|Routes|ISB|DUB|EN|PHR,UK+IE rest,186817067880,2435287985500,isb to dub business class tickets,PHRASE,ENABLED,False,,0.5,2025-08-22 19:56:07,2026-04-28 13:35:35
Google|PK|O&D|Routes|ISB|DUB|EN|PHR,UK+IE rest,185194323598,783399532491,isb to dub deals,PHRASE,ENABLED,False,,0.5,2025-08-22 19:53:29,2026-04-28 13:35:35
Google|PK|O&D|Routes|ISB|DUB|EN|PHR,UK+IE rest,189529034812,2436603598709,isb to dub first class airfare,PHRASE,ENABLED,False,,0.5,2025-08-22 19:58:12,2026-04-28 13:35:35
Google|PK|O&D|Routes|ISB|DUB|EN|PHR,UK+IE rest,189529034812,2435287958060,isb to dub first class deals,PHRASE,ENABLED,False,,0.5,2025-08-22 19:58:12,2026-04-28 13:35:35
Google|PK|O&D|Routes|ISB|DUB|EN|PHR,UK+IE rest,189529034812,2436602740029,isb to dub first class flight tickets,PHRASE,ENABLED,False,,0.5,2025-08-22 19:58:13,2026-04-28 13:35:35
Google|PK|O&D|Routes|ISB|DUB|EN|PHR,UK+IE rest,189529034812,2436602693469,isb to dub first class flights,PHRASE,ENABLED,False,,0.5,2025-08-22 19:58:13,2026-04-28 13:35:35
Google|PK|O&D|Routes|ISB|DUB|EN|PHR,UK+IE rest,189529034812,2460412698474,isb to dub first class tickets,PHRASE,ENABLED,False,,0.5,2025-08-22 19:58:12,2026-04-28 13:35:35
Google|PK|O&D|Routes|ISB|DUB|EN|PHR,UK+IE rest,185194323598,2410979223267,isb to dub flight tickets,PHRASE,ENABLED,False,,0.5,2025-08-22 19:53:29,2026-04-28 13:35:35
Google|PK|O&D|Routes|ISB|DUB|EN|PHR,UK+IE rest,185194323598,767916417073,isb to dub flights,PHRASE,ENABLED,False,,0.5,2025-08-22 19:53:29,2026-04-28 13:35:35
Google|PK|O&D|Routes|ISB|DUB|EN|PHR,UK+IE rest,185194323598,2435737272406,isb to dub tickets,PHRASE,ENABLED,False,,0.5,2025-08-22 19:53:29,2026-04-28 13:35:35
Google|PK|O&D|Routes|ISB|EDI|EN|MOD,UK+IE rest,189985857328,2439065970704,business class flights from islamabad to edinburgh,BROAD,ENABLED,False,,0.5,2025-08-22 19:58:19,2026-04-28 13:36:20
Google|PK|O&D|Routes|ISB|EDI|EN|MOD,UK+IE rest,179518607410,2436331087843,first class flights from islamabad to edinburgh,BROAD,ENABLED,False,,0.5,2025-08-22 19:48:35,2026-04-28 13:36:20
Google|PK|O&D|Routes|ISB|EDI|EN|MOD,UK+IE rest,187898102361,1931306294095,flights from islamabad to edinburgh,BROAD,ENABLED,False,8,0.5,2025-08-22 19:57:00,2026-04-28 13:36:20
Google|PK|O&D|Routes|ISB|EDI|EN|MOD,UK+IE rest,187898102361,2460412068674,islamabad to edinburgh airfare,BROAD,ENABLED,False,,0.5,2025-08-22 19:57:00,2026-04-28 13:36:20
Google|PK|O&D|Routes|ISB|EDI|EN|MOD,UK+IE rest,189985857328,2436603227229,islamabad to edinburgh business class airfare,BROAD,ENABLED,False,,0.5,2025-08-22 19:58:20,2026-04-28 13:36:20
Google|PK|O&D|Routes|ISB|EDI|EN|MOD,UK+IE rest,189985857328,2460412681834,islamabad to edinburgh business class deals,BROAD,ENABLED,False,,0.5,2025-08-22 19:58:19,2026-04-28 13:36:20
Google|PK|O&D|Routes|ISB|EDI|EN|MOD,UK+IE rest,189985857328,2435287877900,islamabad to edinburgh business class flight tickets,BROAD,ENABLED,False,,0.5,2025-08-22 19:58:19,2026-04-28 13:36:20
Google|PK|O&D|Routes|ISB|EDI|EN|MOD,UK+IE rest,189985857328,2438055851025,islamabad to edinburgh business class flights,BROAD,ENABLED,False,,0.5,2025-08-22 19:58:20,2026-04-28 13:36:20
Google|PK|O&D|Routes|ISB|EDI|EN|MOD,UK+IE rest,189985857328,2437131376531,islamabad to edinburgh business class tickets,BROAD,ENABLED,False,,0.5,2025-08-22 19:58:19,2026-04-28 13:36:20
Google|PK|O&D|Routes|ISB|EDI|EN|MOD,UK+IE rest,187898102361,2438172708476,islamabad to edinburgh deals,BROAD,ENABLED,False,,0.5,2025-08-22 19:57:00,2026-04-28 13:36:20
Google|PK|O&D|Routes|ISB|EDI|EN|MOD,UK+IE rest,179518607410,2437924135623,islamabad to edinburgh first class airfare,BROAD,ENABLED,False,,0.5,2025-08-22 19:48:36,2026-04-28 13:36:20
Google|PK|O&D|Routes|ISB|EDI|EN|MOD,UK+IE rest,179518607410,2437924161023,islamabad to edinburgh first class deals,BROAD,ENABLED,False,,0.5,2025-08-22 19:48:36,2026-04-28 13:36:20
Google|PK|O&D|Routes|ISB|EDI|EN|MOD,UK+IE rest,179518607410,2435171028662,islamabad to edinburgh first class flight tickets,BROAD,ENABLED,False,,0.5,2025-08-22 19:48:36,2026-04-28 13:36:20
Google|PK|O&D|Routes|ISB|EDI|EN|MOD,UK+IE rest,179518607410,2436339873119,islamabad to edinburgh first class flights,BROAD,ENABLED,False,,0.5,2025-08-22 19:48:35,2026-04-28 13:36:20
Google|PK|O&D|Routes|ISB|EDI|EN|MOD,UK+IE rest,179518607410,2437726876015,islamabad to edinburgh first class tickets,BROAD,ENABLED,False,,0.5,2025-08-22 19:48:36,2026-04-28 13:36:20
Google|PK|O&D|Routes|ISB|EDI|EN|MOD,UK+IE rest,187898102361,2396070809179,islamabad to edinburgh flight tickets,BROAD,ENABLED,False,,0.5,2025-08-22 19:57:01,2026-04-28 13:36:20
Google|PK|O&D|Routes|ISB|EDI|EN|MOD,UK+IE rest,187898102361,1284025803490,islamabad to edinburgh flights,BROAD,ENABLED,False,9,0.5,2025-08-22 19:57:00,2026-04-28 13:36:20
Google|PK|O&D|Routes|ISB|EDI|EN|MOD,UK+IE rest,187898102361,2437727021175,islamabad to edinburgh tickets,BROAD,ENABLED,False,,0.5,2025-08-22 19:57:01,2026-04-28 13:36:20
Google|PK|O&D|Routes|ISB|EDI|EN|PHR,UK+IE rest,185869856362,783469387669,business class flights from isb to edi,PHRASE,ENABLED,False,,0.5,2025-08-22 19:54:53,2026-04-28 13:37:19
Google|PK|O&D|Routes|ISB|EDI|EN|PHR,UK+IE rest,189985861328,785266299021,first class flights from isb to edi,PHRASE,ENABLED,False,,0.5,2025-08-22 19:58:24,2026-04-28 13:37:19
Google|PK|O&D|Routes|ISB|EDI|EN|PHR,UK+IE rest,185869856122,305193676748,flights from isb to edi,PHRASE,ENABLED,False,,0.5,2025-08-22 19:54:53,2026-04-28 13:37:19
Google|PK|O&D|Routes|ISB|EDI|EN|PHR,UK+IE rest,185869856122,2438740247955,isb to edi airfare,PHRASE,ENABLED,False,,0.5,2025-08-22 19:54:53,2026-04-28 13:37:19
Google|PK|O&D|Routes|ISB|EDI|EN|PHR,UK+IE rest,185869856362,2435738348566,isb to edi business class airfare,PHRASE,ENABLED,False,,0.5,2025-08-22 19:54:54,2026-04-28 13:37:19
Google|PK|O&D|Routes|ISB|EDI|EN|PHR,UK+IE rest,185869856362,2436413964710,isb to edi business class deals,PHRASE,ENABLED,False,,0.5,2025-08-22 19:54:53,2026-04-28 13:37:19
Google|PK|O&D|Routes|ISB|EDI|EN|PHR,UK+IE rest,185869856362,2438153007485,isb to edi business class flight tickets,PHRASE,ENABLED,False,,0.5,2025-08-22 19:54:54,2026-04-28 13:37:19
Google|PK|O&D|Routes|ISB|EDI|EN|PHR,UK+IE rest,185869856362,2440150418057,isb to edi business class flights,PHRASE,ENABLED,False,,0.5,2025-08-22 19:54:53,2026-04-28 13:37:19
Google|PK|O&D|Routes|ISB|EDI|EN|PHR,UK+IE rest,185869856362,2438334396148,isb to edi business class tickets,PHRASE,ENABLED,False,,0.5,2025-08-22 19:54:53,2026-04-28 13:37:19
Google|PK|O&D|Routes|ISB|EDI|EN|PHR,UK+IE rest,185869856122,783283196128,isb to edi deals,PHRASE,ENABLED,False,,0.5,2025-08-22 19:54:53,2026-04-28 13:37:19
Google|PK|O&D|Routes|ISB|EDI|EN|PHR,UK+IE rest,189985861328,2465865005684,isb to edi first class airfare,PHRASE,ENABLED,False,,0.5,2025-08-22 19:58:23,2026-04-28 13:37:19
Google|PK|O&D|Routes|ISB|EDI|EN|PHR,UK+IE rest,189985861328,2438153582805,isb to edi first class deals,PHRASE,ENABLED,False,,0.5,2025-08-22 19:58:24,2026-04-28 13:37:19
Google|PK|O&D|Routes|ISB|EDI|EN|PHR,UK+IE rest,189985861328,2436602931549,isb to edi first class flight tickets,PHRASE,ENABLED,False,,0.5,2025-08-22 19:58:24,2026-04-28 13:37:19
Google|PK|O&D|Routes|ISB|EDI|EN|PHR,UK+IE rest,189985861328,2438741283555,isb to edi first class flights,PHRASE,ENABLED,False,,0.5,2025-08-22 19:58:24,2026-04-28 13:37:19
Google|PK|O&D|Routes|ISB|EDI|EN|PHR,UK+IE rest,189985861328,2465864976604,isb to edi first class tickets,PHRASE,ENABLED,False,,0.5,2025-08-22 19:58:24,2026-04-28 13:37:19
Google|PK|O&D|Routes|ISB|EDI|EN|PHR,UK+IE rest,185869856122,2411381478643,isb to edi flight tickets,PHRASE,ENABLED,False,,0.5,2025-08-22 19:54:52,2026-04-28 13:37:19
Google|PK|O&D|Routes|ISB|EDI|EN|PHR,UK+IE rest,185869856122,765644612067,isb to edi flights,PHRASE,ENABLED,False,,0.5,2025-08-22 19:54:53,2026-04-28 13:37:19
Google|PK|O&D|Routes|ISB|EDI|EN|PHR,UK+IE rest,185869856122,2440150811017,isb to edi tickets,PHRASE,ENABLED,False,,0.5,2025-08-22 19:54:53,2026-04-28 13:37:19
Google|PK|O&D|Routes|ISB|LGW|EN|MOD,UK+IE rest,183062231486,2440150564497,business class flights from islamabad to london,BROAD,ENABLED,False,,0.5,2025-08-22 19:49:55,2026-04-28 13:38:01
Google|PK|O&D|Routes|ISB|LGW|EN|MOD,UK+IE rest,185954687644,2438308693858,first class flights from islamabad to london,BROAD,ENABLED,False,,0.5,2025-08-22 19:55:29,2026-04-28 13:38:01
Google|PK|O&D|Routes|ISB|LGW|EN|MOD,UK+IE rest,184210690053,315459683980,flights from islamabad to london,BROAD,ENABLED,False,6,0.5,2025-08-22 19:51:48,2026-04-28 13:38:01
Google|PK|O&D|Routes|ISB|LGW|EN|MOD,UK+IE rest,184210690053,2436096021009,islamabad to london airfare,BROAD,ENABLED,False,8,0.5,2025-08-22 19:51:48,2026-04-28 13:38:01
Google|PK|O&D|Routes|ISB|LGW|EN|MOD,UK+IE rest,183062231486,2503247915997,islamabad to london business class airfare,BROAD,ENABLED,False,,0.5,2025-08-22 19:49:55,2026-04-28 13:38:01
Google|PK|O&D|Routes|ISB|LGW|EN|MOD,UK+IE rest,183062231486,2435867446482,islamabad to london business class deals,BROAD,ENABLED,False,,0.5,2025-08-22 19:49:54,2026-04-28 13:38:01
Google|PK|O&D|Routes|ISB|LGW|EN|MOD,UK+IE rest,183062231486,2438052930145,islamabad to london business class flight tickets,BROAD,ENABLED,False,,0.5,2025-08-22 19:49:55,2026-04-28 13:38:01
Google|PK|O&D|Routes|ISB|LGW|EN|MOD,UK+IE rest,183062231486,2435171151102,islamabad to london business class flights,BROAD,ENABLED,False,,0.5,2025-08-22 19:49:55,2026-04-28 13:38:01
Google|PK|O&D|Routes|ISB|LGW|EN|MOD,UK+IE rest,183062231486,2437673263393,islamabad to london business class tickets,BROAD,ENABLED,False,,0.5,2025-08-22 19:49:55,2026-04-28 13:38:01
Google|PK|O&D|Routes|ISB|LGW|EN|MOD,UK+IE rest,184210690053,2438053592385,islamabad to london deals,BROAD,ENABLED,False,,0.5,2025-08-22 19:51:49,2026-04-28 13:38:01
Google|PK|O&D|Routes|ISB|LGW|EN|MOD,UK+IE rest,185954687644,2436095923169,islamabad to london first class airfare,BROAD,ENABLED,False,,0.5,2025-08-22 19:55:29,2026-04-28 13:38:01
Google|PK|O&D|Routes|ISB|LGW|EN|MOD,UK+IE rest,185954687644,2436095927009,islamabad to london first class deals,BROAD,ENABLED,False,,0.5,2025-08-22 19:55:29,2026-04-28 13:38:01
Google|PK|O&D|Routes|ISB|LGW|EN|MOD,UK+IE rest,185954687644,2436415225910,islamabad to london first class flight tickets,BROAD,ENABLED,False,,0.5,2025-08-22 19:55:29,2026-04-28 13:38:01
Google|PK|O&D|Routes|ISB|LGW|EN|MOD,UK+IE rest,185954687644,2436602085509,islamabad to london first class flights,BROAD,ENABLED,False,,0.5,2025-08-22 19:55:28,2026-04-28 13:38:01
Google|PK|O&D|Routes|ISB|LGW|EN|MOD,UK+IE rest,185954687644,2439065608944,islamabad to london first class tickets,BROAD,ENABLED,False,,0.5,2025-08-22 19:55:28,2026-04-28 13:38:01
Google|PK|O&D|Routes|ISB|LGW|EN|MOD,UK+IE rest,184210690053,2394741124269,islamabad to london flight tickets,BROAD,ENABLED,False,,0.5,2025-08-22 19:51:48,2026-04-28 13:38:01
Google|PK|O&D|Routes|ISB|LGW|EN|MOD,UK+IE rest,184210690053,317220712268,islamabad to london flights,BROAD,ENABLED,False,7,0.5,2025-08-22 19:51:49,2026-04-28 13:38:01
Google|PK|O&D|Routes|ISB|LGW|EN|MOD,UK+IE rest,184210690053,2294397887894,islamabad to london tickets,BROAD,ENABLED,False,8,0.5,2025-08-22 19:51:48,2026-04-28 13:38:01
Google|PK|O&D|Routes|ISB|LGW|EN|PHR,UK+IE rest,184787878056,785076060198,business class flights from isb to lgw,PHRASE,ENABLED,False,,0.5,2025-08-22 19:53:03,2026-04-28 13:38:48
Google|PK|O&D|Routes|ISB|LGW|EN|PHR,UK+IE rest,184787877976,783471025601,first class flights from isb to lgw,PHRASE,ENABLED,False,,0.5,2025-08-22 19:53:01,2026-04-28 13:38:48
Google|PK|O&D|Routes|ISB|LGW|EN|PHR,UK+IE rest,187176905711,333221985004,flights from isb to lgw,PHRASE,ENABLED,False,6,0.5,2025-08-22 19:56:57,2026-04-28 13:38:48
Google|PK|O&D|Routes|ISB|LGW|EN|PHR,UK+IE rest,187176905711,2436603061829,isb to lgw airfare,PHRASE,ENABLED,False,,0.5,2025-08-22 19:56:57,2026-04-28 13:38:48
Google|PK|O&D|Routes|ISB|LGW|EN|PHR,UK+IE rest,184787878056,2438172796316,isb to lgw business class airfare,PHRASE,ENABLED,False,,0.5,2025-08-22 19:53:02,2026-04-28 13:38:48
Google|PK|O&D|Routes|ISB|LGW|EN|PHR,UK+IE rest,184787878056,2439115015398,isb to lgw business class deals,PHRASE,ENABLED,False,,0.5,2025-08-22 19:53:01,2026-04-28 13:38:48
Google|PK|O&D|Routes|ISB|LGW|EN|PHR,UK+IE rest,184787878056,2436200808906,isb to lgw business class flight tickets,PHRASE,ENABLED,False,,0.5,2025-08-22 19:53:02,2026-04-28 13:38:48
Google|PK|O&D|Routes|ISB|LGW|EN|PHR,UK+IE rest,184787878056,2435738310646,isb to lgw business class flights,PHRASE,ENABLED,False,,0.5,2025-08-22 19:53:02,2026-04-28 13:38:48
Google|PK|O&D|Routes|ISB|LGW|EN|PHR,UK+IE rest,184787878056,2436602112149,isb to lgw business class tickets,PHRASE,ENABLED,False,,0.5,2025-08-22 19:53:02,2026-04-28 13:38:48
Google|PK|O&D|Routes|ISB|LGW|EN|PHR,UK+IE rest,187176905711,783420747283,isb to lgw deals,PHRASE,ENABLED,False,,0.5,2025-08-22 19:56:57,2026-04-28 13:38:48
Google|PK|O&D|Routes|ISB|LGW|EN|PHR,UK+IE rest,184787877976,2435287512860,isb to lgw first class airfare,PHRASE,ENABLED,False,,0.5,2025-08-22 19:53:00,2026-04-28 13:38:48
Google|PK|O&D|Routes|ISB|LGW|EN|PHR,UK+IE rest,184787877976,2436340243919,isb to lgw first class deals,PHRASE,ENABLED,False,,0.5,2025-08-22 19:53:01,2026-04-28 13:38:48
Google|PK|O&D|Routes|ISB|LGW|EN|PHR,UK+IE rest,184787877976,2438152880285,isb to lgw first class flight tickets,PHRASE,ENABLED,False,,0.5,2025-08-22 19:53:01,2026-04-28 13:38:48
Google|PK|O&D|Routes|ISB|LGW|EN|PHR,UK+IE rest,184787877976,2435287604380,isb to lgw first class flights,PHRASE,ENABLED,False,,0.5,2025-08-22 19:53:01,2026-04-28 13:38:48
Google|PK|O&D|Routes|ISB|LGW|EN|PHR,UK+IE rest,184787877976,2439065367344,isb to lgw first class tickets,PHRASE,ENABLED,False,,0.5,2025-08-22 19:53:00,2026-04-28 13:38:48
Google|PK|O&D|Routes|ISB|LGW|EN|PHR,UK+IE rest,187176905711,2411565934079,isb to lgw flight tickets,PHRASE,ENABLED,False,,0.5,2025-08-22 19:56:56,2026-04-28 13:38:48
Google|PK|O&D|Routes|ISB|LGW|EN|PHR,UK+IE rest,187176905711,771254327497,isb to lgw flights,PHRASE,ENABLED,False,6,0.5,2025-08-22 19:56:57,2026-04-28 13:38:48
Google|PK|O&D|Routes|ISB|LGW|EN|PHR,UK+IE rest,187176905711,2436416109990,isb to lgw tickets,PHRASE,ENABLED,False,,0.5,2025-08-22 19:56:57,2026-04-28 13:38:48
Google|PK|O&D|Routes|ISB|LHR|EN|MOD,UK+IE rest,184361448877,2440150564497,business class flights from islamabad to london,BROAD,ENABLED,False,,0.5,2025-08-22 19:52:15,2026-04-28 13:37:51
Google|PK|O&D|Routes|ISB|LHR|EN|MOD,UK+IE rest,184361489677,2438308693858,first class flights from islamabad to london,BROAD,ENABLED,False,,0.5,2025-08-22 19:52:47,2026-04-28 13:37:51
Google|PK|O&D|Routes|ISB|LHR|EN|MOD,UK+IE rest,185869954922,315459683980,flights from islamabad to london,BROAD,ENABLED,False,6,0.5,2025-08-22 19:55:20,2026-04-28 13:37:51
Google|PK|O&D|Routes|ISB|LHR|EN|MOD,UK+IE rest,185869954922,2436096021009,islamabad to london airfare,BROAD,ENABLED,False,8,0.5,2025-08-22 19:55:20,2026-04-28 13:37:51
Google|PK|O&D|Routes|ISB|LHR|EN|MOD,UK+IE rest,184361448877,2503247915997,islamabad to london business class airfare,BROAD,ENABLED,False,,0.5,2025-08-22 19:52:15,2026-04-28 13:37:51
Google|PK|O&D|Routes|ISB|LHR|EN|MOD,UK+IE rest,184361448877,2435867446482,islamabad to london business class deals,BROAD,ENABLED,False,,0.5,2025-08-22 19:52:15,2026-04-28 13:37:51
Google|PK|O&D|Routes|ISB|LHR|EN|MOD,UK+IE rest,184361448877,2438052930145,islamabad to london business class flight tickets,BROAD,ENABLED,False,,0.5,2025-08-22 19:52:15,2026-04-28 13:37:51
Google|PK|O&D|Routes|ISB|LHR|EN|MOD,UK+IE rest,184361448877,2435171151102,islamabad to london business class flights,BROAD,ENABLED,False,,0.5,2025-08-22 19:52:15,2026-04-28 13:37:51
Google|PK|O&D|Routes|ISB|LHR|EN|MOD,UK+IE rest,184361448877,2437673263393,islamabad to london business class tickets,BROAD,ENABLED,False,,0.5,2025-08-22 19:52:15,2026-04-28 13:37:51
Google|PK|O&D|Routes|ISB|LHR|EN|MOD,UK+IE rest,185869954922,2438053592385,islamabad to london deals,BROAD,ENABLED,False,,0.5,2025-08-22 19:55:20,2026-04-28 13:37:51
Google|PK|O&D|Routes|ISB|LHR|EN|MOD,UK+IE rest,184361489677,2436095923169,islamabad to london first class airfare,BROAD,ENABLED,False,,0.5,2025-08-22 19:52:47,2026-04-28 13:37:51
Google|PK|O&D|Routes|ISB|LHR|EN|MOD,UK+IE rest,184361489677,2436095927009,islamabad to london first class deals,BROAD,ENABLED,False,,0.5,2025-08-22 19:52:48,2026-04-28 13:37:51
Google|PK|O&D|Routes|ISB|LHR|EN|MOD,UK+IE rest,184361489677,2436415225910,islamabad to london first class flight tickets,BROAD,ENABLED,False,,0.5,2025-08-22 19:52:48,2026-04-28 13:37:51
Google|PK|O&D|Routes|ISB|LHR|EN|MOD,UK+IE rest,184361489677,2436602085509,islamabad to london first class flights,BROAD,ENABLED,False,,0.5,2025-08-22 19:52:47,2026-04-28 13:37:51
Google|PK|O&D|Routes|ISB|LHR|EN|MOD,UK+IE rest,184361489677,2439065608944,islamabad to london first class tickets,BROAD,ENABLED,False,,0.5,2025-08-22 19:52:47,2026-04-28 13:37:51
Google|PK|O&D|Routes|ISB|LHR|EN|MOD,UK+IE rest,185869954922,2394741124269,islamabad to london flight tickets,BROAD,ENABLED,False,8,0.5,2025-08-22 19:55:20,2026-04-28 13:37:51
Google|PK|O&D|Routes|ISB|LHR|EN|MOD,UK+IE rest,185869954922,317220712268,islamabad to london flights,BROAD,ENABLED,False,7,0.5,2025-08-22 19:55:20,2026-04-28 13:37:51
Google|PK|O&D|Routes|ISB|LHR|EN|MOD,UK+IE rest,185869954922,2294397887894,islamabad to london tickets,BROAD,ENABLED,False,9,0.5,2025-08-22 19:55:21,2026-04-28 13:37:51
Google|PK|O&D|Routes|ISB|LHR|EN|PHR,UK+IE rest,187898285001,782943995679,business class flights from isb to lhr,PHRASE,ENABLED,False,,0.5,2025-08-22 19:57:51,2026-04-28 13:38:33
Google|PK|O&D|Routes|ISB|LHR|EN|PHR,UK+IE rest,185869711122,783323369168,first class flights from isb to lhr,PHRASE,ENABLED,False,,0.5,2025-08-22 19:54:43,2026-04-28 13:38:33
Google|PK|O&D|Routes|ISB|LHR|EN|PHR,UK+IE rest,185780405433,305117316941,flights from isb to lhr,PHRASE,ENABLED,False,7,0.5,2025-08-22 19:54:17,2026-04-28 13:38:33
Google|PK|O&D|Routes|ISB|LHR|EN|PHR,UK+IE rest,185780405433,2439065781784,isb to lhr airfare,PHRASE,ENABLED,False,,0.5,2025-08-22 19:54:17,2026-04-28 13:38:33
Google|PK|O&D|Routes|ISB|LHR|EN|PHR,UK+IE rest,187898285001,2435768990856,isb to lhr business class airfare,PHRASE,ENABLED,False,,0.5,2025-08-22 19:57:51,2026-04-28 13:38:33
Google|PK|O&D|Routes|ISB|LHR|EN|PHR,UK+IE rest,187898285001,2439066227704,isb to lhr business class deals,PHRASE,ENABLED,False,,0.5,2025-08-22 19:57:51,2026-04-28 13:38:33
Google|PK|O&D|Routes|ISB|LHR|EN|PHR,UK+IE rest,187898285001,2436331513643,isb to lhr business class flight tickets,PHRASE,ENABLED,False,,0.5,2025-08-22 19:57:51,2026-04-28 13:38:33
Google|PK|O&D|Routes|ISB|LHR|EN|PHR,UK+IE rest,187898285001,2438334873548,isb to lhr business class flights,PHRASE,ENABLED,False,,0.5,2025-08-22 19:57:51,2026-04-28 13:38:33
Google|PK|O&D|Routes|ISB|LHR|EN|PHR,UK+IE rest,187898285001,2438740931435,isb to lhr business class tickets,PHRASE,ENABLED,False,,0.5,2025-08-22 19:57:51,2026-04-28 13:38:33
Google|PK|O&D|Routes|ISB|LHR|EN|PHR,UK+IE rest,185780405433,783323373248,isb to lhr deals,PHRASE,ENABLED,False,,0.5,2025-08-22 19:54:18,2026-04-28 13:38:33
Google|PK|O&D|Routes|ISB|LHR|EN|PHR,UK+IE rest,185869711122,2492246822807,isb to lhr first class airfare,PHRASE,ENABLED,False,,0.5,2025-08-22 19:54:43,2026-04-28 13:38:33
Google|PK|O&D|Routes|ISB|LHR|EN|PHR,UK+IE rest,185869711122,2436340129599,isb to lhr first class deals,PHRASE,ENABLED,False,,0.5,2025-08-22 19:54:44,2026-04-28 13:38:33
Google|PK|O&D|Routes|ISB|LHR|EN|PHR,UK+IE rest,185869711122,2438173900076,isb to lhr first class flight tickets,PHRASE,ENABLED,False,,0.5,2025-08-22 19:54:44,2026-04-28 13:38:33
Google|PK|O&D|Routes|ISB|LHR|EN|PHR,UK+IE rest,185869711122,2436200809666,isb to lhr first class flights,PHRASE,ENABLED,False,,0.5,2025-08-22 19:54:43,2026-04-28 13:38:33
Google|PK|O&D|Routes|ISB|LHR|EN|PHR,UK+IE rest,185869711122,2438153193565,isb to lhr first class tickets,PHRASE,ENABLED,False,,0.5,2025-08-22 19:54:44,2026-04-28 13:38:33
Google|PK|O&D|Routes|ISB|LHR|EN|PHR,UK+IE rest,185780405433,2412833139495,isb to lhr flight tickets,PHRASE,ENABLED,False,,0.5,2025-08-22 19:54:17,2026-04-28 13:38:33
Google|PK|O&D|Routes|ISB|LHR|EN|PHR,UK+IE rest,185780405433,796410851712,isb to lhr flights,PHRASE,ENABLED,False,8,0.5,2025-08-22 19:54:17,2026-04-28 13:38:33
Google|PK|O&D|Routes|ISB|LHR|EN|PHR,UK+IE rest,185780405433,2438308777858,isb to lhr tickets,PHRASE,ENABLED,False,8,0.5,2025-08-22 19:54:18,2026-04-28 13:38:33
Google|PK|O&D|Routes|ISB|MAN|EN|MOD,UK+IE rest,185954690364,2436601759629,business class flights from islamabad to manchester,BROAD,ENABLED,False,,0.5,2025-08-22 19:55:32,2026-04-28 13:38:07
Google|PK|O&D|Routes|ISB|MAN|EN|MOD,UK+IE rest,184210693093,2437130475251,first class flights from islamabad to manchester,BROAD,ENABLED,False,,0.5,2025-08-22 19:51:54,2026-04-28 13:38:07
Google|PK|O&D|Routes|ISB|MAN|EN|MOD,UK+IE rest,183036175814,317374106841,flights from islamabad to manchester,BROAD,ENABLED,False,6,0.5,2025-08-22 19:49:11,2026-04-28 13:38:07
Google|PK|O&D|Routes|ISB|MAN|EN|MOD,UK+IE rest,183036175814,2440150799457,islamabad to manchester airfare,BROAD,ENABLED,False,,0.5,2025-08-22 19:49:11,2026-04-28 13:38:07
Google|PK|O&D|Routes|ISB|MAN|EN|MOD,UK+IE rest,185954690364,2438513561240,islamabad to manchester business class airfare,BROAD,ENABLED,False,,0.5,2025-08-22 19:55:31,2026-04-28 13:38:07
Google|PK|O&D|Routes|ISB|MAN|EN|MOD,UK+IE rest,185954690364,2436602894869,islamabad to manchester business class deals,BROAD,ENABLED,False,,0.5,2025-08-22 19:55:32,2026-04-28 13:38:07
Google|PK|O&D|Routes|ISB|MAN|EN|MOD,UK+IE rest,185954690364,2440151162537,islamabad to manchester business class flight tickets,BROAD,ENABLED,False,,0.5,2025-08-22 19:55:31,2026-04-28 13:38:07
Google|PK|O&D|Routes|ISB|MAN|EN|MOD,UK+IE rest,185954690364,2438513558280,islamabad to manchester business class flights,BROAD,ENABLED,False,,0.5,2025-08-22 19:55:31,2026-04-28 13:38:07
Google|PK|O&D|Routes|ISB|MAN|EN|MOD,UK+IE rest,185954690364,2436602871509,islamabad to manchester business class tickets,BROAD,ENABLED,False,,0.5,2025-08-22 19:55:31,2026-04-28 13:38:07
Google|PK|O&D|Routes|ISB|MAN|EN|MOD,UK+IE rest,183036175814,2437726817175,islamabad to manchester deals,BROAD,ENABLED,False,,0.5,2025-08-22 19:49:12,2026-04-28 13:38:07
Google|PK|O&D|Routes|ISB|MAN|EN|MOD,UK+IE rest,184210693093,2437673202913,islamabad to manchester first class airfare,BROAD,ENABLED,False,,0.5,2025-08-22 19:51:54,2026-04-28 13:38:07
Google|PK|O&D|Routes|ISB|MAN|EN|MOD,UK+IE rest,184210693093,2435287663660,islamabad to manchester first class deals,BROAD,ENABLED,False,,0.5,2025-08-22 19:51:54,2026-04-28 13:38:07
Google|PK|O&D|Routes|ISB|MAN|EN|MOD,UK+IE rest,184210693093,2435287671020,islamabad to manchester first class flight tickets,BROAD,ENABLED,False,,0.5,2025-08-22 19:51:54,2026-04-28 13:38:07
Google|PK|O&D|Routes|ISB|MAN|EN|MOD,UK+IE rest,184210693093,2437924649023,islamabad to manchester first class flights,BROAD,ENABLED,False,,0.5,2025-08-22 19:51:54,2026-04-28 13:38:07
Google|PK|O&D|Routes|ISB|MAN|EN|MOD,UK+IE rest,184210693093,2437673555033,islamabad to manchester first class tickets,BROAD,ENABLED,False,,0.5,2025-08-22 19:51:55,2026-04-28 13:38:07
Google|PK|O&D|Routes|ISB|MAN|EN|MOD,UK+IE rest,183036175814,2396678785424,islamabad to manchester flight tickets,BROAD,ENABLED,False,9,0.5,2025-08-22 19:49:12,2026-04-28 13:38:07
Google|PK|O&D|Routes|ISB|MAN|EN|MOD,UK+IE rest,183036175814,571835104050,islamabad to manchester flights,BROAD,ENABLED,False,9,0.5,2025-08-22 19:49:11,2026-04-28 13:38:07
Google|PK|O&D|Routes|ISB|MAN|EN|MOD,UK+IE rest,183036175814,414641504818,islamabad to manchester tickets,BROAD,ENABLED,False,9,0.5,2025-08-22 19:49:12,2026-04-28 13:38:07
Google|PK|O&D|Routes|ISB|MAN|EN|PHR,UK+IE rest,185954690284,781612707827,business class flights from isb to man,PHRASE,ENABLED,False,,0.5,2025-08-22 19:55:31,2026-04-28 13:38:59
Google|PK|O&D|Routes|ISB|MAN|EN|PHR,UK+IE rest,185954533164,784356159965,first class flights from isb to man,PHRASE,ENABLED,False,,0.5,2025-08-22 19:55:24,2026-04-28 13:38:59
Google|PK|O&D|Routes|ISB|MAN|EN|PHR,UK+IE rest,189985887008,304798250825,flights from isb to man,PHRASE,ENABLED,False,8,0.5,2025-08-22 19:58:40,2026-04-28 13:38:59
Google|PK|O&D|Routes|ISB|MAN|EN|PHR,UK+IE rest,189985887008,2439065023624,isb to man airfare,PHRASE,ENABLED,False,,0.5,2025-08-22 19:58:39,2026-04-28 13:38:59
Google|PK|O&D|Routes|ISB|MAN|EN|PHR,UK+IE rest,185954690284,2503248362157,isb to man business class airfare,PHRASE,ENABLED,False,,0.5,2025-08-22 19:55:31,2026-04-28 13:38:59
Google|PK|O&D|Routes|ISB|MAN|EN|PHR,UK+IE rest,185954690284,2460412508154,isb to man business class deals,PHRASE,ENABLED,False,,0.5,2025-08-22 19:55:31,2026-04-28 13:38:59
Google|PK|O&D|Routes|ISB|MAN|EN|PHR,UK+IE rest,185954690284,2438054609025,isb to man business class flight tickets,PHRASE,ENABLED,False,,0.5,2025-08-22 19:55:31,2026-04-28 13:38:59
Google|PK|O&D|Routes|ISB|MAN|EN|PHR,UK+IE rest,185954690284,2440151118897,isb to man business class flights,PHRASE,ENABLED,False,,0.5,2025-08-22 19:55:31,2026-04-28 13:38:59
Google|PK|O&D|Routes|ISB|MAN|EN|PHR,UK+IE rest,185954690284,2438174145276,isb to man business class tickets,PHRASE,ENABLED,False,,0.5,2025-08-22 19:55:31,2026-04-28 13:38:59
Google|PK|O&D|Routes|ISB|MAN|EN|PHR,UK+IE rest,189985887008,784792091948,isb to man deals,PHRASE,ENABLED,False,,0.5,2025-08-22 19:58:39,2026-04-28 13:38:59
Google|PK|O&D|Routes|ISB|MAN|EN|PHR,UK+IE rest,185954533164,2440151255697,isb to man first class airfare,PHRASE,ENABLED,False,,0.5,2025-08-22 19:55:24,2026-04-28 13:38:59
Google|PK|O&D|Routes|ISB|MAN|EN|PHR,UK+IE rest,185954533164,2435737228726,isb to man first class deals,PHRASE,ENABLED,False,,0.5,2025-08-22 19:55:25,2026-04-28 13:38:59
Google|PK|O&D|Routes|ISB|MAN|EN|PHR,UK+IE rest,185954533164,2492247197167,isb to man first class flight tickets,PHRASE,ENABLED,False,,0.5,2025-08-22 19:55:24,2026-04-28 13:38:59
Google|PK|O&D|Routes|ISB|MAN|EN|PHR,UK+IE rest,185954533164,2437674065513,isb to man first class flights,PHRASE,ENABLED,False,,0.5,2025-08-22 19:55:24,2026-04-28 13:38:59
Google|PK|O&D|Routes|ISB|MAN|EN|PHR,UK+IE rest,185954533164,2492247722567,isb to man first class tickets,PHRASE,ENABLED,False,,0.5,2025-08-22 19:55:25,2026-04-28 13:38:59
Google|PK|O&D|Routes|ISB|MAN|EN|PHR,UK+IE rest,189985887008,2411799252201,isb to man flight tickets,PHRASE,ENABLED,False,,0.5,2025-08-22 19:58:39,2026-04-28 13:38:59
Google|PK|O&D|Routes|ISB|MAN|EN|PHR,UK+IE rest,189985887008,767272175248,isb to man flights,PHRASE,ENABLED,False,8,0.5,2025-08-22 19:58:39,2026-04-28 13:38:59
Google|PK|O&D|Routes|ISB|MAN|EN|PHR,UK+IE rest,189985887008,2436105755187,isb to man tickets,PHRASE,ENABLED,False,,0.5,2025-08-22 19:58:40,2026-04-28 13:38:59
Google|PK|O&D|Routes|KHI|BHX|EN|MOD,UK+IE rest,184361433357,2436331103723,business class flights from karachi to birmingham,BROAD,ENABLED,False,,0.5,2025-08-22 19:52:05,2026-04-28 13:36:15
Google|PK|O&D|Routes|KHI|BHX|EN|MOD,UK+IE rest,184210631013,2439059802631,first class flights from karachi to birmingham,BROAD,ENABLED,False,,0.5,2025-08-22 19:51:34,2026-04-28 13:36:15
Google|PK|O&D|Routes|KHI|BHX|EN|MOD,UK+IE rest,183036168854,743929196623,flights from karachi to birmingham,BROAD,ENABLED,False,9,0.5,2025-08-22 19:49:06,2026-04-28 13:36:15
Google|PK|O&D|Routes|KHI|BHX|EN|MOD,UK+IE rest,183036168854,2437726850855,karachi to birmingham airfare,BROAD,ENABLED,False,,0.5,2025-08-22 19:49:06,2026-04-28 13:36:15
Google|PK|O&D|Routes|KHI|BHX|EN|MOD,UK+IE rest,184361433357,2439065325344,karachi to birmingham business class airfare,BROAD,ENABLED,False,,0.5,2025-08-22 19:52:05,2026-04-28 13:36:15
Google|PK|O&D|Routes|KHI|BHX|EN|MOD,UK+IE rest,184361433357,2441651377172,karachi to birmingham business class deals,BROAD,ENABLED,False,,0.5,2025-08-22 19:52:06,2026-04-28 13:36:15
Google|PK|O&D|Routes|KHI|BHX|EN|MOD,UK+IE rest,184361433357,2440150306937,karachi to birmingham business class flight tickets,BROAD,ENABLED,False,,0.5,2025-08-22 19:52:05,2026-04-28 13:36:15
Google|PK|O&D|Routes|KHI|BHX|EN|MOD,UK+IE rest,184361433357,2438055113505,karachi to birmingham business class flights,BROAD,ENABLED,False,,0.5,2025-08-22 19:52:05,2026-04-28 13:36:15
Google|PK|O&D|Routes|KHI|BHX|EN|MOD,UK+IE rest,184361433357,2437924614943,karachi to birmingham business class tickets,BROAD,ENABLED,False,,0.5,2025-08-22 19:52:06,2026-04-28 13:36:15
Google|PK|O&D|Routes|KHI|BHX|EN|MOD,UK+IE rest,183036168854,2439115347278,karachi to birmingham deals,BROAD,ENABLED,False,,0.5,2025-08-22 19:49:06,2026-04-28 13:36:15
Google|PK|O&D|Routes|KHI|BHX|EN|MOD,UK+IE rest,184210631013,2435170958062,karachi to birmingham first class airfare,BROAD,ENABLED,False,,0.5,2025-08-22 19:51:33,2026-04-28 13:36:15
Google|PK|O&D|Routes|KHI|BHX|EN|MOD,UK+IE rest,184210631013,2436095904449,karachi to birmingham first class deals,BROAD,ENABLED,False,,0.5,2025-08-22 19:51:34,2026-04-28 13:36:15
Google|PK|O&D|Routes|KHI|BHX|EN|MOD,UK+IE rest,184210631013,2437673019513,karachi to birmingham first class flight tickets,BROAD,ENABLED,False,,0.5,2025-08-22 19:51:33,2026-04-28 13:36:15
Google|PK|O&D|Routes|KHI|BHX|EN|MOD,UK+IE rest,184210631013,2438333802668,karachi to birmingham first class flights,BROAD,ENABLED,False,,0.5,2025-08-22 19:51:34,2026-04-28 13:36:15
Google|PK|O&D|Routes|KHI|BHX|EN|MOD,UK+IE rest,184210631013,2629954640352,karachi to birmingham first class tickets,BROAD,ENABLED,False,,0.5,2025-08-22 19:51:33,2026-04-28 13:36:15
Google|PK|O&D|Routes|KHI|BHX|EN|MOD,UK+IE rest,183036168854,2395055387931,karachi to birmingham flight tickets,BROAD,ENABLED,False,,0.5,2025-08-22 19:49:06,2026-04-28 13:36:15
Google|PK|O&D|Routes|KHI|BHX|EN|MOD,UK+IE rest,183036168854,841486237889,karachi to birmingham flights,BROAD,ENABLED,False,8,0.5,2025-08-22 19:49:05,2026-04-28 13:36:15
Google|PK|O&D|Routes|KHI|BHX|EN|MOD,UK+IE rest,183036168854,2629955031552,karachi to birmingham tickets,BROAD,ENABLED,False,,0.5,2025-08-22 19:49:06,2026-04-28 13:36:15
Google|PK|O&D|Routes|KHI|BHX|EN|PHR,UK+IE rest,185869712282,806611947274,business class flights from khi to bhx,PHRASE,ENABLED,False,,0.5,2025-08-22 19:54:45,2026-04-28 13:38:43
Google|PK|O&D|Routes|KHI|BHX|EN|PHR,UK+IE rest,188027086967,783834812090,first class flights from khi to bhx,PHRASE,ENABLED,False,,0.5,2025-08-22 19:58:03,2026-04-28 13:38:43
Google|PK|O&D|Routes|KHI|BHX|EN|PHR,UK+IE rest,185194383758,303674853971,flights from khi to bhx,PHRASE,ENABLED,False,7,0.5,2025-08-22 19:53:52,2026-04-28 13:38:43
Google|PK|O&D|Routes|KHI|BHX|EN|PHR,UK+IE rest,185194383758,2439065849504,khi to bhx airfare,PHRASE,ENABLED,False,,0.5,2025-08-22 19:53:52,2026-04-28 13:38:43
Google|PK|O&D|Routes|KHI|BHX|EN|PHR,UK+IE rest,185869712282,2438740373435,khi to bhx business class airfare,PHRASE,ENABLED,False,,0.5,2025-08-22 19:54:45,2026-04-28 13:38:43
Google|PK|O&D|Routes|KHI|BHX|EN|PHR,UK+IE rest,185869712282,2438173481476,khi to bhx business class deals,PHRASE,ENABLED,False,,0.5,2025-08-22 19:54:46,2026-04-28 13:38:43
Google|PK|O&D|Routes|KHI|BHX|EN|PHR,UK+IE rest,185869712282,2438740372075,khi to bhx business class flight tickets,PHRASE,ENABLED,False,,0.5,2025-08-22 19:54:45,2026-04-28 13:38:43
Google|PK|O&D|Routes|KHI|BHX|EN|PHR,UK+IE rest,185869712282,2435287540220,khi to bhx business class flights,PHRASE,ENABLED,False,,0.5,2025-08-22 19:54:45,2026-04-28 13:38:43
Google|PK|O&D|Routes|KHI|BHX|EN|PHR,UK+IE rest,185869712282,2436096225009,khi to bhx business class tickets,PHRASE,ENABLED,False,,0.5,2025-08-22 19:54:46,2026-04-28 13:38:43
Google|PK|O&D|Routes|KHI|BHX|EN|PHR,UK+IE rest,185194383758,812434834244,khi to bhx deals,PHRASE,ENABLED,False,,0.5,2025-08-22 19:53:52,2026-04-28 13:38:43
Google|PK|O&D|Routes|KHI|BHX|EN|PHR,UK+IE rest,188027086967,2438172679436,khi to bhx first class airfare,PHRASE,ENABLED,False,,0.5,2025-08-22 19:58:03,2026-04-28 13:38:43
Google|PK|O&D|Routes|KHI|BHX|EN|PHR,UK+IE rest,188027086967,2492246784367,khi to bhx first class deals,PHRASE,ENABLED,False,,0.5,2025-08-22 19:58:04,2026-04-28 13:38:43
Google|PK|O&D|Routes|KHI|BHX|EN|PHR,UK+IE rest,188027086967,2438055381785,khi to bhx first class flight tickets,PHRASE,ENABLED,False,,0.5,2025-08-22 19:58:04,2026-04-28 13:38:43
Google|PK|O&D|Routes|KHI|BHX|EN|PHR,UK+IE rest,188027086967,2436331797243,khi to bhx first class flights,PHRASE,ENABLED,False,,0.5,2025-08-22 19:58:04,2026-04-28 13:38:43
Google|PK|O&D|Routes|KHI|BHX|EN|PHR,UK+IE rest,188027086967,2438153329885,khi to bhx first class tickets,PHRASE,ENABLED,False,,0.5,2025-08-22 19:58:04,2026-04-28 13:38:43
Google|PK|O&D|Routes|KHI|BHX|EN|PHR,UK+IE rest,185194383758,2411874754934,khi to bhx flight tickets,PHRASE,ENABLED,False,,0.5,2025-08-22 19:53:51,2026-04-28 13:38:43
Google|PK|O&D|Routes|KHI|BHX|EN|PHR,UK+IE rest,185194383758,767426746961,khi to bhx flights,PHRASE,ENABLED,False,10,0.5,2025-08-22 19:53:52,2026-04-28 13:38:43
Google|PK|O&D|Routes|KHI|BHX|EN|PHR,UK+IE rest,185194383758,2438153156125,khi to bhx tickets,PHRASE,ENABLED,False,,0.5,2025-08-22 19:53:52,2026-04-28 13:38:43
Google|PK|O&D|Routes|KHI|DUB|EN|MOD,UK+IE rest,184210677293,2438308620418,business class flights from karachi to dublin,BROAD,ENABLED,False,,0.5,2025-08-22 19:51:39,2026-04-28 13:36:20
Google|PK|O&D|Routes|KHI|DUB|EN|MOD,UK+IE rest,186816993520,2438054567185,first class flights from karachi to dublin,BROAD,ENABLED,False,,0.5,2025-08-22 19:55:54,2026-04-28 13:36:20
Google|PK|O&D|Routes|KHI|DUB|EN|MOD,UK+IE rest,187898102521,741584688659,flights from karachi to dublin,BROAD,ENABLED,False,8,0.5,2025-08-22 19:57:01,2026-04-28 13:36:20
Google|PK|O&D|Routes|KHI|DUB|EN|MOD,UK+IE rest,187898102521,2436603713029,karachi to dublin airfare,BROAD,ENABLED,False,,0.5,2025-08-22 19:57:01,2026-04-28 13:36:20
Google|PK|O&D|Routes|KHI|DUB|EN|MOD,UK+IE rest,184210677293,2436602375029,karachi to dublin business class airfare,BROAD,ENABLED,False,,0.5,2025-08-22 19:51:38,2026-04-28 13:36:20
Google|PK|O&D|Routes|KHI|DUB|EN|MOD,UK+IE rest,184210677293,2439065032224,karachi to dublin business class deals,BROAD,ENABLED,False,,0.5,2025-08-22 19:51:39,2026-04-28 13:36:20
Google|PK|O&D|Routes|KHI|DUB|EN|MOD,UK+IE rest,184210677293,2436602378149,karachi to dublin business class flight tickets,BROAD,ENABLED,False,,0.5,2025-08-22 19:51:39,2026-04-28 13:36:20
Google|PK|O&D|Routes|KHI|DUB|EN|MOD,UK+IE rest,184210677293,2629955348552,karachi to dublin business class flights,BROAD,ENABLED,False,,0.5,2025-08-22 19:51:39,2026-04-28 13:36:20
Google|PK|O&D|Routes|KHI|DUB|EN|MOD,UK+IE rest,184210677293,2437726734375,karachi to dublin business class tickets,BROAD,ENABLED,False,,0.5,2025-08-22 19:51:38,2026-04-28 13:36:20
Google|PK|O&D|Routes|KHI|DUB|EN|MOD,UK+IE rest,187898102521,2437727021735,karachi to dublin deals,BROAD,ENABLED,False,,0.5,2025-08-22 19:57:01,2026-04-28 13:36:20
Google|PK|O&D|Routes|KHI|DUB|EN|MOD,UK+IE rest,186816993520,2435171662302,karachi to dublin first class airfare,BROAD,ENABLED,False,,0.5,2025-08-22 19:55:54,2026-04-28 13:36:20
Google|PK|O&D|Routes|KHI|DUB|EN|MOD,UK+IE rest,186816993520,2438174296476,karachi to dublin first class deals,BROAD,ENABLED,False,,0.5,2025-08-22 19:55:55,2026-04-28 13:36:20
Google|PK|O&D|Routes|KHI|DUB|EN|MOD,UK+IE rest,186816993520,2435171707582,karachi to dublin first class flight tickets,BROAD,ENABLED,False,,0.5,2025-08-22 19:55:54,2026-04-28 13:36:20
Google|PK|O&D|Routes|KHI|DUB|EN|MOD,UK+IE rest,186816993520,2436096475849,karachi to dublin first class flights,BROAD,ENABLED,False,,0.5,2025-08-22 19:55:54,2026-04-28 13:36:20
Google|PK|O&D|Routes|KHI|DUB|EN|MOD,UK+IE rest,186816993520,2436105792947,karachi to dublin first class tickets,BROAD,ENABLED,False,,0.5,2025-08-22 19:55:54,2026-04-28 13:36:20
Google|PK|O&D|Routes|KHI|DUB|EN|MOD,UK+IE rest,187898102521,2587622075912,karachi to dublin flight tickets,BROAD,ENABLED,False,,0.5,2025-08-22 19:57:01,2026-04-28 13:36:20
Google|PK|O&D|Routes|KHI|DUB|EN|MOD,UK+IE rest,187898102521,348794533353,karachi to dublin flights,BROAD,ENABLED,False,9,0.5,2025-08-22 19:57:01,2026-04-28 13:36:20
Google|PK|O&D|Routes|KHI|DUB|EN|MOD,UK+IE rest,187898102521,2438309005858,karachi to dublin tickets,BROAD,ENABLED,False,8,0.5,2025-08-22 19:57:01,2026-04-28 13:36:20
Google|PK|O&D|Routes|KHI|DUB|EN|PHR,UK+IE rest,183955666523,784621930983,business class flights from khi to dub,PHRASE,ENABLED,False,,0.5,2025-08-22 19:50:53,2026-04-28 13:37:28
Google|PK|O&D|Routes|KHI|DUB|EN|PHR,UK+IE rest,186817010520,782587392642,first class flights from khi to dub,PHRASE,ENABLED,False,,0.5,2025-08-22 19:56:01,2026-04-28 13:37:28
Google|PK|O&D|Routes|KHI|DUB|EN|PHR,UK+IE rest,187898147161,302336166620,flights from khi to dub,PHRASE,ENABLED,False,,0.5,2025-08-22 19:57:22,2026-04-28 13:37:28
Google|PK|O&D|Routes|KHI|DUB|EN|PHR,UK+IE rest,187898147161,2435287822020,khi to dub airfare,PHRASE,ENABLED,False,,0.5,2025-08-22 19:57:23,2026-04-28 13:37:28
Google|PK|O&D|Routes|KHI|DUB|EN|PHR,UK+IE rest,183955666523,2437726604095,khi to dub business class airfare,PHRASE,ENABLED,False,,0.5,2025-08-22 19:50:53,2026-04-28 13:37:28
Google|PK|O&D|Routes|KHI|DUB|EN|PHR,UK+IE rest,183955666523,2437673113113,khi to dub business class deals,PHRASE,ENABLED,False,,0.5,2025-08-22 19:50:53,2026-04-28 13:37:28
Google|PK|O&D|Routes|KHI|DUB|EN|PHR,UK+IE rest,183955666523,2437726603175,khi to dub business class flight tickets,PHRASE,ENABLED,False,,0.5,2025-08-22 19:50:53,2026-04-28 13:37:28
Google|PK|O&D|Routes|KHI|DUB|EN|PHR,UK+IE rest,183955666523,2439114973918,khi to dub business class flights,PHRASE,ENABLED,False,,0.5,2025-08-22 19:50:52,2026-04-28 13:37:28
Google|PK|O&D|Routes|KHI|DUB|EN|PHR,UK+IE rest,183955666523,2436601141349,khi to dub business class tickets,PHRASE,ENABLED,False,,0.5,2025-08-22 19:50:53,2026-04-28 13:37:28
Google|PK|O&D|Routes|KHI|DUB|EN|PHR,UK+IE rest,187898147161,782435148466,khi to dub deals,PHRASE,ENABLED,False,,0.5,2025-08-22 19:57:22,2026-04-28 13:37:28
Google|PK|O&D|Routes|KHI|DUB|EN|PHR,UK+IE rest,186817010520,2436096458609,khi to dub first class airfare,PHRASE,ENABLED,False,,0.5,2025-08-22 19:56:02,2026-04-28 13:37:28
Google|PK|O&D|Routes|KHI|DUB|EN|PHR,UK+IE rest,186817010520,2436602820709,khi to dub first class deals,PHRASE,ENABLED,False,,0.5,2025-08-22 19:56:02,2026-04-28 13:37:28
Google|PK|O&D|Routes|KHI|DUB|EN|PHR,UK+IE rest,186817010520,2437130942291,khi to dub first class flight tickets,PHRASE,ENABLED,False,,0.5,2025-08-22 19:56:02,2026-04-28 13:37:28
Google|PK|O&D|Routes|KHI|DUB|EN|PHR,UK+IE rest,186817010520,2435288005420,khi to dub first class flights,PHRASE,ENABLED,False,,0.5,2025-08-22 19:56:02,2026-04-28 13:37:28
Google|PK|O&D|Routes|KHI|DUB|EN|PHR,UK+IE rest,186817010520,2438055299185,khi to dub first class tickets,PHRASE,ENABLED,False,,0.5,2025-08-22 19:56:02,2026-04-28 13:37:28
Google|PK|O&D|Routes|KHI|DUB|EN|PHR,UK+IE rest,187898147161,2410348801622,khi to dub flight tickets,PHRASE,ENABLED,False,,0.5,2025-08-22 19:57:22,2026-04-28 13:37:28
Google|PK|O&D|Routes|KHI|DUB|EN|PHR,UK+IE rest,187898147161,765993384382,khi to dub flights,PHRASE,ENABLED,False,,0.5,2025-08-22 19:57:23,2026-04-28 13:37:28
Google|PK|O&D|Routes|KHI|DUB|EN|PHR,UK+IE rest,187898147161,2503248369797,khi to dub tickets,PHRASE,ENABLED,False,,0.5,2025-08-22 19:57:22,2026-04-28 13:37:28
Google|PK|O&D|Routes|KHI|EDI|EN|MOD,UK+IE rest,185869951162,2492247532447,business class flights from karachi to edinburgh,BROAD,ENABLED,False,,0.5,2025-08-22 19:55:15,2026-04-28 13:36:56
Google|PK|O&D|Routes|KHI|EDI|EN|MOD,UK+IE rest,187898156761,2436096313089,first class flights from karachi to edinburgh,BROAD,ENABLED,False,,0.5,2025-08-22 19:57:30,2026-04-28 13:36:56
Google|PK|O&D|Routes|KHI|EDI|EN|MOD,UK+IE rest,185869951082,840935762871,flights from karachi to edinburgh,BROAD,ENABLED,False,8,0.5,2025-08-22 19:55:16,2026-04-28 13:36:56
Google|PK|O&D|Routes|KHI|EDI|EN|MOD,UK+IE rest,185869951082,2436415821310,karachi to edinburgh airfare,BROAD,ENABLED,False,,0.5,2025-08-22 19:55:16,2026-04-28 13:36:56
Google|PK|O&D|Routes|KHI|EDI|EN|MOD,UK+IE rest,185869951162,2437924420063,karachi to edinburgh business class airfare,BROAD,ENABLED,False,,0.5,2025-08-22 19:55:15,2026-04-28 13:36:56
Google|PK|O&D|Routes|KHI|EDI|EN|MOD,UK+IE rest,185869951162,2435287861420,karachi to edinburgh business class deals,BROAD,ENABLED,False,,0.5,2025-08-22 19:55:15,2026-04-28 13:36:56
Google|PK|O&D|Routes|KHI|EDI|EN|MOD,UK+IE rest,185869951162,2435768362456,karachi to edinburgh business class flight tickets,BROAD,ENABLED,False,,0.5,2025-08-22 19:55:15,2026-04-28 13:36:56
Google|PK|O&D|Routes|KHI|EDI|EN|MOD,UK+IE rest,185869951162,2436416087710,karachi to edinburgh business class flights,BROAD,ENABLED,False,,0.5,2025-08-22 19:55:16,2026-04-28 13:36:56
Google|PK|O&D|Routes|KHI|EDI|EN|MOD,UK+IE rest,185869951162,2438174365916,karachi to edinburgh business class tickets,BROAD,ENABLED,False,,0.5,2025-08-22 19:55:15,2026-04-28 13:36:56
Google|PK|O&D|Routes|KHI|EDI|EN|MOD,UK+IE rest,185869951082,2438309341658,karachi to edinburgh deals,BROAD,ENABLED,False,,0.5,2025-08-22 19:55:16,2026-04-28 13:36:56
Google|PK|O&D|Routes|KHI|EDI|EN|MOD,UK+IE rest,187898156761,2438740530195,karachi to edinburgh first class airfare,BROAD,ENABLED,False,,0.5,2025-08-22 19:57:30,2026-04-28 13:36:56
Google|PK|O&D|Routes|KHI|EDI|EN|MOD,UK+IE rest,187898156761,2440150522017,karachi to edinburgh first class deals,BROAD,ENABLED,False,,0.5,2025-08-22 19:57:30,2026-04-28 13:36:56
Google|PK|O&D|Routes|KHI|EDI|EN|MOD,UK+IE rest,187898156761,2439065981504,karachi to edinburgh first class flight tickets,BROAD,ENABLED,False,,0.5,2025-08-22 19:57:30,2026-04-28 13:36:56
Google|PK|O&D|Routes|KHI|EDI|EN|MOD,UK+IE rest,187898156761,2438741086795,karachi to edinburgh first class flights,BROAD,ENABLED,False,,0.5,2025-08-22 19:57:30,2026-04-28 13:36:56
Google|PK|O&D|Routes|KHI|EDI|EN|MOD,UK+IE rest,187898156761,2439065985344,karachi to edinburgh first class tickets,BROAD,ENABLED,False,,0.5,2025-08-22 19:57:30,2026-04-28 13:36:56
Google|PK|O&D|Routes|KHI|EDI|EN|MOD,UK+IE rest,185869951082,2393862510427,karachi to edinburgh flight tickets,BROAD,ENABLED,False,,0.5,2025-08-22 19:55:16,2026-04-28 13:36:56
Google|PK|O&D|Routes|KHI|EDI|EN|MOD,UK+IE rest,185869951082,1307162944474,karachi to edinburgh flights,BROAD,ENABLED,False,10,0.5,2025-08-22 19:55:16,2026-04-28 13:36:56
Google|PK|O&D|Routes|KHI|EDI|EN|MOD,UK+IE rest,185869951082,2436416087430,karachi to edinburgh tickets,BROAD,ENABLED,False,,0.5,2025-08-22 19:55:15,2026-04-28 13:36:56
Google|PK|O&D|Routes|KHI|EDI|EN|PHR,UK+IE rest,186817093160,787386297972,business class flights from khi to edi,PHRASE,ENABLED,False,,0.5,2025-08-22 19:56:26,2026-04-28 13:39:11
Google|PK|O&D|Routes|KHI|EDI|EN|PHR,UK+IE rest,187176900391,975320423472,first class flights from khi to edi,PHRASE,ENABLED,False,,0.5,2025-08-22 19:56:50,2026-04-28 13:39:11
Google|PK|O&D|Routes|KHI|EDI|EN|PHR,UK+IE rest,183969651029,327397119594,flights from khi to edi,PHRASE,ENABLED,False,9,0.5,2025-08-22 19:51:21,2026-04-28 13:39:11
Google|PK|O&D|Routes|KHI|EDI|EN|PHR,UK+IE rest,183969651029,2436415181910,khi to edi airfare,PHRASE,ENABLED,False,,0.5,2025-08-22 19:51:21,2026-04-28 13:39:11
Google|PK|O&D|Routes|KHI|EDI|EN|PHR,UK+IE rest,186817093160,2435287962460,khi to edi business class airfare,PHRASE,ENABLED,False,,0.5,2025-08-22 19:56:26,2026-04-28 13:39:11
Google|PK|O&D|Routes|KHI|EDI|EN|PHR,UK+IE rest,186817093160,2436104545587,khi to edi business class deals,PHRASE,ENABLED,False,,0.5,2025-08-22 19:56:25,2026-04-28 13:39:11
Google|PK|O&D|Routes|KHI|EDI|EN|PHR,UK+IE rest,186817093160,2436413894830,khi to edi business class flight tickets,PHRASE,ENABLED,False,,0.5,2025-08-22 19:56:25,2026-04-28 13:39:11
Google|PK|O&D|Routes|KHI|EDI|EN|PHR,UK+IE rest,186817093160,2436340226319,khi to edi business class flights,PHRASE,ENABLED,False,,0.5,2025-08-22 19:56:25,2026-04-28 13:39:11
Google|PK|O&D|Routes|KHI|EDI|EN|PHR,UK+IE rest,186817093160,2437130902971,khi to edi business class tickets,PHRASE,ENABLED,False,,0.5,2025-08-22 19:56:26,2026-04-28 13:39:11
Google|PK|O&D|Routes|KHI|EDI|EN|PHR,UK+IE rest,183969651029,784354899805,khi to edi deals,PHRASE,ENABLED,False,,0.5,2025-08-22 19:51:21,2026-04-28 13:39:11
Google|PK|O&D|Routes|KHI|EDI|EN|PHR,UK+IE rest,187176900391,2465865221404,khi to edi first class airfare,PHRASE,ENABLED,False,,0.5,2025-08-22 19:56:49,2026-04-28 13:39:11
Google|PK|O&D|Routes|KHI|EDI|EN|PHR,UK+IE rest,187176900391,2436601633189,khi to edi first class deals,PHRASE,ENABLED,False,,0.5,2025-08-22 19:56:49,2026-04-28 13:39:11
Google|PK|O&D|Routes|KHI|EDI|EN|PHR,UK+IE rest,187176900391,2465865219084,khi to edi first class flight tickets,PHRASE,ENABLED,False,,0.5,2025-08-22 19:56:49,2026-04-28 13:39:11
Google|PK|O&D|Routes|KHI|EDI|EN|PHR,UK+IE rest,187176900391,2465865221684,khi to edi first class flights,PHRASE,ENABLED,False,,0.5,2025-08-22 19:56:49,2026-04-28 13:39:11
Google|PK|O&D|Routes|KHI|EDI|EN|PHR,UK+IE rest,187176900391,2465865224284,khi to edi first class tickets,PHRASE,ENABLED,False,,0.5,2025-08-22 19:56:49,2026-04-28 13:39:11
Google|PK|O&D|Routes|KHI|EDI|EN|PHR,UK+IE rest,183969651029,2413222486725,khi to edi flight tickets,PHRASE,ENABLED,False,,0.5,2025-08-22 19:51:21,2026-04-28 13:39:11
Google|PK|O&D|Routes|KHI|EDI|EN|PHR,UK+IE rest,183969651029,766640016409,khi to edi flights,PHRASE,ENABLED,False,10,0.5,2025-08-22 19:51:21,2026-04-28 13:39:11
Google|PK|O&D|Routes|KHI|EDI|EN|PHR,UK+IE rest,183969651029,2436095940129,khi to edi tickets,PHRASE,ENABLED,False,,0.5,2025-08-22 19:51:21,2026-04-28 13:39:11
Google|PK|O&D|Routes|KHI|LGW|EN|MOD,UK+IE rest,183062256206,2438172715396,business class flights from karachi to london,BROAD,ENABLED,False,,0.5,2025-08-22 19:50:15,2026-04-28 13:39:32
Google|PK|O&D|Routes|KHI|LGW|EN|MOD,UK+IE rest,184787875336,2436096210369,first class flights from karachi to london,BROAD,ENABLED,False,,0.5,2025-08-22 19:53:00,2026-04-28 13:39:32
Google|PK|O&D|Routes|KHI|LGW|EN|MOD,UK+IE rest,185194383318,372666778997,flights from karachi to london,BROAD,ENABLED,False,6,0.5,2025-08-22 19:53:50,2026-04-28 13:39:32
Google|PK|O&D|Routes|KHI|LGW|EN|MOD,UK+IE rest,185194383318,322813775736,karachi to london airfare,BROAD,ENABLED,False,9,0.5,2025-08-22 19:53:50,2026-04-28 13:39:32
Google|PK|O&D|Routes|KHI|LGW|EN|MOD,UK+IE rest,183062256206,2435737294766,karachi to london business class airfare,BROAD,ENABLED,False,,0.5,2025-08-22 19:50:15,2026-04-28 13:39:32
Google|PK|O&D|Routes|KHI|LGW|EN|MOD,UK+IE rest,183062256206,2436200464466,karachi to london business class deals,BROAD,ENABLED,False,,0.5,2025-08-22 19:50:15,2026-04-28 13:39:32
Google|PK|O&D|Routes|KHI|LGW|EN|MOD,UK+IE rest,183062256206,2438740162475,karachi to london business class flight tickets,BROAD,ENABLED,False,,0.5,2025-08-22 19:50:16,2026-04-28 13:39:32
Google|PK|O&D|Routes|KHI|LGW|EN|MOD,UK+IE rest,183062256206,2438308686938,karachi to london business class flights,BROAD,ENABLED,False,,0.5,2025-08-22 19:50:15,2026-04-28 13:39:32
Google|PK|O&D|Routes|KHI|LGW|EN|MOD,UK+IE rest,183062256206,2439065185344,karachi to london business class tickets,BROAD,ENABLED,False,,0.5,2025-08-22 19:50:16,2026-04-28 13:39:32
Google|PK|O&D|Routes|KHI|LGW|EN|MOD,UK+IE rest,185194383318,2435287521580,karachi to london deals,BROAD,ENABLED,False,,0.5,2025-08-22 19:53:50,2026-04-28 13:39:32
Google|PK|O&D|Routes|KHI|LGW|EN|MOD,UK+IE rest,184787875336,2436340010359,karachi to london first class airfare,BROAD,ENABLED,False,,0.5,2025-08-22 19:52:59,2026-04-28 13:39:32
Google|PK|O&D|Routes|KHI|LGW|EN|MOD,UK+IE rest,184787875336,2439065663224,karachi to london first class deals,BROAD,ENABLED,False,,0.5,2025-08-22 19:53:00,2026-04-28 13:39:32
Google|PK|O&D|Routes|KHI|LGW|EN|MOD,UK+IE rest,184787875336,2436601998629,karachi to london first class flight tickets,BROAD,ENABLED,False,,0.5,2025-08-22 19:53:00,2026-04-28 13:39:32
Google|PK|O&D|Routes|KHI|LGW|EN|MOD,UK+IE rest,184787875336,2436096199129,karachi to london first class flights,BROAD,ENABLED,False,,0.5,2025-08-22 19:53:00,2026-04-28 13:39:32
Google|PK|O&D|Routes|KHI|LGW|EN|MOD,UK+IE rest,184787875336,2436096193609,karachi to london first class tickets,BROAD,ENABLED,False,,0.5,2025-08-22 19:53:00,2026-04-28 13:39:32
Google|PK|O&D|Routes|KHI|LGW|EN|MOD,UK+IE rest,185194383318,2394650677601,karachi to london flight tickets,BROAD,ENABLED,False,9,0.5,2025-08-22 19:53:50,2026-04-28 13:39:32
Google|PK|O&D|Routes|KHI|LGW|EN|MOD,UK+IE rest,185194383318,320464950215,karachi to london flights,BROAD,ENABLED,False,9,0.5,2025-08-22 19:53:50,2026-04-28 13:39:32
Google|PK|O&D|Routes|KHI|LGW|EN|MOD,UK+IE rest,185194383318,1415576702820,karachi to london tickets,BROAD,ENABLED,False,8,0.5,2025-08-22 19:53:50,2026-04-28 13:39:32
Google|PK|O&D|Routes|KHI|LGW|EN|PHR,UK+IE rest,179518597570,975317728952,business class flights from khi to lgw,PHRASE,ENABLED,False,,0.5,2025-08-22 19:48:33,2026-04-28 13:37:10
Google|PK|O&D|Routes|KHI|LGW|EN|PHR,UK+IE rest,179518597370,784780758228,first class flights from khi to lgw,PHRASE,ENABLED,False,,0.5,2025-08-22 19:48:32,2026-04-28 13:37:10
Google|PK|O&D|Routes|KHI|LGW|EN|PHR,UK+IE rest,183028695063,771332474358,flights from khi to lgw,PHRASE,ENABLED,False,,0.5,2025-08-22 19:48:59,2026-04-28 13:37:10
Google|PK|O&D|Routes|KHI|LGW|EN|PHR,UK+IE rest,183028695063,2441319680781,khi to lgw airfare,PHRASE,ENABLED,False,,0.5,2025-08-22 19:49:00,2026-04-28 13:37:10
Google|PK|O&D|Routes|KHI|LGW|EN|PHR,UK+IE rest,179518597570,2436601262589,khi to lgw business class airfare,PHRASE,ENABLED,False,,0.5,2025-08-22 19:48:33,2026-04-28 13:37:10
Google|PK|O&D|Routes|KHI|LGW|EN|PHR,UK+IE rest,179518597570,2436414858670,khi to lgw business class deals,PHRASE,ENABLED,False,,0.5,2025-08-22 19:48:33,2026-04-28 13:37:10
Google|PK|O&D|Routes|KHI|LGW|EN|PHR,UK+IE rest,179518597570,2436601267149,khi to lgw business class flight tickets,PHRASE,ENABLED,False,,0.5,2025-08-22 19:48:33,2026-04-28 13:37:10
Google|PK|O&D|Routes|KHI|LGW|EN|PHR,UK+IE rest,179518597570,2436414209950,khi to lgw business class flights,PHRASE,ENABLED,False,,0.5,2025-08-22 19:48:34,2026-04-28 13:37:10
Google|PK|O&D|Routes|KHI|LGW|EN|PHR,UK+IE rest,179518597570,2436414937350,khi to lgw business class tickets,PHRASE,ENABLED,False,,0.5,2025-08-22 19:48:34,2026-04-28 13:37:10
Google|PK|O&D|Routes|KHI|LGW|EN|PHR,UK+IE rest,183028695063,785247912861,khi to lgw deals,PHRASE,ENABLED,False,,0.5,2025-08-22 19:49:00,2026-04-28 13:37:10
Google|PK|O&D|Routes|KHI|LGW|EN|PHR,UK+IE rest,179518597370,2436601229229,khi to lgw first class airfare,PHRASE,ENABLED,False,,0.5,2025-08-22 19:48:32,2026-04-28 13:37:10
Google|PK|O&D|Routes|KHI|LGW|EN|PHR,UK+IE rest,179518597370,2437673494753,khi to lgw first class deals,PHRASE,ENABLED,False,,0.5,2025-08-22 19:48:31,2026-04-28 13:37:10
Google|PK|O&D|Routes|KHI|LGW|EN|PHR,UK+IE rest,179518597370,2441319673861,khi to lgw first class flight tickets,PHRASE,ENABLED,False,,0.5,2025-08-22 19:48:32,2026-04-28 13:37:10
Google|PK|O&D|Routes|KHI|LGW|EN|PHR,UK+IE rest,179518597370,2438184073619,khi to lgw first class flights,PHRASE,ENABLED,False,,0.5,2025-08-22 19:48:32,2026-04-28 13:37:10
Google|PK|O&D|Routes|KHI|LGW|EN|PHR,UK+IE rest,179518597370,2436095210609,khi to lgw first class tickets,PHRASE,ENABLED,False,,0.5,2025-08-22 19:48:32,2026-04-28 13:37:10
Google|PK|O&D|Routes|KHI|LGW|EN|PHR,UK+IE rest,183028695063,2435171076422,khi to lgw flight tickets,PHRASE,ENABLED,False,,0.5,2025-08-22 19:49:00,2026-04-28 13:37:10
Google|PK|O&D|Routes|KHI|LGW|EN|PHR,UK+IE rest,183028695063,771332485198,khi to lgw flights,PHRASE,ENABLED,False,,0.5,2025-08-22 19:49:00,2026-04-28 13:37:10
Google|PK|O&D|Routes|KHI|LGW|EN|PHR,UK+IE rest,183028695063,2441319617261,khi to lgw tickets,PHRASE,ENABLED,False,,0.5,2025-08-22 19:48:59,2026-04-28 13:37:10
Google|PK|O&D|Routes|KHI|LHR|EN|MOD,UK+IE rest,189985893288,2438172715396,business class flights from karachi to london,BROAD,ENABLED,False,,0.5,2025-08-22 19:58:46,2026-04-28 13:40:03
Google|PK|O&D|Routes|KHI|LHR|EN|MOD,UK+IE rest,184361500477,2436965505241,first class flights from karachi to london,BROAD,ENABLED,False,,0.5,2025-08-22 19:52:55,2026-04-28 13:40:03
Google|PK|O&D|Routes|KHI|LHR|EN|MOD,UK+IE rest,184361500717,372666778997,flights from karachi to london,BROAD,ENABLED,False,6,0.5,2025-08-22 19:52:54,2026-04-28 13:40:03
Google|PK|O&D|Routes|KHI|LHR|EN|MOD,UK+IE rest,184361500717,322813775736,karachi to london airfare,BROAD,ENABLED,False,8,0.5,2025-08-22 19:52:55,2026-04-28 13:40:03
Google|PK|O&D|Routes|KHI|LHR|EN|MOD,UK+IE rest,189985893288,2435737294766,karachi to london business class airfare,BROAD,ENABLED,False,,0.5,2025-08-22 19:58:46,2026-04-28 13:40:03
Google|PK|O&D|Routes|KHI|LHR|EN|MOD,UK+IE rest,189985893288,2436200464466,karachi to london business class deals,BROAD,ENABLED,False,,0.5,2025-08-22 19:58:46,2026-04-28 13:40:03
Google|PK|O&D|Routes|KHI|LHR|EN|MOD,UK+IE rest,189985893288,2438740162475,karachi to london business class flight tickets,BROAD,ENABLED,False,,0.5,2025-08-22 19:58:46,2026-04-28 13:40:03
Google|PK|O&D|Routes|KHI|LHR|EN|MOD,UK+IE rest,189985893288,2438308686938,karachi to london business class flights,BROAD,ENABLED,False,,0.5,2025-08-22 19:58:46,2026-04-28 13:40:03
Google|PK|O&D|Routes|KHI|LHR|EN|MOD,UK+IE rest,189985893288,2439065185344,karachi to london business class tickets,BROAD,ENABLED,False,,0.5,2025-08-22 19:58:46,2026-04-28 13:40:03
Google|PK|O&D|Routes|KHI|LHR|EN|MOD,UK+IE rest,184361500717,2435287521580,karachi to london deals,BROAD,ENABLED,False,,0.5,2025-08-22 19:52:54,2026-04-28 13:40:03
Google|PK|O&D|Routes|KHI|LHR|EN|MOD,UK+IE rest,184361500477,2460412162754,karachi to london first class airfare,BROAD,ENABLED,False,,0.5,2025-08-22 19:52:54,2026-04-28 13:40:03
Google|PK|O&D|Routes|KHI|LHR|EN|MOD,UK+IE rest,184361500477,2439065666544,karachi to london first class deals,BROAD,ENABLED,False,,0.5,2025-08-22 19:52:55,2026-04-28 13:40:03
Google|PK|O&D|Routes|KHI|LHR|EN|MOD,UK+IE rest,184361500477,2435171149422,karachi to london first class flight tickets,BROAD,ENABLED,False,,0.5,2025-08-22 19:52:55,2026-04-28 13:40:03
Google|PK|O&D|Routes|KHI|LHR|EN|MOD,UK+IE rest,184361500477,2438054005585,karachi to london first class flights,BROAD,ENABLED,False,,0.5,2025-08-22 19:52:54,2026-04-28 13:40:03
Google|PK|O&D|Routes|KHI|LHR|EN|MOD,UK+IE rest,184361500477,2503247754877,karachi to london first class tickets,BROAD,ENABLED,False,,0.5,2025-08-22 19:52:55,2026-04-28 13:40:03
Google|PK|O&D|Routes|KHI|LHR|EN|MOD,UK+IE rest,184361500717,2394650677601,karachi to london flight tickets,BROAD,ENABLED,False,8,0.5,2025-08-22 19:52:55,2026-04-28 13:40:03
Google|PK|O&D|Routes|KHI|LHR|EN|MOD,UK+IE rest,184361500717,320464950215,karachi to london flights,BROAD,ENABLED,False,7,0.5,2025-08-22 19:52:54,2026-04-28 13:40:03
Google|PK|O&D|Routes|KHI|LHR|EN|MOD,UK+IE rest,184361500717,1415576702820,karachi to london tickets,BROAD,ENABLED,False,9,0.5,2025-08-22 19:52:55,2026-04-28 13:40:03
Google|PK|O&D|Routes|KHI|LHR|EN|PHR,UK+IE rest,179518621370,782050738542,business class flights from khi to lhr,PHRASE,ENABLED,False,,0.5,2025-08-22 19:48:45,2026-04-28 13:37:24
Google|PK|O&D|Routes|KHI|LHR|EN|PHR,UK+IE rest,179518621130,837266411967,first class flights from khi to lhr,PHRASE,ENABLED,False,,0.5,2025-08-22 19:48:44,2026-04-28 13:37:24
Google|PK|O&D|Routes|KHI|LHR|EN|PHR,UK+IE rest,185026118875,303689951651,flights from khi to lhr,PHRASE,ENABLED,False,3,0.5,2025-08-22 19:53:05,2026-04-28 13:37:24
Google|PK|O&D|Routes|KHI|LHR|EN|PHR,UK+IE rest,185026118875,516383686216,khi to lhr airfare,PHRASE,ENABLED,False,,0.5,2025-08-22 19:53:06,2026-04-28 13:37:24
Google|PK|O&D|Routes|KHI|LHR|EN|PHR,UK+IE rest,179518621370,2435171313102,khi to lhr business class airfare,PHRASE,ENABLED,False,,0.5,2025-08-22 19:48:44,2026-04-28 13:37:24
Google|PK|O&D|Routes|KHI|LHR|EN|PHR,UK+IE rest,179518621370,2460411540234,khi to lhr business class deals,PHRASE,ENABLED,False,,0.5,2025-08-22 19:48:45,2026-04-28 13:37:24
Google|PK|O&D|Routes|KHI|LHR|EN|PHR,UK+IE rest,179518621370,2438334059908,khi to lhr business class flight tickets,PHRASE,ENABLED,False,,0.5,2025-08-22 19:48:44,2026-04-28 13:37:24
Google|PK|O&D|Routes|KHI|LHR|EN|PHR,UK+IE rest,179518621370,2435767948056,khi to lhr business class flights,PHRASE,ENABLED,False,,0.5,2025-08-22 19:48:45,2026-04-28 13:37:24
Google|PK|O&D|Routes|KHI|LHR|EN|PHR,UK+IE rest,179518621370,2435867794282,khi to lhr business class tickets,PHRASE,ENABLED,False,,0.5,2025-08-22 19:48:45,2026-04-28 13:37:24
Google|PK|O&D|Routes|KHI|LHR|EN|PHR,UK+IE rest,185026118875,784579428863,khi to lhr deals,PHRASE,ENABLED,False,,0.5,2025-08-22 19:53:05,2026-04-28 13:37:24
Google|PK|O&D|Routes|KHI|LHR|EN|PHR,UK+IE rest,179518621130,2436415684270,khi to lhr first class airfare,PHRASE,ENABLED,False,,0.5,2025-08-22 19:48:45,2026-04-28 13:37:24
Google|PK|O&D|Routes|KHI|LHR|EN|PHR,UK+IE rest,179518621130,2439114423318,khi to lhr first class deals,PHRASE,ENABLED,False,,0.5,2025-08-22 19:48:44,2026-04-28 13:37:24
Google|PK|O&D|Routes|KHI|LHR|EN|PHR,UK+IE rest,179518621130,2435736768646,khi to lhr first class flight tickets,PHRASE,ENABLED,False,,0.5,2025-08-22 19:48:44,2026-04-28 13:37:24
Google|PK|O&D|Routes|KHI|LHR|EN|PHR,UK+IE rest,179518621130,2438152363325,khi to lhr first class flights,PHRASE,ENABLED,False,,0.5,2025-08-22 19:48:44,2026-04-28 13:37:24
Google|PK|O&D|Routes|KHI|LHR|EN|PHR,UK+IE rest,179518621130,2441651510852,khi to lhr first class tickets,PHRASE,ENABLED,False,,0.5,2025-08-22 19:48:45,2026-04-28 13:37:24
Google|PK|O&D|Routes|KHI|LHR|EN|PHR,UK+IE rest,185026118875,2410979525987,khi to lhr flight tickets,PHRASE,ENABLED,False,7,0.5,2025-08-22 19:53:05,2026-04-28 13:37:24
Google|PK|O&D|Routes|KHI|LHR|EN|PHR,UK+IE rest,185026118875,516383686256,khi to lhr flights,PHRASE,ENABLED,False,4,0.5,2025-08-22 19:53:06,2026-04-28 13:37:24
Google|PK|O&D|Routes|KHI|LHR|EN|PHR,UK+IE rest,185026118875,2460411417274,khi to lhr tickets,PHRASE,ENABLED,False,7,0.5,2025-08-22 19:53:05,2026-04-28 13:37:24
Google|PK|O&D|Routes|KHI|MAN|EN|MOD,UK+IE rest,183036175894,2436330839643,business class flights from karachi to manchester,BROAD,ENABLED,False,,0.5,2025-08-22 19:49:12,2026-04-28 13:38:07
Google|PK|O&D|Routes|KHI|MAN|EN|MOD,UK+IE rest,183062240846,2503248054477,first class flights from karachi to manchester,BROAD,ENABLED,False,,0.5,2025-08-22 19:49:59,2026-04-28 13:38:07
Google|PK|O&D|Routes|KHI|MAN|EN|MOD,UK+IE rest,186817091920,610478968712,flights from karachi to manchester,BROAD,ENABLED,False,8,0.5,2025-08-22 19:56:24,2026-04-28 13:38:07
Google|PK|O&D|Routes|KHI|MAN|EN|MOD,UK+IE rest,186817091920,2438740390235,karachi to manchester airfare,BROAD,ENABLED,False,,0.5,2025-08-22 19:56:24,2026-04-28 13:38:07
Google|PK|O&D|Routes|KHI|MAN|EN|MOD,UK+IE rest,183036175894,2438152726765,karachi to manchester business class airfare,BROAD,ENABLED,False,,0.5,2025-08-22 19:49:12,2026-04-28 13:38:07
Google|PK|O&D|Routes|KHI|MAN|EN|MOD,UK+IE rest,183036175894,2436200533146,karachi to manchester business class deals,BROAD,ENABLED,False,,0.5,2025-08-22 19:49:11,2026-04-28 13:38:07
Google|PK|O&D|Routes|KHI|MAN|EN|MOD,UK+IE rest,183036175894,2436200569586,karachi to manchester business class flight tickets,BROAD,ENABLED,False,,0.5,2025-08-22 19:49:12,2026-04-28 13:38:07
Google|PK|O&D|Routes|KHI|MAN|EN|MOD,UK+IE rest,183036175894,2438183956219,karachi to manchester business class flights,BROAD,ENABLED,False,10,0.5,2025-08-22 19:49:12,2026-04-28 13:38:07
Google|PK|O&D|Routes|KHI|MAN|EN|MOD,UK+IE rest,183036175894,2436200537426,karachi to manchester business class tickets,BROAD,ENABLED,False,,0.5,2025-08-22 19:49:12,2026-04-28 13:38:07
Google|PK|O&D|Routes|KHI|MAN|EN|MOD,UK+IE rest,186817091920,2435171941422,karachi to manchester deals,BROAD,ENABLED,False,,0.5,2025-08-22 19:56:24,2026-04-28 13:38:07
Google|PK|O&D|Routes|KHI|MAN|EN|MOD,UK+IE rest,183062240846,2436095912529,karachi to manchester first class airfare,BROAD,ENABLED,False,,0.5,2025-08-22 19:50:00,2026-04-28 13:38:07
Google|PK|O&D|Routes|KHI|MAN|EN|MOD,UK+IE rest,183062240846,2503248051517,karachi to manchester first class deals,BROAD,ENABLED,False,,0.5,2025-08-22 19:49:59,2026-04-28 13:38:07
Google|PK|O&D|Routes|KHI|MAN|EN|MOD,UK+IE rest,183062240846,2436965121481,karachi to manchester first class flight tickets,BROAD,ENABLED,False,,0.5,2025-08-22 19:50:00,2026-04-28 13:38:07
Google|PK|O&D|Routes|KHI|MAN|EN|MOD,UK+IE rest,183062240846,2436601670629,karachi to manchester first class flights,BROAD,ENABLED,False,,0.5,2025-08-22 19:49:59,2026-04-28 13:38:07
Google|PK|O&D|Routes|KHI|MAN|EN|MOD,UK+IE rest,183062240846,2437673373353,karachi to manchester first class tickets,BROAD,ENABLED,False,,0.5,2025-08-22 19:50:00,2026-04-28 13:38:07
Google|PK|O&D|Routes|KHI|MAN|EN|MOD,UK+IE rest,186817091920,2395506940753,karachi to manchester flight tickets,BROAD,ENABLED,False,,0.5,2025-08-22 19:56:25,2026-04-28 13:38:07
Google|PK|O&D|Routes|KHI|MAN|EN|MOD,UK+IE rest,186817091920,320464950375,karachi to manchester flights,BROAD,ENABLED,False,8,0.5,2025-08-22 19:56:24,2026-04-28 13:38:07
Google|PK|O&D|Routes|KHI|MAN|EN|MOD,UK+IE rest,186817091920,2503248325437,karachi to manchester tickets,BROAD,ENABLED,False,8,0.5,2025-08-22 19:56:25,2026-04-28 13:38:07
Google|PK|O&D|Routes|KHI|MAN|EN|PHR,UK+IE rest,179518624210,787377679332,business class flights from khi to man,PHRASE,ENABLED,False,,0.5,2025-08-22 19:48:48,2026-04-28 13:37:24
Google|PK|O&D|Routes|KHI|MAN|EN|PHR,UK+IE rest,184210681813,784579316143,first class flights from khi to man,PHRASE,ENABLED,False,,0.5,2025-08-22 19:51:43,2026-04-28 13:37:24
Google|PK|O&D|Routes|KHI|MAN|EN|PHR,UK+IE rest,189985864208,305235591548,flights from khi to man,PHRASE,ENABLED,False,,0.5,2025-08-22 19:58:26,2026-04-28 13:37:24
Google|PK|O&D|Routes|KHI|MAN|EN|PHR,UK+IE rest,189985864208,2435768562696,khi to man airfare,PHRASE,ENABLED,False,,0.5,2025-08-22 19:58:26,2026-04-28 13:37:24
Google|PK|O&D|Routes|KHI|MAN|EN|PHR,UK+IE rest,179518624210,2437673682633,khi to man business class airfare,PHRASE,ENABLED,False,,0.5,2025-08-22 19:48:47,2026-04-28 13:37:24
Google|PK|O&D|Routes|KHI|MAN|EN|PHR,UK+IE rest,179518624210,2440150606537,khi to man business class deals,PHRASE,ENABLED,False,,0.5,2025-08-22 19:48:48,2026-04-28 13:37:24
Google|PK|O&D|Routes|KHI|MAN|EN|PHR,UK+IE rest,179518624210,2436965509801,khi to man business class flight tickets,PHRASE,ENABLED,False,,0.5,2025-08-22 19:48:48,2026-04-28 13:37:24
Google|PK|O&D|Routes|KHI|MAN|EN|PHR,UK+IE rest,179518624210,2438183750579,khi to man business class flights,PHRASE,ENABLED,False,,0.5,2025-08-22 19:48:48,2026-04-28 13:37:24
Google|PK|O&D|Routes|KHI|MAN|EN|PHR,UK+IE rest,179518624210,2437726579855,khi to man business class tickets,PHRASE,ENABLED,False,,0.5,2025-08-22 19:48:48,2026-04-28 13:37:24
Google|PK|O&D|Routes|KHI|MAN|EN|PHR,UK+IE rest,189985864208,781746714856,khi to man deals,PHRASE,ENABLED,False,,0.5,2025-08-22 19:58:25,2026-04-28 13:37:24
Google|PK|O&D|Routes|KHI|MAN|EN|PHR,UK+IE rest,184210681813,2435738503326,khi to man first class airfare,PHRASE,ENABLED,False,,0.5,2025-08-22 19:51:44,2026-04-28 13:37:24
Google|PK|O&D|Routes|KHI|MAN|EN|PHR,UK+IE rest,184210681813,2441651730452,khi to man first class deals,PHRASE,ENABLED,False,,0.5,2025-08-22 19:51:44,2026-04-28 13:37:24
Google|PK|O&D|Routes|KHI|MAN|EN|PHR,UK+IE rest,184210681813,2492246675727,khi to man first class flight tickets,PHRASE,ENABLED,False,,0.5,2025-08-22 19:51:43,2026-04-28 13:37:24
Google|PK|O&D|Routes|KHI|MAN|EN|PHR,UK+IE rest,184210681813,2438054330625,khi to man first class flights,PHRASE,ENABLED,False,,0.5,2025-08-22 19:51:43,2026-04-28 13:37:24
Google|PK|O&D|Routes|KHI|MAN|EN|PHR,UK+IE rest,184210681813,2437673596793,khi to man first class tickets,PHRASE,ENABLED,False,,0.5,2025-08-22 19:51:43,2026-04-28 13:37:24
Google|PK|O&D|Routes|KHI|MAN|EN|PHR,UK+IE rest,189985864208,2411371777146,khi to man flight tickets,PHRASE,ENABLED,False,,0.5,2025-08-22 19:58:25,2026-04-28 13:37:24
Google|PK|O&D|Routes|KHI|MAN|EN|PHR,UK+IE rest,189985864208,767538922504,khi to man flights,PHRASE,ENABLED,False,8,0.5,2025-08-22 19:58:25,2026-04-28 13:37:24
Google|PK|O&D|Routes|KHI|MAN|EN|PHR,UK+IE rest,189985864208,2438335129188,khi to man tickets,PHRASE,ENABLED,False,,0.5,2025-08-22 19:58:25,2026-04-28 13:37:24
Google|PK|O&D|Routes|LHE|BHX|EN|MOD,UK+IE rest,186817088800,2435288010220,business class flights from lahore to birmingham,BROAD,ENABLED,False,,0.5,2025-08-22 19:56:18,2026-04-28 13:38:01
Google|PK|O&D|Routes|LHE|BHX|EN|MOD,UK+IE rest,184361451997,2436602043789,first class flights from lahore to birmingham,BROAD,ENABLED,False,,0.5,2025-08-22 19:52:17,2026-04-28 13:38:01
Google|PK|O&D|Routes|LHE|BHX|EN|MOD,UK+IE rest,183969646269,320687298609,flights from lahore to birmingham,BROAD,ENABLED,False,8,0.5,2025-08-22 19:51:16,2026-04-28 13:38:01
Google|PK|O&D|Routes|LHE|BHX|EN|MOD,UK+IE rest,183969646269,2440150589497,lahore to birmingham airfare,BROAD,ENABLED,False,,0.5,2025-08-22 19:51:16,2026-04-28 13:38:01
Google|PK|O&D|Routes|LHE|BHX|EN|MOD,UK+IE rest,186817088800,2438309384778,lahore to birmingham business class airfare,BROAD,ENABLED,False,,0.5,2025-08-22 19:56:19,2026-04-28 13:38:01
Google|PK|O&D|Routes|LHE|BHX|EN|MOD,UK+IE rest,186817088800,2436887776054,lahore to birmingham business class deals,BROAD,ENABLED,False,,0.5,2025-08-22 19:56:19,2026-04-28 13:38:01
Google|PK|O&D|Routes|LHE|BHX|EN|MOD,UK+IE rest,186817088800,2436416059150,lahore to birmingham business class flight tickets,BROAD,ENABLED,False,,0.5,2025-08-22 19:56:19,2026-04-28 13:38:01
Google|PK|O&D|Routes|LHE|BHX|EN|MOD,UK+IE rest,186817088800,2436887771254,lahore to birmingham business class flights,BROAD,ENABLED,False,,0.5,2025-08-22 19:56:19,2026-04-28 13:38:01
Google|PK|O&D|Routes|LHE|BHX|EN|MOD,UK+IE rest,186817088800,2436887734214,lahore to birmingham business class tickets,BROAD,ENABLED,False,,0.5,2025-08-22 19:56:19,2026-04-28 13:38:01
Google|PK|O&D|Routes|LHE|BHX|EN|MOD,UK+IE rest,183969646269,2435738440286,lahore to birmingham deals,BROAD,ENABLED,False,,0.5,2025-08-22 19:51:16,2026-04-28 13:38:01
Google|PK|O&D|Routes|LHE|BHX|EN|MOD,UK+IE rest,184361451997,2438054330105,lahore to birmingham first class airfare,BROAD,ENABLED,False,,0.5,2025-08-22 19:52:17,2026-04-28 13:38:01
Google|PK|O&D|Routes|LHE|BHX|EN|MOD,UK+IE rest,184361451997,2438309134938,lahore to birmingham first class deals,BROAD,ENABLED,False,,0.5,2025-08-22 19:52:17,2026-04-28 13:38:01
Google|PK|O&D|Routes|LHE|BHX|EN|MOD,UK+IE rest,184361451997,2436104678347,lahore to birmingham first class flight tickets,BROAD,ENABLED,False,,0.5,2025-08-22 19:52:17,2026-04-28 13:38:01
Google|PK|O&D|Routes|LHE|BHX|EN|MOD,UK+IE rest,184361451997,2439060349671,lahore to birmingham first class flights,BROAD,ENABLED,False,,0.5,2025-08-22 19:52:17,2026-04-28 13:38:01
Google|PK|O&D|Routes|LHE|BHX|EN|MOD,UK+IE rest,184361451997,2460412243674,lahore to birmingham first class tickets,BROAD,ENABLED,False,,0.5,2025-08-22 19:52:17,2026-04-28 13:38:01
Google|PK|O&D|Routes|LHE|BHX|EN|MOD,UK+IE rest,183969646269,2396703425715,lahore to birmingham flight tickets,BROAD,ENABLED,False,9,0.5,2025-08-22 19:51:15,2026-04-28 13:38:01
Google|PK|O&D|Routes|LHE|BHX|EN|MOD,UK+IE rest,183969646269,320687302289,lahore to birmingham flights,BROAD,ENABLED,False,9,0.5,2025-08-22 19:51:15,2026-04-28 13:38:01
Google|PK|O&D|Routes|LHE|BHX|EN|MOD,UK+IE rest,183969646269,2436887413574,lahore to birmingham tickets,BROAD,ENABLED,False,8,0.5,2025-08-22 19:51:16,2026-04-28 13:38:01
Google|PK|O&D|Routes|LHE|BHX|EN|PHR,UK+IE rest,187176888871,782073373326,business class flights from lhe to bhx,PHRASE,ENABLED,False,,0.5,2025-08-22 19:56:39,2026-04-28 13:35:39
Google|PK|O&D|Routes|LHE|BHX|EN|PHR,UK+IE rest,186817070360,837268937727,first class flights from lhe to bhx,PHRASE,ENABLED,False,,0.5,2025-08-22 19:56:09,2026-04-28 13:35:39
Google|PK|O&D|Routes|LHE|BHX|EN|PHR,UK+IE rest,184210681133,304584169618,flights from lhe to bhx,PHRASE,ENABLED,False,9,0.5,2025-08-22 19:51:43,2026-04-28 13:35:39
Google|PK|O&D|Routes|LHE|BHX|EN|PHR,UK+IE rest,184210681133,2492246566767,lhe to bhx airfare,PHRASE,ENABLED,False,,0.5,2025-08-22 19:51:42,2026-04-28 13:35:39
Google|PK|O&D|Routes|LHE|BHX|EN|PHR,UK+IE rest,187176888871,2438173108476,lhe to bhx business class airfare,PHRASE,ENABLED,False,,0.5,2025-08-22 19:56:39,2026-04-28 13:35:39
Google|PK|O&D|Routes|LHE|BHX|EN|PHR,UK+IE rest,187176888871,2441319857901,lhe to bhx business class deals,PHRASE,ENABLED,False,,0.5,2025-08-22 19:56:40,2026-04-28 13:35:39
Google|PK|O&D|Routes|LHE|BHX|EN|PHR,UK+IE rest,187176888871,2438308841498,lhe to bhx business class flight tickets,PHRASE,ENABLED,False,,0.5,2025-08-22 19:56:39,2026-04-28 13:35:39
Google|PK|O&D|Routes|LHE|BHX|EN|PHR,UK+IE rest,187176888871,2438153607085,lhe to bhx business class flights,PHRASE,ENABLED,False,,0.5,2025-08-22 19:56:39,2026-04-28 13:35:39
Google|PK|O&D|Routes|LHE|BHX|EN|PHR,UK+IE rest,187176888871,2438173724596,lhe to bhx business class tickets,PHRASE,ENABLED,False,,0.5,2025-08-22 19:56:40,2026-04-28 13:35:39
Google|PK|O&D|Routes|LHE|BHX|EN|PHR,UK+IE rest,184210681133,975302331832,lhe to bhx deals,PHRASE,ENABLED,False,,0.5,2025-08-22 19:51:42,2026-04-28 13:35:39
Google|PK|O&D|Routes|LHE|BHX|EN|PHR,UK+IE rest,186817070360,2492246653167,lhe to bhx first class airfare,PHRASE,ENABLED,False,,0.5,2025-08-22 19:56:08,2026-04-28 13:35:39
Google|PK|O&D|Routes|LHE|BHX|EN|PHR,UK+IE rest,186817070360,2438513784400,lhe to bhx first class deals,PHRASE,ENABLED,False,,0.5,2025-08-22 19:56:08,2026-04-28 13:35:39
Google|PK|O&D|Routes|LHE|BHX|EN|PHR,UK+IE rest,186817070360,2492246648127,lhe to bhx first class flight tickets,PHRASE,ENABLED,False,,0.5,2025-08-22 19:56:08,2026-04-28 13:35:39
Google|PK|O&D|Routes|LHE|BHX|EN|PHR,UK+IE rest,186817070360,2438153644205,lhe to bhx first class flights,PHRASE,ENABLED,False,,0.5,2025-08-22 19:56:08,2026-04-28 13:35:39
Google|PK|O&D|Routes|LHE|BHX|EN|PHR,UK+IE rest,186817070360,2438153647645,lhe to bhx first class tickets,PHRASE,ENABLED,False,,0.5,2025-08-22 19:56:08,2026-04-28 13:35:39
Google|PK|O&D|Routes|LHE|BHX|EN|PHR,UK+IE rest,184210681133,2467294498527,lhe to bhx flight tickets,PHRASE,ENABLED,False,,0.5,2025-08-22 19:51:42,2026-04-28 13:35:39
Google|PK|O&D|Routes|LHE|BHX|EN|PHR,UK+IE rest,184210681133,767443263761,lhe to bhx flights,PHRASE,ENABLED,False,9,0.5,2025-08-22 19:51:41,2026-04-28 13:35:39
Google|PK|O&D|Routes|LHE|BHX|EN|PHR,UK+IE rest,184210681133,2437726520775,lhe to bhx tickets,PHRASE,ENABLED,False,,0.5,2025-08-22 19:51:42,2026-04-28 13:35:39
Google|PK|O&D|Routes|LHE|DUB|EN|MOD,UK+IE rest,181230606141,2438152861405,business class flights from lahore to dublin,BROAD,ENABLED,False,,0.5,2025-08-22 19:48:57,2026-04-28 13:38:11
Google|PK|O&D|Routes|LHE|DUB|EN|MOD,UK+IE rest,186817092440,2436096386369,first class flights from lahore to dublin,BROAD,ENABLED,False,,0.5,2025-08-22 19:56:24,2026-04-28 13:38:11
Google|PK|O&D|Routes|LHE|DUB|EN|MOD,UK+IE rest,183036302294,1672986621815,flights from lahore to dublin,BROAD,ENABLED,False,8,0.5,2025-08-22 19:49:27,2026-04-28 13:38:11
Google|PK|O&D|Routes|LHE|DUB|EN|MOD,UK+IE rest,183036302294,2441651727532,lahore to dublin airfare,BROAD,ENABLED,False,,0.5,2025-08-22 19:49:27,2026-04-28 13:38:11
Google|PK|O&D|Routes|LHE|DUB|EN|MOD,UK+IE rest,181230606141,2441650921852,lahore to dublin business class airfare,BROAD,ENABLED,False,,0.5,2025-08-22 19:48:57,2026-04-28 13:38:11
Google|PK|O&D|Routes|LHE|DUB|EN|MOD,UK+IE rest,181230606141,2438333913028,lahore to dublin business class deals,BROAD,ENABLED,False,,0.5,2025-08-22 19:48:57,2026-04-28 13:38:11
Google|PK|O&D|Routes|LHE|DUB|EN|MOD,UK+IE rest,181230606141,2629955355512,lahore to dublin business class flight tickets,BROAD,ENABLED,False,,0.5,2025-08-22 19:48:58,2026-04-28 13:38:11
Google|PK|O&D|Routes|LHE|DUB|EN|MOD,UK+IE rest,181230606141,2437673550473,lahore to dublin business class flights,BROAD,ENABLED,False,,0.5,2025-08-22 19:48:57,2026-04-28 13:38:11
Google|PK|O&D|Routes|LHE|DUB|EN|MOD,UK+IE rest,181230606141,2629955090832,lahore to dublin business class tickets,BROAD,ENABLED,False,,0.5,2025-08-22 19:48:57,2026-04-28 13:38:11
Google|PK|O&D|Routes|LHE|DUB|EN|MOD,UK+IE rest,183036302294,2438052916545,lahore to dublin deals,BROAD,ENABLED,False,,0.5,2025-08-22 19:49:27,2026-04-28 13:38:11
Google|PK|O&D|Routes|LHE|DUB|EN|MOD,UK+IE rest,186817092440,2436096488769,lahore to dublin first class airfare,BROAD,ENABLED,False,,0.5,2025-08-22 19:56:24,2026-04-28 13:38:11
Google|PK|O&D|Routes|LHE|DUB|EN|MOD,UK+IE rest,186817092440,2439060258391,lahore to dublin first class deals,BROAD,ENABLED,False,,0.5,2025-08-22 19:56:24,2026-04-28 13:38:11
Google|PK|O&D|Routes|LHE|DUB|EN|MOD,UK+IE rest,186817092440,2440151134737,lahore to dublin first class flight tickets,BROAD,ENABLED,False,,0.5,2025-08-22 19:56:24,2026-04-28 13:38:11
Google|PK|O&D|Routes|LHE|DUB|EN|MOD,UK+IE rest,186817092440,2436602595029,lahore to dublin first class flights,BROAD,ENABLED,False,,0.5,2025-08-22 19:56:24,2026-04-28 13:38:11
Google|PK|O&D|Routes|LHE|DUB|EN|MOD,UK+IE rest,186817092440,2435171937822,lahore to dublin first class tickets,BROAD,ENABLED,False,,0.5,2025-08-22 19:56:24,2026-04-28 13:38:11
Google|PK|O&D|Routes|LHE|DUB|EN|MOD,UK+IE rest,183036302294,2393854693827,lahore to dublin flight tickets,BROAD,ENABLED,False,,0.5,2025-08-22 19:49:27,2026-04-28 13:38:11
Google|PK|O&D|Routes|LHE|DUB|EN|MOD,UK+IE rest,183036302294,633103692689,lahore to dublin flights,BROAD,ENABLED,False,8,0.5,2025-08-22 19:49:27,2026-04-28 13:38:11
Google|PK|O&D|Routes|LHE|DUB|EN|MOD,UK+IE rest,183036302294,2465864474524,lahore to dublin tickets,BROAD,ENABLED,False,8,0.5,2025-08-22 19:49:27,2026-04-28 13:38:11
Google|PK|O&D|Routes|LHE|DUB|EN|PHR,UK+IE rest,189985889408,784334097485,business class flights from lhe to dub,PHRASE,ENABLED,False,,0.5,2025-08-22 19:58:43,2026-04-28 13:39:04
Google|PK|O&D|Routes|LHE|DUB|EN|PHR,UK+IE rest,183036303254,783450140561,first class flights from lhe to dub,PHRASE,ENABLED,False,,0.5,2025-08-22 19:49:29,2026-04-28 13:39:04
Google|PK|O&D|Routes|LHE|DUB|EN|PHR,UK+IE rest,183036303014,765631183187,flights from lhe to dub,PHRASE,ENABLED,False,10,0.5,2025-08-22 19:49:28,2026-04-28 13:39:04
Google|PK|O&D|Routes|LHE|DUB|EN|PHR,UK+IE rest,183036303014,2436339812119,lhe to dub airfare,PHRASE,ENABLED,False,,0.5,2025-08-22 19:49:28,2026-04-28 13:39:04
Google|PK|O&D|Routes|LHE|DUB|EN|PHR,UK+IE rest,189985889408,2438334632308,lhe to dub business class airfare,PHRASE,ENABLED,False,,0.5,2025-08-22 19:58:43,2026-04-28 13:39:04
Google|PK|O&D|Routes|LHE|DUB|EN|PHR,UK+IE rest,189985889408,2438334077708,lhe to dub business class deals,PHRASE,ENABLED,False,,0.5,2025-08-22 19:58:42,2026-04-28 13:39:04
Google|PK|O&D|Routes|LHE|DUB|EN|PHR,UK+IE rest,189985889408,2436340280799,lhe to dub business class flight tickets,PHRASE,ENABLED,False,,0.5,2025-08-22 19:58:43,2026-04-28 13:39:04
Google|PK|O&D|Routes|LHE|DUB|EN|PHR,UK+IE rest,189985889408,2503248567557,lhe to dub business class flights,PHRASE,ENABLED,False,,0.5,2025-08-22 19:58:43,2026-04-28 13:39:04
Google|PK|O&D|Routes|LHE|DUB|EN|PHR,UK+IE rest,189985889408,2438172797756,lhe to dub business class tickets,PHRASE,ENABLED,False,,0.5,2025-08-22 19:58:43,2026-04-28 13:39:04
Google|PK|O&D|Routes|LHE|DUB|EN|PHR,UK+IE rest,183036303014,783454273601,lhe to dub deals,PHRASE,ENABLED,False,,0.5,2025-08-22 19:49:28,2026-04-28 13:39:04
Google|PK|O&D|Routes|LHE|DUB|EN|PHR,UK+IE rest,183036303254,2438052889145,lhe to dub first class airfare,PHRASE,ENABLED,False,,0.5,2025-08-22 19:49:29,2026-04-28 13:39:04
Google|PK|O&D|Routes|LHE|DUB|EN|PHR,UK+IE rest,183036303254,2436642665013,lhe to dub first class deals,PHRASE,ENABLED,False,,0.5,2025-08-22 19:49:28,2026-04-28 13:39:04
Google|PK|O&D|Routes|LHE|DUB|EN|PHR,UK+IE rest,183036303254,2437924646823,lhe to dub first class flight tickets,PHRASE,ENABLED,False,,0.5,2025-08-22 19:49:28,2026-04-28 13:39:04
Google|PK|O&D|Routes|LHE|DUB|EN|PHR,UK+IE rest,183036303254,2435287571500,lhe to dub first class flights,PHRASE,ENABLED,False,,0.5,2025-08-22 19:49:29,2026-04-28 13:39:04
Google|PK|O&D|Routes|LHE|DUB|EN|PHR,UK+IE rest,183036303254,2438152617965,lhe to dub first class tickets,PHRASE,ENABLED,False,,0.5,2025-08-22 19:49:28,2026-04-28 13:39:04
Google|PK|O&D|Routes|LHE|DUB|EN|PHR,UK+IE rest,183036303014,2410912361926,lhe to dub flight tickets,PHRASE,ENABLED,False,,0.5,2025-08-22 19:49:27,2026-04-28 13:39:04
Google|PK|O&D|Routes|LHE|DUB|EN|PHR,UK+IE rest,183036303014,765631196347,lhe to dub flights,PHRASE,ENABLED,False,,0.5,2025-08-22 19:49:28,2026-04-28 13:39:04
Google|PK|O&D|Routes|LHE|DUB|EN|PHR,UK+IE rest,183036303014,2437924647303,lhe to dub tickets,PHRASE,ENABLED,False,,0.5,2025-08-22 19:49:28,2026-04-28 13:39:04
Google|PK|O&D|Routes|LHE|EDI|EN|MOD,UK+IE rest,183036286254,2439059297471,business class flights from lahore to edinburgh,BROAD,ENABLED,False,,0.5,2025-08-22 19:49:18,2026-04-28 13:37:58
Google|PK|O&D|Routes|LHE|EDI|EN|MOD,UK+IE rest,185869699642,2436965613041,first class flights from lahore to edinburgh,BROAD,ENABLED,False,,0.5,2025-08-22 19:54:29,2026-04-28 13:37:58
Google|PK|O&D|Routes|LHE|EDI|EN|MOD,UK+IE rest,185194333358,1496526731917,flights from lahore to edinburgh,BROAD,ENABLED,False,8,0.5,2025-08-22 19:53:37,2026-04-28 13:37:58
Google|PK|O&D|Routes|LHE|EDI|EN|MOD,UK+IE rest,185194333358,2436602164069,lahore to edinburgh airfare,BROAD,ENABLED,False,,0.5,2025-08-22 19:53:37,2026-04-28 13:37:58
Google|PK|O&D|Routes|LHE|EDI|EN|MOD,UK+IE rest,183036286254,2437924313183,lahore to edinburgh business class airfare,BROAD,ENABLED,False,,0.5,2025-08-22 19:49:18,2026-04-28 13:37:58
Google|PK|O&D|Routes|LHE|EDI|EN|MOD,UK+IE rest,183036286254,2437924312743,lahore to edinburgh business class deals,BROAD,ENABLED,False,,0.5,2025-08-22 19:49:17,2026-04-28 13:37:58
Google|PK|O&D|Routes|LHE|EDI|EN|MOD,UK+IE rest,183036286254,2436104145827,lahore to edinburgh business class flight tickets,BROAD,ENABLED,False,,0.5,2025-08-22 19:49:18,2026-04-28 13:37:58
Google|PK|O&D|Routes|LHE|EDI|EN|MOD,UK+IE rest,183036286254,2436601143589,lahore to edinburgh business class flights,BROAD,ENABLED,False,,0.5,2025-08-22 19:49:18,2026-04-28 13:37:58
Google|PK|O&D|Routes|LHE|EDI|EN|MOD,UK+IE rest,183036286254,2437726833095,lahore to edinburgh business class tickets,BROAD,ENABLED,False,,0.5,2025-08-22 19:49:18,2026-04-28 13:37:58
Google|PK|O&D|Routes|LHE|EDI|EN|MOD,UK+IE rest,185194333358,2438513220680,lahore to edinburgh deals,BROAD,ENABLED,False,,0.5,2025-08-22 19:53:37,2026-04-28 13:37:58
Google|PK|O&D|Routes|LHE|EDI|EN|MOD,UK+IE rest,185869699642,2439065768584,lahore to edinburgh first class airfare,BROAD,ENABLED,False,,0.5,2025-08-22 19:54:29,2026-04-28 13:37:58
Google|PK|O&D|Routes|LHE|EDI|EN|MOD,UK+IE rest,185869699642,2435868266042,lahore to edinburgh first class deals,BROAD,ENABLED,False,,0.5,2025-08-22 19:54:30,2026-04-28 13:37:58
Google|PK|O&D|Routes|LHE|EDI|EN|MOD,UK+IE rest,185869699642,2441319472941,lahore to edinburgh first class flight tickets,BROAD,ENABLED,False,,0.5,2025-08-22 19:54:29,2026-04-28 13:37:58
Google|PK|O&D|Routes|LHE|EDI|EN|MOD,UK+IE rest,185869699642,2436600975789,lahore to edinburgh first class flights,BROAD,ENABLED,False,,0.5,2025-08-22 19:54:30,2026-04-28 13:37:58
Google|PK|O&D|Routes|LHE|EDI|EN|MOD,UK+IE rest,185869699642,2436601682589,lahore to edinburgh first class tickets,BROAD,ENABLED,False,,0.5,2025-08-22 19:54:29,2026-04-28 13:37:58
Google|PK|O&D|Routes|LHE|EDI|EN|MOD,UK+IE rest,185194333358,2395507360753,lahore to edinburgh flight tickets,BROAD,ENABLED,False,,0.5,2025-08-22 19:53:37,2026-04-28 13:37:58
Google|PK|O&D|Routes|LHE|EDI|EN|MOD,UK+IE rest,185194333358,698009138794,lahore to edinburgh flights,BROAD,ENABLED,False,9,0.5,2025-08-22 19:53:36,2026-04-28 13:37:58
Google|PK|O&D|Routes|LHE|EDI|EN|MOD,UK+IE rest,185194333358,2438513197120,lahore to edinburgh tickets,BROAD,ENABLED,False,,0.5,2025-08-22 19:53:37,2026-04-28 13:37:58
Google|PK|O&D|Routes|LHE|EDI|EN|PHR,UK+IE rest,186817002600,785147304417,business class flights from lhe to edi,PHRASE,ENABLED,False,,0.5,2025-08-22 19:55:56,2026-04-28 13:37:14
Google|PK|O&D|Routes|LHE|EDI|EN|PHR,UK+IE rest,179518613410,784227889898,first class flights from lhe to edi,PHRASE,ENABLED,False,,0.5,2025-08-22 19:48:38,2026-04-28 13:37:14
Google|PK|O&D|Routes|LHE|EDI|EN|PHR,UK+IE rest,185869853682,821216703487,flights from lhe to edi,PHRASE,ENABLED,False,10,0.5,2025-08-22 19:54:50,2026-04-28 13:37:14
Google|PK|O&D|Routes|LHE|EDI|EN|PHR,UK+IE rest,185869853682,2438054661065,lhe to edi airfare,PHRASE,ENABLED,False,,0.5,2025-08-22 19:54:50,2026-04-28 13:37:14
Google|PK|O&D|Routes|LHE|EDI|EN|PHR,UK+IE rest,186817002600,2503248383517,lhe to edi business class airfare,PHRASE,ENABLED,False,,0.5,2025-08-22 19:55:57,2026-04-28 13:37:14
Google|PK|O&D|Routes|LHE|EDI|EN|PHR,UK+IE rest,186817002600,2439060770351,lhe to edi business class deals,PHRASE,ENABLED,False,,0.5,2025-08-22 19:55:56,2026-04-28 13:37:14
Google|PK|O&D|Routes|LHE|EDI|EN|PHR,UK+IE rest,186817002600,2438173105916,lhe to edi business class flight tickets,PHRASE,ENABLED,False,,0.5,2025-08-22 19:55:57,2026-04-28 13:37:14
Google|PK|O&D|Routes|LHE|EDI|EN|PHR,UK+IE rest,186817002600,2438740751475,lhe to edi business class flights,PHRASE,ENABLED,False,,0.5,2025-08-22 19:55:56,2026-04-28 13:37:14
Google|PK|O&D|Routes|LHE|EDI|EN|PHR,UK+IE rest,186817002600,2437726738495,lhe to edi business class tickets,PHRASE,ENABLED,False,,0.5,2025-08-22 19:55:57,2026-04-28 13:37:14
Google|PK|O&D|Routes|LHE|EDI|EN|PHR,UK+IE rest,185869853682,806647025274,lhe to edi deals,PHRASE,ENABLED,False,,0.5,2025-08-22 19:54:49,2026-04-28 13:37:14
Google|PK|O&D|Routes|LHE|EDI|EN|PHR,UK+IE rest,179518613410,2440150656377,lhe to edi first class airfare,PHRASE,ENABLED,False,,0.5,2025-08-22 19:48:38,2026-04-28 13:37:14
Google|PK|O&D|Routes|LHE|EDI|EN|PHR,UK+IE rest,179518613410,2437924239543,lhe to edi first class deals,PHRASE,ENABLED,False,,0.5,2025-08-22 19:48:38,2026-04-28 13:37:14
Google|PK|O&D|Routes|LHE|EDI|EN|PHR,UK+IE rest,179518613410,2437726485735,lhe to edi first class flight tickets,PHRASE,ENABLED,False,,0.5,2025-08-22 19:48:38,2026-04-28 13:37:14
Google|PK|O&D|Routes|LHE|EDI|EN|PHR,UK+IE rest,179518613410,2435737357406,lhe to edi first class flights,PHRASE,ENABLED,False,,0.5,2025-08-22 19:48:38,2026-04-28 13:37:14
Google|PK|O&D|Routes|LHE|EDI|EN|PHR,UK+IE rest,179518613410,2439059138791,lhe to edi first class tickets,PHRASE,ENABLED,False,,0.5,2025-08-22 19:48:38,2026-04-28 13:37:14
Google|PK|O&D|Routes|LHE|EDI|EN|PHR,UK+IE rest,185869853682,2410348835942,lhe to edi flight tickets,PHRASE,ENABLED,False,,0.5,2025-08-22 19:54:49,2026-04-28 13:37:14
Google|PK|O&D|Routes|LHE|EDI|EN|PHR,UK+IE rest,185869853682,766004532853,lhe to edi flights,PHRASE,ENABLED,False,,0.5,2025-08-22 19:54:50,2026-04-28 13:37:14
Google|PK|O&D|Routes|LHE|EDI|EN|PHR,UK+IE rest,185869853682,2436965324121,lhe to edi tickets,PHRASE,ENABLED,False,,0.5,2025-08-22 19:54:49,2026-04-28 13:37:14
Google|PK|O&D|Routes|LHE|LGW|EN|MOD,UK+IE rest,183036170534,2438152509005,business class flights from lahore to london,BROAD,ENABLED,False,,0.5,2025-08-22 19:49:05,2026-04-28 13:36:29
Google|PK|O&D|Routes|LHE|LGW|EN|MOD,UK+IE rest,179518616530,2436964981601,first class flights from lahore to london,BROAD,ENABLED,False,,0.5,2025-08-22 19:48:41,2026-04-28 13:36:29
Google|PK|O&D|Routes|LHE|LGW|EN|MOD,UK+IE rest,184210679733,296802367125,flights from lahore to london,BROAD,ENABLED,False,6,0.5,2025-08-22 19:51:40,2026-04-28 13:36:29
Google|PK|O&D|Routes|LHE|LGW|EN|MOD,UK+IE rest,184210679733,418409260966,lahore to london airfare,BROAD,ENABLED,False,,0.5,2025-08-22 19:51:40,2026-04-28 13:36:29
Google|PK|O&D|Routes|LHE|LGW|EN|MOD,UK+IE rest,183036170534,2435170983542,lahore to london business class airfare,BROAD,ENABLED,False,,0.5,2025-08-22 19:49:05,2026-04-28 13:36:29
Google|PK|O&D|Routes|LHE|LGW|EN|MOD,UK+IE rest,183036170534,2435171449142,lahore to london business class deals,BROAD,ENABLED,False,,0.5,2025-08-22 19:49:05,2026-04-28 13:36:29
Google|PK|O&D|Routes|LHE|LGW|EN|MOD,UK+IE rest,183036170534,2438053690025,lahore to london business class flight tickets,BROAD,ENABLED,False,,0.5,2025-08-22 19:49:05,2026-04-28 13:36:29
Google|PK|O&D|Routes|LHE|LGW|EN|MOD,UK+IE rest,183036170534,2436601020949,lahore to london business class flights,BROAD,ENABLED,False,,0.5,2025-08-22 19:49:05,2026-04-28 13:36:29
Google|PK|O&D|Routes|LHE|LGW|EN|MOD,UK+IE rest,183036170534,2437923015983,lahore to london business class tickets,BROAD,ENABLED,False,,0.5,2025-08-22 19:49:05,2026-04-28 13:36:29
Google|PK|O&D|Routes|LHE|LGW|EN|MOD,UK+IE rest,184210679733,2465864681924,lahore to london deals,BROAD,ENABLED,False,,0.5,2025-08-22 19:51:40,2026-04-28 13:36:29
Google|PK|O&D|Routes|LHE|LGW|EN|MOD,UK+IE rest,179518616530,2437924451263,lahore to london first class airfare,BROAD,ENABLED,False,,0.5,2025-08-22 19:48:41,2026-04-28 13:36:29
Google|PK|O&D|Routes|LHE|LGW|EN|MOD,UK+IE rest,179518616530,2436601220869,lahore to london first class deals,BROAD,ENABLED,False,,0.5,2025-08-22 19:48:42,2026-04-28 13:36:29
Google|PK|O&D|Routes|LHE|LGW|EN|MOD,UK+IE rest,179518616530,2438152820845,lahore to london first class flight tickets,BROAD,ENABLED,False,,0.5,2025-08-22 19:48:41,2026-04-28 13:36:29
Google|PK|O&D|Routes|LHE|LGW|EN|MOD,UK+IE rest,179518616530,2436200388226,lahore to london first class flights,BROAD,ENABLED,False,,0.5,2025-08-22 19:48:42,2026-04-28 13:36:29
Google|PK|O&D|Routes|LHE|LGW|EN|MOD,UK+IE rest,179518616530,2437726697655,lahore to london first class tickets,BROAD,ENABLED,False,,0.5,2025-08-22 19:48:41,2026-04-28 13:36:29
Google|PK|O&D|Routes|LHE|LGW|EN|MOD,UK+IE rest,184210679733,2372732652174,lahore to london flight tickets,BROAD,ENABLED,False,9,0.5,2025-08-22 19:51:40,2026-04-28 13:36:29
Google|PK|O&D|Routes|LHE|LGW|EN|MOD,UK+IE rest,184210679733,314304291782,lahore to london flights,BROAD,ENABLED,False,7,0.5,2025-08-22 19:51:39,2026-04-28 13:36:29
Google|PK|O&D|Routes|LHE|LGW|EN|MOD,UK+IE rest,184210679733,1701036965419,lahore to london tickets,BROAD,ENABLED,False,9,0.5,2025-08-22 19:51:40,2026-04-28 13:36:29
Google|PK|O&D|Routes|LHE|LHR|EN|MOD,UK+IE rest,185869952762,2438152509005,business class flights from lahore to london,BROAD,ENABLED,False,8,0.5,2025-08-22 19:55:17,2026-04-28 13:37:47
Google|PK|O&D|Routes|LHE|LHR|EN|MOD,UK+IE rest,187898157561,2436964981601,first class flights from lahore to london,BROAD,ENABLED,False,,0.5,2025-08-22 19:57:31,2026-04-28 13:37:47
Google|PK|O&D|Routes|LHE|LHR|EN|MOD,UK+IE rest,189985876528,296802367125,flights from lahore to london,BROAD,ENABLED,False,6,0.5,2025-08-22 19:58:33,2026-04-28 13:37:47
Google|PK|O&D|Routes|LHE|LHR|EN|MOD,UK+IE rest,189985876528,418409260966,lahore to london airfare,BROAD,ENABLED,False,10,0.5,2025-08-22 19:58:32,2026-04-28 13:37:47
Google|PK|O&D|Routes|LHE|LHR|EN|MOD,UK+IE rest,185869952762,2435170983542,lahore to london business class airfare,BROAD,ENABLED,False,,0.5,2025-08-22 19:55:17,2026-04-28 13:37:47
Google|PK|O&D|Routes|LHE|LHR|EN|MOD,UK+IE rest,185869952762,2435171449142,lahore to london business class deals,BROAD,ENABLED,False,,0.5,2025-08-22 19:55:17,2026-04-28 13:37:47
Google|PK|O&D|Routes|LHE|LHR|EN|MOD,UK+IE rest,185869952762,2438053690025,lahore to london business class flight tickets,BROAD,ENABLED,False,,0.5,2025-08-22 19:55:17,2026-04-28 13:37:47
Google|PK|O&D|Routes|LHE|LHR|EN|MOD,UK+IE rest,185869952762,2436601020949,lahore to london business class flights,BROAD,ENABLED,False,,0.5,2025-08-22 19:55:17,2026-04-28 13:37:47
Google|PK|O&D|Routes|LHE|LHR|EN|MOD,UK+IE rest,185869952762,2437923015983,lahore to london business class tickets,BROAD,ENABLED,False,,0.5,2025-08-22 19:55:17,2026-04-28 13:37:47
Google|PK|O&D|Routes|LHE|LHR|EN|MOD,UK+IE rest,189985876528,2465864681924,lahore to london deals,BROAD,ENABLED,False,,0.5,2025-08-22 19:58:32,2026-04-28 13:37:47
Google|PK|O&D|Routes|LHE|LHR|EN|MOD,UK+IE rest,187898157561,2437924451263,lahore to london first class airfare,BROAD,ENABLED,False,,0.5,2025-08-22 19:57:31,2026-04-28 13:37:47
Google|PK|O&D|Routes|LHE|LHR|EN|MOD,UK+IE rest,187898157561,2436601220869,lahore to london first class deals,BROAD,ENABLED,False,,0.5,2025-08-22 19:57:31,2026-04-28 13:37:47
Google|PK|O&D|Routes|LHE|LHR|EN|MOD,UK+IE rest,187898157561,2438152820845,lahore to london first class flight tickets,BROAD,ENABLED,False,,0.5,2025-08-22 19:57:31,2026-04-28 13:37:47
Google|PK|O&D|Routes|LHE|LHR|EN|MOD,UK+IE rest,187898157561,2436200388226,lahore to london first class flights,BROAD,ENABLED,False,,0.5,2025-08-22 19:57:31,2026-04-28 13:37:47
Google|PK|O&D|Routes|LHE|LHR|EN|MOD,UK+IE rest,187898157561,2437726697655,lahore to london first class tickets,BROAD,ENABLED,False,,0.5,2025-08-22 19:57:31,2026-04-28 13:37:47
Google|PK|O&D|Routes|LHE|LHR|EN|MOD,UK+IE rest,189985876528,2372732652174,lahore to london flight tickets,BROAD,ENABLED,False,,0.5,2025-08-22 19:58:33,2026-04-28 13:37:47
Google|PK|O&D|Routes|LHE|LHR|EN|MOD,UK+IE rest,189985876528,314304291782,lahore to london flights,BROAD,ENABLED,False,8,0.5,2025-08-22 19:58:33,2026-04-28 13:37:47
Google|PK|O&D|Routes|LHE|LHR|EN|MOD,UK+IE rest,189985876528,1701036965419,lahore to london tickets,BROAD,ENABLED,False,8,0.5,2025-08-22 19:58:33,2026-04-28 13:37:47
Google|PK|O&D|Routes|LHE|LHR|EN|PHR,UK+IE rest,185026115715,784454583276,business class flights from lhe to lhr,PHRASE,ENABLED,False,,0.5,2025-08-22 19:53:05,2026-04-28 13:35:30
Google|PK|O&D|Routes|LHE|LHR|EN|PHR,UK+IE rest,183062217006,784415339751,first class flights from lhe to lhr,PHRASE,ENABLED,False,,0.5,2025-08-22 19:49:45,2026-04-28 13:35:30
Google|PK|O&D|Routes|LHE|LHR|EN|PHR,UK+IE rest,181230604221,357859881527,flights from lhe to lhr,PHRASE,ENABLED,False,6,0.5,2025-08-22 19:48:55,2026-04-28 13:35:30
Google|PK|O&D|Routes|LHE|LHR|EN|PHR,UK+IE rest,181230604221,2439113314718,lhe to lhr airfare,PHRASE,ENABLED,False,,0.5,2025-08-22 19:48:56,2026-04-28 13:35:30
Google|PK|O&D|Routes|LHE|LHR|EN|PHR,UK+IE rest,185026115715,2436096078649,lhe to lhr business class airfare,PHRASE,ENABLED,False,,0.5,2025-08-22 19:53:04,2026-04-28 13:35:30
Google|PK|O&D|Routes|LHE|LHR|EN|PHR,UK+IE rest,185026115715,2438054581905,lhe to lhr business class deals,PHRASE,ENABLED,False,,0.5,2025-08-22 19:53:05,2026-04-28 13:35:30
Google|PK|O&D|Routes|LHE|LHR|EN|PHR,UK+IE rest,185026115715,2436200867706,lhe to lhr business class flight tickets,PHRASE,ENABLED,False,,0.5,2025-08-22 19:53:04,2026-04-28 13:35:30
Google|PK|O&D|Routes|LHE|LHR|EN|PHR,UK+IE rest,185026115715,2492246594527,lhe to lhr business class flights,PHRASE,ENABLED,False,,0.5,2025-08-22 19:53:04,2026-04-28 13:35:30
Google|PK|O&D|Routes|LHE|LHR|EN|PHR,UK+IE rest,185026115715,2438308841978,lhe to lhr business class tickets,PHRASE,ENABLED,False,,0.5,2025-08-22 19:53:05,2026-04-28 13:35:30
Google|PK|O&D|Routes|LHE|LHR|EN|PHR,UK+IE rest,181230604221,782312208430,lhe to lhr deals,PHRASE,ENABLED,False,,0.5,2025-08-22 19:48:56,2026-04-28 13:35:30
Google|PK|O&D|Routes|LHE|LHR|EN|PHR,UK+IE rest,183062217006,2438334265628,lhe to lhr first class airfare,PHRASE,ENABLED,False,,0.5,2025-08-22 19:49:45,2026-04-28 13:35:30
Google|PK|O&D|Routes|LHE|LHR|EN|PHR,UK+IE rest,183062217006,2438334128628,lhe to lhr first class deals,PHRASE,ENABLED,False,,0.5,2025-08-22 19:49:46,2026-04-28 13:35:30
Google|PK|O&D|Routes|LHE|LHR|EN|PHR,UK+IE rest,183062217006,2438334129268,lhe to lhr first class flight tickets,PHRASE,ENABLED,False,,0.5,2025-08-22 19:49:46,2026-04-28 13:35:30
Google|PK|O&D|Routes|LHE|LHR|EN|PHR,UK+IE rest,183062217006,2436105088067,lhe to lhr first class flights,PHRASE,ENABLED,False,,0.5,2025-08-22 19:49:45,2026-04-28 13:35:30
Google|PK|O&D|Routes|LHE|LHR|EN|PHR,UK+IE rest,183062217006,2436642667573,lhe to lhr first class tickets,PHRASE,ENABLED,False,,0.5,2025-08-22 19:49:45,2026-04-28 13:35:30
Google|PK|O&D|Routes|LHE|LHR|EN|PHR,UK+IE rest,181230604221,2410914849326,lhe to lhr flight tickets,PHRASE,ENABLED,False,,0.5,2025-08-22 19:48:55,2026-04-28 13:35:30
Google|PK|O&D|Routes|LHE|LHR|EN|PHR,UK+IE rest,181230604221,516383687456,lhe to lhr flights,PHRASE,ENABLED,False,7,0.5,2025-08-22 19:48:56,2026-04-28 13:35:30
Google|PK|O&D|Routes|LHE|LHR|EN|PHR,UK+IE rest,181230604221,2069750481033,lhe to lhr tickets,PHRASE,ENABLED,False,10,0.5,2025-08-22 19:48:56,2026-04-28 13:35:30
Google|PK|O&D|Routes|LHE|MAN|EN|MOD,UK+IE rest,186817086680,2439065617424,business class flights from lahore to manchester,BROAD,ENABLED,False,,0.5,2025-08-22 19:56:16,2026-04-28 13:37:58
Google|PK|O&D|Routes|LHE|MAN|EN|MOD,UK+IE rest,185869700042,2436105064787,first class flights from lahore to manchester,BROAD,ENABLED,False,,0.5,2025-08-22 19:54:30,2026-04-28 13:37:58
Google|PK|O&D|Routes|LHE|MAN|EN|MOD,UK+IE rest,183036286454,322157715498,flights from lahore to manchester,BROAD,ENABLED,False,8,0.5,2025-08-22 19:49:17,2026-04-28 13:37:58
Google|PK|O&D|Routes|LHE|MAN|EN|MOD,UK+IE rest,183036286454,2437673571593,lahore to manchester airfare,BROAD,ENABLED,False,10,0.5,2025-08-22 19:49:17,2026-04-28 13:37:58
Google|PK|O&D|Routes|LHE|MAN|EN|MOD,UK+IE rest,186817086680,2438153658165,lahore to manchester business class airfare,BROAD,ENABLED,False,,0.5,2025-08-22 19:56:16,2026-04-28 13:37:58
Google|PK|O&D|Routes|LHE|MAN|EN|MOD,UK+IE rest,186817086680,2438153641565,lahore to manchester business class deals,BROAD,ENABLED,False,,0.5,2025-08-22 19:56:16,2026-04-28 13:37:58
Google|PK|O&D|Routes|LHE|MAN|EN|MOD,UK+IE rest,186817086680,2438153671085,lahore to manchester business class flight tickets,BROAD,ENABLED,False,,0.5,2025-08-22 19:56:17,2026-04-28 13:37:58
Google|PK|O&D|Routes|LHE|MAN|EN|MOD,UK+IE rest,186817086680,2436340338879,lahore to manchester business class flights,BROAD,ENABLED,False,,0.5,2025-08-22 19:56:15,2026-04-28 13:37:58
Google|PK|O&D|Routes|LHE|MAN|EN|MOD,UK+IE rest,186817086680,2438309013778,lahore to manchester business class tickets,BROAD,ENABLED,False,,0.5,2025-08-22 19:56:16,2026-04-28 13:37:58
Google|PK|O&D|Routes|LHE|MAN|EN|MOD,UK+IE rest,183036286454,2465864620684,lahore to manchester deals,BROAD,ENABLED,False,,0.5,2025-08-22 19:49:18,2026-04-28 13:37:58
Google|PK|O&D|Routes|LHE|MAN|EN|MOD,UK+IE rest,185869700042,2436105188627,lahore to manchester first class airfare,BROAD,ENABLED,False,,0.5,2025-08-22 19:54:30,2026-04-28 13:37:58
Google|PK|O&D|Routes|LHE|MAN|EN|MOD,UK+IE rest,185869700042,2435171411662,lahore to manchester first class deals,BROAD,ENABLED,False,,0.5,2025-08-22 19:54:30,2026-04-28 13:37:58
Google|PK|O&D|Routes|LHE|MAN|EN|MOD,UK+IE rest,185869700042,2435868514762,lahore to manchester first class flight tickets,BROAD,ENABLED,False,,0.5,2025-08-22 19:54:30,2026-04-28 13:37:58
Google|PK|O&D|Routes|LHE|MAN|EN|MOD,UK+IE rest,185869700042,2437673937313,lahore to manchester first class flights,BROAD,ENABLED,False,,0.5,2025-08-22 19:54:30,2026-04-28 13:37:58
Google|PK|O&D|Routes|LHE|MAN|EN|MOD,UK+IE rest,185869700042,2438055102225,lahore to manchester first class tickets,BROAD,ENABLED,False,,0.5,2025-08-22 19:54:30,2026-04-28 13:37:58
Google|PK|O&D|Routes|LHE|MAN|EN|MOD,UK+IE rest,183036286454,2394400361710,lahore to manchester flight tickets,BROAD,ENABLED,False,,0.5,2025-08-22 19:49:18,2026-04-28 13:37:58
Google|PK|O&D|Routes|LHE|MAN|EN|MOD,UK+IE rest,183036286454,424810317055,lahore to manchester flights,BROAD,ENABLED,False,6,0.5,2025-08-22 19:49:18,2026-04-28 13:37:58
Google|PK|O&D|Routes|LHE|MAN|EN|MOD,UK+IE rest,183036286454,2372967059971,lahore to manchester tickets,BROAD,ENABLED,False,8,0.5,2025-08-22 19:49:17,2026-04-28 13:37:58
Google|PK|O&D|Routes|LHE|MAN|EN|PHR,UK+IE rest,186817105120,847608902877,business class flights from lhe to man,PHRASE,ENABLED,False,,0.5,2025-08-22 19:56:36,2026-04-28 13:38:43
Google|PK|O&D|Routes|LHE|MAN|EN|PHR,UK+IE rest,185194383518,783452222069,first class flights from lhe to man,PHRASE,ENABLED,False,,0.5,2025-08-22 19:53:51,2026-04-28 13:38:43
Google|PK|O&D|Routes|LHE|MAN|EN|PHR,UK+IE rest,185954700444,303691855651,flights from lhe to man,PHRASE,ENABLED,False,9,0.5,2025-08-22 19:55:43,2026-04-28 13:38:43
Google|PK|O&D|Routes|LHE|MAN|EN|PHR,UK+IE rest,185954700444,2438055905025,lhe to man airfare,PHRASE,ENABLED,False,,0.5,2025-08-22 19:55:43,2026-04-28 13:38:43
Google|PK|O&D|Routes|LHE|MAN|EN|PHR,UK+IE rest,186817105120,2438513853000,lhe to man business class airfare,PHRASE,ENABLED,False,,0.5,2025-08-22 19:56:37,2026-04-28 13:38:43
Google|PK|O&D|Routes|LHE|MAN|EN|PHR,UK+IE rest,186817105120,2436096525769,lhe to man business class deals,PHRASE,ENABLED,False,,0.5,2025-08-22 19:56:36,2026-04-28 13:38:43
Google|PK|O&D|Routes|LHE|MAN|EN|PHR,UK+IE rest,186817105120,2435287970140,lhe to man business class flight tickets,PHRASE,ENABLED,False,,0.5,2025-08-22 19:56:36,2026-04-28 13:38:43
Google|PK|O&D|Routes|LHE|MAN|EN|PHR,UK+IE rest,186817105120,2465864897204,lhe to man business class flights,PHRASE,ENABLED,False,,0.5,2025-08-22 19:56:37,2026-04-28 13:38:43
Google|PK|O&D|Routes|LHE|MAN|EN|PHR,UK+IE rest,186817105120,2436602565989,lhe to man business class tickets,PHRASE,ENABLED,False,,0.5,2025-08-22 19:56:36,2026-04-28 13:38:43
Google|PK|O&D|Routes|LHE|MAN|EN|PHR,UK+IE rest,185954700444,806619498474,lhe to man deals,PHRASE,ENABLED,False,,0.5,2025-08-22 19:55:43,2026-04-28 13:38:43
Google|PK|O&D|Routes|LHE|MAN|EN|PHR,UK+IE rest,185194383518,2438054531905,lhe to man first class airfare,PHRASE,ENABLED,False,,0.5,2025-08-22 19:53:51,2026-04-28 13:38:43
Google|PK|O&D|Routes|LHE|MAN|EN|PHR,UK+IE rest,185194383518,2438153129725,lhe to man first class deals,PHRASE,ENABLED,False,,0.5,2025-08-22 19:53:51,2026-04-28 13:38:43
Google|PK|O&D|Routes|LHE|MAN|EN|PHR,UK+IE rest,185194383518,2441320389301,lhe to man first class flight tickets,PHRASE,ENABLED,False,,0.5,2025-08-22 19:53:50,2026-04-28 13:38:43
Google|PK|O&D|Routes|LHE|MAN|EN|PHR,UK+IE rest,185194383518,2629955378152,lhe to man first class flights,PHRASE,ENABLED,False,,0.5,2025-08-22 19:53:51,2026-04-28 13:38:43
Google|PK|O&D|Routes|LHE|MAN|EN|PHR,UK+IE rest,185194383518,2465864473604,lhe to man first class tickets,PHRASE,ENABLED,False,,0.5,2025-08-22 19:53:51,2026-04-28 13:38:43
Google|PK|O&D|Routes|LHE|MAN|EN|PHR,UK+IE rest,185954700444,2411874231294,lhe to man flight tickets,PHRASE,ENABLED,False,,0.5,2025-08-22 19:55:43,2026-04-28 13:38:43
Google|PK|O&D|Routes|LHE|MAN|EN|PHR,UK+IE rest,185954700444,766056555006,lhe to man flights,PHRASE,ENABLED,False,10,0.5,2025-08-22 19:55:43,2026-04-28 13:38:43
Google|PK|O&D|Routes|LHE|MAN|EN|PHR,UK+IE rest,185954700444,2436105628227,lhe to man tickets,PHRASE,ENABLED,False,,0.5,2025-08-22 19:55:43,2026-04-28 13:38:43
Google|PK|O&D|Routes|MUX|BHX|EN|MOD,UK+IE rest,191944450050,2483324368009,business class flights from multan to birmingham,BROAD,ENABLED,False,,0.5,2026-05-21 13:52:26,2026-05-22 09:37:20
Google|PK|O&D|Routes|MUX|BHX|EN|MOD,UK+IE rest,191944490610,2486176058151,first class flights from multan to birmingham,BROAD,ENABLED,False,,0.5,2026-05-21 13:52:27,2026-05-22 09:37:20
Google|PK|O&D|Routes|MUX|BHX|EN|MOD,UK+IE rest,193681838381,888726623262,flights from multan to birmingham,BROAD,ENABLED,False,9,0.5,2026-05-21 13:58:23,2026-05-22 09:37:20
Google|PK|O&D|Routes|MUX|BHX|EN|MOD,UK+IE rest,193681838381,2484428509891,multan to birmingham airfare,BROAD,ENABLED,False,,0.5,2026-05-21 13:58:24,2026-05-22 09:37:20
Google|PK|O&D|Routes|MUX|BHX|EN|MOD,UK+IE rest,191944450050,2482847407806,multan to birmingham business class airfare,BROAD,ENABLED,False,,0.5,2026-05-21 13:52:26,2026-05-22 09:37:20
Google|PK|O&D|Routes|MUX|BHX|EN|MOD,UK+IE rest,191944450050,2507592837314,multan to birmingham business class deals,BROAD,ENABLED,False,,0.5,2026-05-21 13:52:26,2026-05-22 09:37:20
Google|PK|O&D|Routes|MUX|BHX|EN|MOD,UK+IE rest,191944450050,2484118073961,multan to birmingham business class flight tickets,BROAD,ENABLED,False,,0.5,2026-05-21 13:52:27,2026-05-22 09:37:20
Google|PK|O&D|Routes|MUX|BHX|EN|MOD,UK+IE rest,191944450050,2483147728787,multan to birmingham business class flights,BROAD,ENABLED,False,,0.5,2026-05-21 13:52:25,2026-05-22 09:37:20
Google|PK|O&D|Routes|MUX|BHX|EN|MOD,UK+IE rest,191944450050,2485363391916,multan to birmingham business class tickets,BROAD,ENABLED,False,,0.5,2026-05-21 13:52:26,2026-05-22 09:37:20
Google|PK|O&D|Routes|MUX|BHX|EN|MOD,UK+IE rest,193681838381,2482847333446,multan to birmingham deals,BROAD,ENABLED,False,,0.5,2026-05-21 13:58:23,2026-05-22 09:37:20
Google|PK|O&D|Routes|MUX|BHX|EN|MOD,UK+IE rest,191944490610,2483533757669,multan to birmingham first class airfare,BROAD,ENABLED,False,,0.5,2026-05-21 13:52:26,2026-05-22 09:37:20
Google|PK|O&D|Routes|MUX|BHX|EN|MOD,UK+IE rest,191944490610,2488997695092,multan to birmingham first class deals,BROAD,ENABLED,False,,0.5,2026-05-21 13:52:26,2026-05-22 09:37:20
Google|PK|O&D|Routes|MUX|BHX|EN|MOD,UK+IE rest,191944490610,2507592803994,multan to birmingham first class flight tickets,BROAD,ENABLED,False,,0.5,2026-05-21 13:52:25,2026-05-22 09:37:20
Google|PK|O&D|Routes|MUX|BHX|EN|MOD,UK+IE rest,191944490610,2488997677412,multan to birmingham first class flights,BROAD,ENABLED,False,,0.5,2026-05-21 13:52:26,2026-05-22 09:37:20
Google|PK|O&D|Routes|MUX|BHX|EN|MOD,UK+IE rest,191944490610,2507592836554,multan to birmingham first class tickets,BROAD,ENABLED,False,,0.5,2026-05-21 13:52:26,2026-05-22 09:37:20
Google|PK|O&D|Routes|MUX|BHX|EN|MOD,UK+IE rest,193681838381,2485136477273,multan to birmingham flight tickets,BROAD,ENABLED,False,,0.5,2026-05-21 13:58:23,2026-05-22 09:37:20
Google|PK|O&D|Routes|MUX|BHX|EN|MOD,UK+IE rest,193681838381,2426233603330,multan to birmingham flights,BROAD,ENABLED,False,10,0.5,2026-05-21 13:58:24,2026-05-22 09:37:20
Google|PK|O&D|Routes|MUX|BHX|EN|MOD,UK+IE rest,193681838381,2484428348131,multan to birmingham tickets,BROAD,ENABLED,False,,0.5,2026-05-21 13:58:23,2026-05-22 09:37:20
Google|PK|O&D|Routes|MUX|EDI|EN|MOD,UK+IE rest,187176900151,2435171676422,business class flights from multan to edinburgh,BROAD,ENABLED,False,,0.5,2025-08-22 19:56:49,2026-04-28 13:39:53
Google|PK|O&D|Routes|MUX|EDI|EN|MOD,UK+IE rest,189985888768,2438173711396,first class flights from multan to edinburgh,BROAD,ENABLED,False,,0.5,2025-08-22 19:58:42,2026-04-28 13:39:53
Google|PK|O&D|Routes|MUX|EDI|EN|MOD,UK+IE rest,185026133915,1644141240900,flights from multan to edinburgh,BROAD,ENABLED,False,9,0.5,2025-08-22 19:53:17,2026-04-28 13:39:53
Google|PK|O&D|Routes|MUX|EDI|EN|MOD,UK+IE rest,185026133915,2441320250101,multan to edinburgh airfare,BROAD,ENABLED,False,,0.5,2025-08-22 19:53:17,2026-04-28 13:39:53
Google|PK|O&D|Routes|MUX|EDI|EN|MOD,UK+IE rest,187176900151,2438308764938,multan to edinburgh business class airfare,BROAD,ENABLED,False,,0.5,2025-08-22 19:56:49,2026-04-28 13:39:53
Google|PK|O&D|Routes|MUX|EDI|EN|MOD,UK+IE rest,187176900151,2438513296920,multan to edinburgh business class deals,BROAD,ENABLED,False,,0.5,2025-08-22 19:56:49,2026-04-28 13:39:53
Google|PK|O&D|Routes|MUX|EDI|EN|MOD,UK+IE rest,187176900151,2438334676268,multan to edinburgh business class flight tickets,BROAD,ENABLED,False,,0.5,2025-08-22 19:56:49,2026-04-28 13:39:53
Google|PK|O&D|Routes|MUX|EDI|EN|MOD,UK+IE rest,187176900151,2436601631189,multan to edinburgh business class flights,BROAD,ENABLED,False,,0.5,2025-08-22 19:56:49,2026-04-28 13:39:53
Google|PK|O&D|Routes|MUX|EDI|EN|MOD,UK+IE rest,187176900151,2438740765875,multan to edinburgh business class tickets,BROAD,ENABLED,False,,0.5,2025-08-22 19:56:49,2026-04-28 13:39:53
Google|PK|O&D|Routes|MUX|EDI|EN|MOD,UK+IE rest,185026133915,2438309262458,multan to edinburgh deals,BROAD,ENABLED,False,,0.5,2025-08-22 19:53:18,2026-04-28 13:39:53
Google|PK|O&D|Routes|MUX|EDI|EN|MOD,UK+IE rest,189985888768,2465864975164,multan to edinburgh first class airfare,BROAD,ENABLED,False,,0.5,2025-08-22 19:58:42,2026-04-28 13:39:53
Google|PK|O&D|Routes|MUX|EDI|EN|MOD,UK+IE rest,189985888768,2435171821342,multan to edinburgh first class deals,BROAD,ENABLED,False,,0.5,2025-08-22 19:58:42,2026-04-28 13:39:53
Google|PK|O&D|Routes|MUX|EDI|EN|MOD,UK+IE rest,189985888768,2435171749662,multan to edinburgh first class flight tickets,BROAD,ENABLED,False,,0.5,2025-08-22 19:58:41,2026-04-28 13:39:53
Google|PK|O&D|Routes|MUX|EDI|EN|MOD,UK+IE rest,189985888768,2438055883665,multan to edinburgh first class flights,BROAD,ENABLED,False,,0.5,2025-08-22 19:58:42,2026-04-28 13:39:53
Google|PK|O&D|Routes|MUX|EDI|EN|MOD,UK+IE rest,189985888768,2465864872724,multan to edinburgh first class tickets,BROAD,ENABLED,False,,0.5,2025-08-22 19:58:41,2026-04-28 13:39:53
Google|PK|O&D|Routes|MUX|EDI|EN|MOD,UK+IE rest,185026133915,2437725947255,multan to edinburgh flight tickets,BROAD,ENABLED,False,,0.5,2025-08-22 19:53:17,2026-04-28 13:39:53
Google|PK|O&D|Routes|MUX|EDI|EN|MOD,UK+IE rest,185026133915,2417175167023,multan to edinburgh flights,BROAD,ENABLED,False,10,0.5,2025-08-22 19:53:18,2026-04-28 13:39:53
Google|PK|O&D|Routes|MUX|EDI|EN|MOD,UK+IE rest,185026133915,2436415754150,multan to edinburgh tickets,BROAD,ENABLED,False,,0.5,2025-08-22 19:53:18,2026-04-28 13:39:53
Google|PK|O&D|Routes|MUX|LHR|EN|MOD,UK+IE rest,187898287361,2438173729676,business class flights from multan to london,BROAD,ENABLED,False,,0.5,2025-08-22 19:57:54,2026-04-28 13:39:32
Google|PK|O&D|Routes|MUX|LHR|EN|MOD,UK+IE rest,188027086047,2436096578609,first class flights from multan to london,BROAD,ENABLED,False,,0.5,2025-08-22 19:58:01,2026-04-28 13:39:32
Google|PK|O&D|Routes|MUX|LHR|EN|MOD,UK+IE rest,185780405913,441128729261,flights from multan to london,BROAD,ENABLED,False,8,0.5,2025-08-22 19:54:19,2026-04-28 13:39:32
Google|PK|O&D|Routes|MUX|LHR|EN|MOD,UK+IE rest,185780405913,2438309391778,multan to london airfare,BROAD,ENABLED,False,,0.5,2025-08-22 19:54:19,2026-04-28 13:39:32
Google|PK|O&D|Routes|MUX|LHR|EN|MOD,UK+IE rest,187898287361,2438334719428,multan to london business class airfare,BROAD,ENABLED,False,,0.5,2025-08-22 19:57:54,2026-04-28 13:39:32
Google|PK|O&D|Routes|MUX|LHR|EN|MOD,UK+IE rest,187898287361,2435768571736,multan to london business class deals,BROAD,ENABLED,False,,0.5,2025-08-22 19:57:54,2026-04-28 13:39:32
Google|PK|O&D|Routes|MUX|LHR|EN|MOD,UK+IE rest,187898287361,2438173108276,multan to london business class flight tickets,BROAD,ENABLED,False,,0.5,2025-08-22 19:57:54,2026-04-28 13:39:32
Google|PK|O&D|Routes|MUX|LHR|EN|MOD,UK+IE rest,187898287361,2438173104956,multan to london business class flights,BROAD,ENABLED,False,,0.5,2025-08-22 19:57:54,2026-04-28 13:39:32
Google|PK|O&D|Routes|MUX|LHR|EN|MOD,UK+IE rest,187898287361,2438334710148,multan to london business class tickets,BROAD,ENABLED,False,,0.5,2025-08-22 19:57:54,2026-04-28 13:39:32
Google|PK|O&D|Routes|MUX|LHR|EN|MOD,UK+IE rest,185780405913,2492247097807,multan to london deals,BROAD,ENABLED,False,,0.5,2025-08-22 19:54:19,2026-04-28 13:39:32
Google|PK|O&D|Routes|MUX|LHR|EN|MOD,UK+IE rest,188027086047,2435868679322,multan to london first class airfare,BROAD,ENABLED,False,,0.5,2025-08-22 19:58:01,2026-04-28 13:39:32
Google|PK|O&D|Routes|MUX|LHR|EN|MOD,UK+IE rest,188027086047,2436096601329,multan to london first class deals,BROAD,ENABLED,False,,0.5,2025-08-22 19:58:01,2026-04-28 13:39:32
Google|PK|O&D|Routes|MUX|LHR|EN|MOD,UK+IE rest,188027086047,2492246968687,multan to london first class flight tickets,BROAD,ENABLED,False,,0.5,2025-08-22 19:58:01,2026-04-28 13:39:32
Google|PK|O&D|Routes|MUX|LHR|EN|MOD,UK+IE rest,188027086047,2436331753323,multan to london first class flights,BROAD,ENABLED,False,,0.5,2025-08-22 19:58:01,2026-04-28 13:39:32
Google|PK|O&D|Routes|MUX|LHR|EN|MOD,UK+IE rest,188027086047,2465864685044,multan to london first class tickets,BROAD,ENABLED,False,,0.5,2025-08-22 19:58:00,2026-04-28 13:39:32
Google|PK|O&D|Routes|MUX|LHR|EN|MOD,UK+IE rest,185780405913,2393778132369,multan to london flight tickets,BROAD,ENABLED,False,,0.5,2025-08-22 19:54:19,2026-04-28 13:39:32
Google|PK|O&D|Routes|MUX|LHR|EN|MOD,UK+IE rest,185780405913,884418765099,multan to london flights,BROAD,ENABLED,False,9,0.5,2025-08-22 19:54:18,2026-04-28 13:39:32
Google|PK|O&D|Routes|MUX|LHR|EN|MOD,UK+IE rest,185780405913,2438054192105,multan to london tickets,BROAD,ENABLED,False,9,0.5,2025-08-22 19:54:19,2026-04-28 13:39:32
Google|PK|O&D|Routes|MUX|LHR|EN|PHR,UK+IE rest,184210677813,782007776773,business class flights from mux to lhr,PHRASE,ENABLED,False,,0.5,2025-08-22 19:51:39,2026-04-28 13:35:30
Google|PK|O&D|Routes|MUX|LHR|EN|PHR,UK+IE rest,183062216366,781747726256,first class flights from mux to lhr,PHRASE,ENABLED,False,,0.5,2025-08-22 19:49:45,2026-04-28 13:35:30
Google|PK|O&D|Routes|MUX|LHR|EN|PHR,UK+IE rest,187898103001,302513986706,flights from mux to lhr,PHRASE,ENABLED,False,,0.5,2025-08-22 19:57:00,2026-04-28 13:35:30
Google|PK|O&D|Routes|MUX|LHR|EN|PHR,UK+IE rest,187898103001,2435768388176,mux to lhr airfare,PHRASE,ENABLED,False,,0.5,2025-08-22 19:57:00,2026-04-28 13:35:30
Google|PK|O&D|Routes|MUX|LHR|EN|PHR,UK+IE rest,184210677813,2436104594627,mux to lhr business class airfare,PHRASE,ENABLED,False,,0.5,2025-08-22 19:51:38,2026-04-28 13:35:30
Google|PK|O&D|Routes|MUX|LHR|EN|PHR,UK+IE rest,184210677813,2439065030304,mux to lhr business class deals,PHRASE,ENABLED,False,,0.5,2025-08-22 19:51:38,2026-04-28 13:35:30
Google|PK|O&D|Routes|MUX|LHR|EN|PHR,UK+IE rest,184210677813,2435171310422,mux to lhr business class flight tickets,PHRASE,ENABLED,False,,0.5,2025-08-22 19:51:38,2026-04-28 13:35:30
Google|PK|O&D|Routes|MUX|LHR|EN|PHR,UK+IE rest,184210677813,2437726734175,mux to lhr business class flights,PHRASE,ENABLED,False,,0.5,2025-08-22 19:51:38,2026-04-28 13:35:30
Google|PK|O&D|Routes|MUX|LHR|EN|PHR,UK+IE rest,184210677813,2436415551830,mux to lhr business class tickets,PHRASE,ENABLED,False,,0.5,2025-08-22 19:51:38,2026-04-28 13:35:30
Google|PK|O&D|Routes|MUX|LHR|EN|PHR,UK+IE rest,187898103001,783878462833,mux to lhr deals,PHRASE,ENABLED,False,,0.5,2025-08-22 19:57:01,2026-04-28 13:35:30
Google|PK|O&D|Routes|MUX|LHR|EN|PHR,UK+IE rest,183062216366,2436200413386,mux to lhr first class airfare,PHRASE,ENABLED,False,,0.5,2025-08-22 19:49:44,2026-04-28 13:35:26
Google|PK|O&D|Routes|MUX|LHR|EN|PHR,UK+IE rest,183062216366,2438053285185,mux to lhr first class deals,PHRASE,ENABLED,False,,0.5,2025-08-22 19:49:44,2026-04-28 13:35:30
Google|PK|O&D|Routes|MUX|LHR|EN|PHR,UK+IE rest,183062216366,2436964754601,mux to lhr first class flight tickets,PHRASE,ENABLED,False,,0.5,2025-08-22 19:49:44,2026-04-28 13:35:26
Google|PK|O&D|Routes|MUX|LHR|EN|PHR,UK+IE rest,183062216366,2438052922065,mux to lhr first class flights,PHRASE,ENABLED,False,,0.5,2025-08-22 19:49:44,2026-04-28 13:35:30
Google|PK|O&D|Routes|MUX|LHR|EN|PHR,UK+IE rest,183062216366,2438740172795,mux to lhr first class tickets,PHRASE,ENABLED,False,,0.5,2025-08-22 19:49:44,2026-04-28 13:35:30
Google|PK|O&D|Routes|MUX|LHR|EN|PHR,UK+IE rest,187898103001,2411504240133,mux to lhr flight tickets,PHRASE,ENABLED,False,,0.5,2025-08-22 19:57:01,2026-04-28 13:35:30
Google|PK|O&D|Routes|MUX|LHR|EN|PHR,UK+IE rest,187898103001,770525893605,mux to lhr flights,PHRASE,ENABLED,False,8,0.5,2025-08-22 19:57:01,2026-04-28 13:35:30
Google|PK|O&D|Routes|MUX|LHR|EN|PHR,UK+IE rest,187898103001,2438308712298,mux to lhr tickets,PHRASE,ENABLED,False,,0.5,2025-08-22 19:57:01,2026-04-28 13:35:30
Google|PK|O&D|Routes|MUX|MAN|EN|MOD,UK+IE rest,184787877056,2435287655500,business class flights from multan to manchester,BROAD,ENABLED,False,,0.5,2025-08-22 19:53:01,2026-04-28 13:39:35
Google|PK|O&D|Routes|MUX|MAN|EN|MOD,UK+IE rest,187176905471,2436096439889,first class flights from multan to manchester,BROAD,ENABLED,False,,0.5,2025-08-22 19:56:54,2026-04-28 13:39:35
Google|PK|O&D|Routes|MUX|MAN|EN|MOD,UK+IE rest,183969659469,1701141186633,flights from multan to manchester,BROAD,ENABLED,False,9,0.5,2025-08-22 19:51:30,2026-04-28 13:39:35
Google|PK|O&D|Routes|MUX|MAN|EN|MOD,UK+IE rest,183969659469,2492246565087,multan to manchester airfare,BROAD,ENABLED,False,,0.5,2025-08-22 19:51:30,2026-04-28 13:39:35
Google|PK|O&D|Routes|MUX|MAN|EN|MOD,UK+IE rest,184787877056,2441650758412,multan to manchester business class airfare,BROAD,ENABLED,False,,0.5,2025-08-22 19:53:00,2026-04-28 13:39:35
Google|PK|O&D|Routes|MUX|MAN|EN|MOD,UK+IE rest,184787877056,2439065373064,multan to manchester business class deals,BROAD,ENABLED,False,,0.5,2025-08-22 19:53:01,2026-04-28 13:39:35
Google|PK|O&D|Routes|MUX|MAN|EN|MOD,UK+IE rest,184787877056,2438513036320,multan to manchester business class flight tickets,BROAD,ENABLED,False,,0.5,2025-08-22 19:53:01,2026-04-28 13:39:35
Google|PK|O&D|Routes|MUX|MAN|EN|MOD,UK+IE rest,184787877056,2503247955517,multan to manchester business class flights,BROAD,ENABLED,False,,0.5,2025-08-22 19:53:01,2026-04-28 13:39:35
Google|PK|O&D|Routes|MUX|MAN|EN|MOD,UK+IE rest,184787877056,2439115128198,multan to manchester business class tickets,BROAD,ENABLED,False,,0.5,2025-08-22 19:53:01,2026-04-28 13:39:35
Google|PK|O&D|Routes|MUX|MAN|EN|MOD,UK+IE rest,183969659469,2435738416246,multan to manchester deals,BROAD,ENABLED,False,,0.5,2025-08-22 19:51:30,2026-04-28 13:39:35
Google|PK|O&D|Routes|MUX|MAN|EN|MOD,UK+IE rest,187176905471,2438513858600,multan to manchester first class airfare,BROAD,ENABLED,False,,0.5,2025-08-22 19:56:54,2026-04-28 13:39:35
Google|PK|O&D|Routes|MUX|MAN|EN|MOD,UK+IE rest,187176905471,2437727188055,multan to manchester first class deals,BROAD,ENABLED,False,,0.5,2025-08-22 19:56:54,2026-04-28 13:39:35
Google|PK|O&D|Routes|MUX|MAN|EN|MOD,UK+IE rest,187176905471,2436602714349,multan to manchester first class flight tickets,BROAD,ENABLED,False,,0.5,2025-08-22 19:56:54,2026-04-28 13:39:35
Google|PK|O&D|Routes|MUX|MAN|EN|MOD,UK+IE rest,187176905471,2436603530789,multan to manchester first class flights,BROAD,ENABLED,False,,0.5,2025-08-22 19:56:54,2026-04-28 13:39:35
Google|PK|O&D|Routes|MUX|MAN|EN|MOD,UK+IE rest,187176905471,2435287634820,multan to manchester first class tickets,BROAD,ENABLED,False,,0.5,2025-08-22 19:56:54,2026-04-28 13:39:35
Google|PK|O&D|Routes|MUX|MAN|EN|MOD,UK+IE rest,183969659469,2393854096067,multan to manchester flight tickets,BROAD,ENABLED,False,,0.5,2025-08-22 19:51:29,2026-04-28 13:39:35
Google|PK|O&D|Routes|MUX|MAN|EN|MOD,UK+IE rest,183969659469,1818448260628,multan to manchester flights,BROAD,ENABLED,False,9,0.5,2025-08-22 19:51:30,2026-04-28 13:39:35
Google|PK|O&D|Routes|MUX|MAN|EN|MOD,UK+IE rest,183969659469,2436602253509,multan to manchester tickets,BROAD,ENABLED,False,8,0.5,2025-08-22 19:51:30,2026-04-28 13:39:35
Google|PK|O&D|Routes|MUX|MAN|EN|PHR,UK+IE rest,187898137841,787380019132,business class flights from mux to man,PHRASE,ENABLED,False,,0.5,2025-08-22 19:57:15,2026-04-28 13:37:10
Google|PK|O&D|Routes|MUX|MAN|EN|PHR,UK+IE rest,179518599730,783444866761,first class flights from mux to man,PHRASE,ENABLED,False,,0.5,2025-08-22 19:48:35,2026-04-28 13:37:10
Google|PK|O&D|Routes|MUX|MAN|EN|PHR,UK+IE rest,185357523818,767944901467,flights from mux to man,PHRASE,ENABLED,False,,0.5,2025-08-22 19:54:06,2026-04-28 13:37:10
Google|PK|O&D|Routes|MUX|MAN|EN|PHR,UK+IE rest,185357523818,2439060239431,mux to man airfare,PHRASE,ENABLED,False,,0.5,2025-08-22 19:54:06,2026-04-28 13:37:10
Google|PK|O&D|Routes|MUX|MAN|EN|PHR,UK+IE rest,187898137841,2438297873930,mux to man business class airfare,PHRASE,ENABLED,False,,0.5,2025-08-22 19:57:16,2026-04-28 13:37:10
Google|PK|O&D|Routes|MUX|MAN|EN|PHR,UK+IE rest,187898137841,2436601668429,mux to man business class deals,PHRASE,ENABLED,False,,0.5,2025-08-22 19:57:15,2026-04-28 13:37:10
Google|PK|O&D|Routes|MUX|MAN|EN|PHR,UK+IE rest,187898137841,2438739562275,mux to man business class flight tickets,PHRASE,ENABLED,False,,0.5,2025-08-22 19:57:15,2026-04-28 13:37:10
Google|PK|O&D|Routes|MUX|MAN|EN|PHR,UK+IE rest,187898137841,2436601473749,mux to man business class flights,PHRASE,ENABLED,False,,0.5,2025-08-22 19:57:15,2026-04-28 13:37:10
Google|PK|O&D|Routes|MUX|MAN|EN|PHR,UK+IE rest,187898137841,2465864678124,mux to man business class tickets,PHRASE,ENABLED,False,,0.5,2025-08-22 19:57:15,2026-04-28 13:37:10
Google|PK|O&D|Routes|MUX|MAN|EN|PHR,UK+IE rest,185357523818,782960222639,mux to man deals,PHRASE,ENABLED,False,,0.5,2025-08-22 19:54:06,2026-04-28 13:37:10
Google|PK|O&D|Routes|MUX|MAN|EN|PHR,UK+IE rest,179518599730,2436200517066,mux to man first class airfare,PHRASE,ENABLED,False,,0.5,2025-08-22 19:48:34,2026-04-28 13:37:10
Google|PK|O&D|Routes|MUX|MAN|EN|PHR,UK+IE rest,179518599730,2436886251734,mux to man first class deals,PHRASE,ENABLED,False,,0.5,2025-08-22 19:48:34,2026-04-28 13:37:10
Google|PK|O&D|Routes|MUX|MAN|EN|PHR,UK+IE rest,179518599730,2436200541986,mux to man first class flight tickets,PHRASE,ENABLED,False,,0.5,2025-08-22 19:48:35,2026-04-28 13:37:10
Google|PK|O&D|Routes|MUX|MAN|EN|PHR,UK+IE rest,179518599730,2437726522695,mux to man first class flights,PHRASE,ENABLED,False,,0.5,2025-08-22 19:48:34,2026-04-28 13:37:10
Google|PK|O&D|Routes|MUX|MAN|EN|PHR,UK+IE rest,179518599730,2503247809397,mux to man first class tickets,PHRASE,ENABLED,False,,0.5,2025-08-22 19:48:34,2026-04-28 13:37:10
Google|PK|O&D|Routes|MUX|MAN|EN|PHR,UK+IE rest,185357523818,2413921241704,mux to man flight tickets,PHRASE,ENABLED,False,,0.5,2025-08-22 19:54:06,2026-04-28 13:37:10
Google|PK|O&D|Routes|MUX|MAN|EN|PHR,UK+IE rest,185357523818,823477546447,mux to man flights,PHRASE,ENABLED,False,7,0.5,2025-08-22 19:54:07,2026-04-28 13:37:10
Google|PK|O&D|Routes|MUX|MAN|EN|PHR,UK+IE rest,185357523818,2438054940185,mux to man tickets,PHRASE,ENABLED,False,,0.5,2025-08-22 19:54:07,2026-04-28 13:37:10
Google|PK|O&D|Routes|PEW|LHR|EN|MOD,UK+IE rest,187898283801,2438308877738,business class flights from peshawar to london,BROAD,ENABLED,False,,0.5,2025-08-22 19:57:49,2026-04-28 13:39:27
Google|PK|O&D|Routes|PEW|LHR|EN|MOD,UK+IE rest,185954698484,2492247716127,first class flights from peshawar to london,BROAD,ENABLED,False,,0.5,2025-08-22 19:55:42,2026-04-28 13:39:27
Google|PK|O&D|Routes|PEW|LHR|EN|MOD,UK+IE rest,183062253806,441128729421,flights from peshawar to london,BROAD,ENABLED,False,8,0.5,2025-08-22 19:50:09,2026-04-28 13:39:27
Google|PK|O&D|Routes|PEW|LHR|EN|MOD,UK+IE rest,183062253806,2439065334144,peshawar to london airfare,BROAD,ENABLED,False,,0.5,2025-08-22 19:50:10,2026-04-28 13:39:27
Google|PK|O&D|Routes|PEW|LHR|EN|MOD,UK+IE rest,187898283801,2438153355525,peshawar to london business class airfare,BROAD,ENABLED,False,,0.5,2025-08-22 19:57:49,2026-04-28 13:39:27
Google|PK|O&D|Routes|PEW|LHR|EN|MOD,UK+IE rest,187898283801,2438308716898,peshawar to london business class deals,BROAD,ENABLED,False,,0.5,2025-08-22 19:57:49,2026-04-28 13:39:27
Google|PK|O&D|Routes|PEW|LHR|EN|MOD,UK+IE rest,187898283801,2435288071620,peshawar to london business class flight tickets,BROAD,ENABLED,False,,0.5,2025-08-22 19:57:50,2026-04-28 13:39:27
Google|PK|O&D|Routes|PEW|LHR|EN|MOD,UK+IE rest,187898283801,2438335126068,peshawar to london business class flights,BROAD,ENABLED,False,,0.5,2025-08-22 19:57:50,2026-04-28 13:39:27
Google|PK|O&D|Routes|PEW|LHR|EN|MOD,UK+IE rest,187898283801,2439060411111,peshawar to london business class tickets,BROAD,ENABLED,False,,0.5,2025-08-22 19:57:50,2026-04-28 13:39:27
Google|PK|O&D|Routes|PEW|LHR|EN|MOD,UK+IE rest,183062253806,2439064867824,peshawar to london deals,BROAD,ENABLED,False,,0.5,2025-08-22 19:50:10,2026-04-28 13:39:27
Google|PK|O&D|Routes|PEW|LHR|EN|MOD,UK+IE rest,185954698484,2460412516234,peshawar to london first class airfare,BROAD,ENABLED,False,,0.5,2025-08-22 19:55:42,2026-04-28 13:39:27
Google|PK|O&D|Routes|PEW|LHR|EN|MOD,UK+IE rest,185954698484,2441319845981,peshawar to london first class deals,BROAD,ENABLED,False,,0.5,2025-08-22 19:55:42,2026-04-28 13:39:27
Google|PK|O&D|Routes|PEW|LHR|EN|MOD,UK+IE rest,185954698484,2438153177485,peshawar to london first class flight tickets,BROAD,ENABLED,False,,0.5,2025-08-22 19:55:42,2026-04-28 13:39:27
Google|PK|O&D|Routes|PEW|LHR|EN|MOD,UK+IE rest,185954698484,2437727015735,peshawar to london first class flights,BROAD,ENABLED,False,,0.5,2025-08-22 19:55:42,2026-04-28 13:39:27
Google|PK|O&D|Routes|PEW|LHR|EN|MOD,UK+IE rest,185954698484,2438184931379,peshawar to london first class tickets,BROAD,ENABLED,False,,0.5,2025-08-22 19:55:42,2026-04-28 13:39:27
Google|PK|O&D|Routes|PEW|LHR|EN|MOD,UK+IE rest,183062253806,2393856915307,peshawar to london flight tickets,BROAD,ENABLED,False,,0.5,2025-08-22 19:50:09,2026-04-28 13:39:27
Google|PK|O&D|Routes|PEW|LHR|EN|MOD,UK+IE rest,183062253806,711187936543,peshawar to london flights,BROAD,ENABLED,False,8,0.5,2025-08-22 19:50:10,2026-04-28 13:39:27
Google|PK|O&D|Routes|PEW|LHR|EN|MOD,UK+IE rest,183062253806,2440150765137,peshawar to london tickets,BROAD,ENABLED,False,8,0.5,2025-08-22 19:50:09,2026-04-28 13:39:27
Google|PK|O&D|Routes|PEW|LHR|EN|PHR,UK+IE rest,189985855808,812434811484,business class flights from pew to lhr,PHRASE,ENABLED,False,,0.5,2025-08-22 19:58:16,2026-04-28 13:37:05
Google|PK|O&D|Routes|PEW|LHR|EN|PHR,UK+IE rest,187898136121,784438478596,first class flights from pew to lhr,PHRASE,ENABLED,False,,0.5,2025-08-22 19:57:14,2026-04-28 13:37:05
Google|PK|O&D|Routes|PEW|LHR|EN|PHR,UK+IE rest,184210627893,304134730064,flights from pew to lhr,PHRASE,ENABLED,False,,0.5,2025-08-22 19:51:33,2026-04-28 13:37:05
Google|PK|O&D|Routes|PEW|LHR|EN|PHR,UK+IE rest,184210627893,2436601213589,pew to lhr airfare,PHRASE,ENABLED,False,,0.5,2025-08-22 19:51:34,2026-04-28 13:37:05
Google|PK|O&D|Routes|PEW|LHR|EN|PHR,UK+IE rest,189985855808,2438055478545,pew to lhr business class airfare,PHRASE,ENABLED,False,,0.5,2025-08-22 19:58:16,2026-04-28 13:37:05
Google|PK|O&D|Routes|PEW|LHR|EN|PHR,UK+IE rest,189985855808,2439066047424,pew to lhr business class deals,PHRASE,ENABLED,False,,0.5,2025-08-22 19:58:15,2026-04-28 13:37:05
Google|PK|O&D|Routes|PEW|LHR|EN|PHR,UK+IE rest,189985855808,2436096809009,pew to lhr business class flight tickets,PHRASE,ENABLED,False,,0.5,2025-08-22 19:58:15,2026-04-28 13:37:05
Google|PK|O&D|Routes|PEW|LHR|EN|PHR,UK+IE rest,189985855808,2629955675712,pew to lhr business class flights,PHRASE,ENABLED,False,,0.5,2025-08-22 19:58:16,2026-04-28 13:37:05
Google|PK|O&D|Routes|PEW|LHR|EN|PHR,UK+IE rest,189985855808,2439065871104,pew to lhr business class tickets,PHRASE,ENABLED,False,,0.5,2025-08-22 19:58:15,2026-04-28 13:37:05
Google|PK|O&D|Routes|PEW|LHR|EN|PHR,UK+IE rest,184210627893,783834822170,pew to lhr deals,PHRASE,ENABLED,False,,0.5,2025-08-22 19:51:33,2026-04-28 13:37:05
Google|PK|O&D|Routes|PEW|LHR|EN|PHR,UK+IE rest,187898136121,2436602560029,pew to lhr first class airfare,PHRASE,ENABLED,False,,0.5,2025-08-22 19:57:14,2026-04-28 13:37:05
Google|PK|O&D|Routes|PEW|LHR|EN|PHR,UK+IE rest,187898136121,2436096502929,pew to lhr first class deals,PHRASE,ENABLED,False,,0.5,2025-08-22 19:57:14,2026-04-28 13:37:05
Google|PK|O&D|Routes|PEW|LHR|EN|PHR,UK+IE rest,187898136121,2435867993962,pew to lhr first class flight tickets,PHRASE,ENABLED,False,,0.5,2025-08-22 19:57:14,2026-04-28 13:37:05
Google|PK|O&D|Routes|PEW|LHR|EN|PHR,UK+IE rest,187898136121,2438174023916,pew to lhr first class flights,PHRASE,ENABLED,False,,0.5,2025-08-22 19:57:14,2026-04-28 13:37:05
Google|PK|O&D|Routes|PEW|LHR|EN|PHR,UK+IE rest,187898136121,2435737290446,pew to lhr first class tickets,PHRASE,ENABLED,False,,0.5,2025-08-22 19:57:14,2026-04-28 13:37:05
Google|PK|O&D|Routes|PEW|LHR|EN|PHR,UK+IE rest,184210627893,2410958006762,pew to lhr flight tickets,PHRASE,ENABLED,False,,0.5,2025-08-22 19:51:34,2026-04-28 13:37:05
Google|PK|O&D|Routes|PEW|LHR|EN|PHR,UK+IE rest,184210627893,783834822450,pew to lhr flights,PHRASE,ENABLED,False,10,0.5,2025-08-22 19:51:33,2026-04-28 13:37:05
Google|PK|O&D|Routes|PEW|LHR|EN|PHR,UK+IE rest,184210627893,2439060253911,pew to lhr tickets,PHRASE,ENABLED,False,,0.5,2025-08-22 19:51:34,2026-04-28 13:37:05
Google|PK|O&D|Routes|PEW|MAN|EN|MOD,UK+IE rest,183062441926,2437673259833,business class flights from peshawar to manchester,BROAD,ENABLED,False,,0.5,2025-08-22 19:50:42,2026-04-28 13:39:35
Google|PK|O&D|Routes|PEW|MAN|EN|MOD,UK+IE rest,181230606621,2440150547177,first class flights from peshawar to manchester,BROAD,ENABLED,False,,0.5,2025-08-22 19:48:57,2026-04-28 13:39:35
Google|PK|O&D|Routes|PEW|MAN|EN|MOD,UK+IE rest,185194506198,1668948473434,flights from peshawar to manchester,BROAD,ENABLED,False,8,0.5,2025-08-22 19:54:00,2026-04-28 13:39:35
Google|PK|O&D|Routes|PEW|MAN|EN|MOD,UK+IE rest,185194506198,2438054278025,peshawar to manchester airfare,BROAD,ENABLED,False,,0.5,2025-08-22 19:54:00,2026-04-28 13:39:35
Google|PK|O&D|Routes|PEW|MAN|EN|MOD,UK+IE rest,183062441926,2437924623503,peshawar to manchester business class airfare,BROAD,ENABLED,False,,0.5,2025-08-22 19:50:43,2026-04-28 13:39:35
Google|PK|O&D|Routes|PEW|MAN|EN|MOD,UK+IE rest,183062441926,2436601707509,peshawar to manchester business class deals,BROAD,ENABLED,False,,0.5,2025-08-22 19:50:43,2026-04-28 13:39:35
Google|PK|O&D|Routes|PEW|MAN|EN|MOD,UK+IE rest,183062441926,2440150446897,peshawar to manchester business class flight tickets,BROAD,ENABLED,False,,0.5,2025-08-22 19:50:42,2026-04-28 13:39:35
Google|PK|O&D|Routes|PEW|MAN|EN|MOD,UK+IE rest,183062441926,2438183721579,peshawar to manchester business class flights,BROAD,ENABLED,False,,0.5,2025-08-22 19:50:42,2026-04-28 13:39:35
Google|PK|O&D|Routes|PEW|MAN|EN|MOD,UK+IE rest,183062441926,2436601518189,peshawar to manchester business class tickets,BROAD,ENABLED,False,,0.5,2025-08-22 19:50:42,2026-04-28 13:39:35
Google|PK|O&D|Routes|PEW|MAN|EN|MOD,UK+IE rest,185194506198,2438054276585,peshawar to manchester deals,BROAD,ENABLED,False,,0.5,2025-08-22 19:54:00,2026-04-28 13:39:35
Google|PK|O&D|Routes|PEW|MAN|EN|MOD,UK+IE rest,181230606621,2435867446922,peshawar to manchester first class airfare,BROAD,ENABLED,False,,0.5,2025-08-22 19:48:56,2026-04-28 13:39:35
Google|PK|O&D|Routes|PEW|MAN|EN|MOD,UK+IE rest,181230606621,2437673583073,peshawar to manchester first class deals,BROAD,ENABLED,False,,0.5,2025-08-22 19:48:57,2026-04-28 13:39:35
Google|PK|O&D|Routes|PEW|MAN|EN|MOD,UK+IE rest,181230606621,2437673580953,peshawar to manchester first class flight tickets,BROAD,ENABLED,False,,0.5,2025-08-22 19:48:56,2026-04-28 13:39:35
Google|PK|O&D|Routes|PEW|MAN|EN|MOD,UK+IE rest,181230606621,2460411581514,peshawar to manchester first class flights,BROAD,ENABLED,False,,0.5,2025-08-22 19:48:56,2026-04-28 13:39:35
Google|PK|O&D|Routes|PEW|MAN|EN|MOD,UK+IE rest,181230606621,2436104201427,peshawar to manchester first class tickets,BROAD,ENABLED,False,,0.5,2025-08-22 19:48:57,2026-04-28 13:39:35
Google|PK|O&D|Routes|PEW|MAN|EN|MOD,UK+IE rest,185194506198,2396175700058,peshawar to manchester flight tickets,BROAD,ENABLED,False,,0.5,2025-08-22 19:54:00,2026-04-28 13:39:35
Google|PK|O&D|Routes|PEW|MAN|EN|MOD,UK+IE rest,185194506198,1461155472938,peshawar to manchester flights,BROAD,ENABLED,False,9,0.5,2025-08-22 19:54:00,2026-04-28 13:39:35
Google|PK|O&D|Routes|PEW|MAN|EN|MOD,UK+IE rest,185194506198,2436105154027,peshawar to manchester tickets,BROAD,ENABLED,False,,0.5,2025-08-22 19:54:00,2026-04-28 13:39:35
Google|PK|O&D|Routes|PEW|MAN|EN|PHR,UK+IE rest,183955657643,784453063591,business class flights from pew to man,PHRASE,ENABLED,False,,0.5,2025-08-22 19:50:47,2026-04-28 13:35:26
Google|PK|O&D|Routes|PEW|MAN|EN|PHR,UK+IE rest,186817060000,783469238589,first class flights from pew to man,PHRASE,ENABLED,False,,0.5,2025-08-22 19:56:06,2026-04-28 13:35:26
Google|PK|O&D|Routes|PEW|MAN|EN|PHR,UK+IE rest,185869690482,782942636119,flights from pew to man,PHRASE,ENABLED,False,,0.5,2025-08-22 19:54:23,2026-04-28 13:35:26
Google|PK|O&D|Routes|PEW|MAN|EN|PHR,UK+IE rest,185869690482,2438308940618,pew to man airfare,PHRASE,ENABLED,False,,0.5,2025-08-22 19:54:23,2026-04-28 13:35:26
Google|PK|O&D|Routes|PEW|MAN|EN|PHR,UK+IE rest,183955657643,2435287700860,pew to man business class airfare,PHRASE,ENABLED,False,,0.5,2025-08-22 19:50:47,2026-04-28 13:35:26
Google|PK|O&D|Routes|PEW|MAN|EN|PHR,UK+IE rest,183955657643,2438333998028,pew to man business class deals,PHRASE,ENABLED,False,,0.5,2025-08-22 19:50:46,2026-04-28 13:35:26
Google|PK|O&D|Routes|PEW|MAN|EN|PHR,UK+IE rest,183955657643,2492246792127,pew to man business class flight tickets,PHRASE,ENABLED,False,,0.5,2025-08-22 19:50:47,2026-04-28 13:35:26
Google|PK|O&D|Routes|PEW|MAN|EN|PHR,UK+IE rest,183955657643,2439115340078,pew to man business class flights,PHRASE,ENABLED,False,,0.5,2025-08-22 19:50:46,2026-04-28 13:35:26
Google|PK|O&D|Routes|PEW|MAN|EN|PHR,UK+IE rest,183955657643,2438334273028,pew to man business class tickets,PHRASE,ENABLED,False,,0.5,2025-08-22 19:50:47,2026-04-28 13:35:26
Google|PK|O&D|Routes|PEW|MAN|EN|PHR,UK+IE rest,185869690482,782942639919,pew to man deals,PHRASE,ENABLED,False,,0.5,2025-08-22 19:54:23,2026-04-28 13:35:26
Google|PK|O&D|Routes|PEW|MAN|EN|PHR,UK+IE rest,186817060000,2436416141950,pew to man first class airfare,PHRASE,ENABLED,False,,0.5,2025-08-22 19:56:06,2026-04-28 13:35:26
Google|PK|O&D|Routes|PEW|MAN|EN|PHR,UK+IE rest,186817060000,2436200152546,pew to man first class deals,PHRASE,ENABLED,False,,0.5,2025-08-22 19:56:06,2026-04-28 13:35:26
Google|PK|O&D|Routes|PEW|MAN|EN|PHR,UK+IE rest,186817060000,2435171932062,pew to man first class flight tickets,PHRASE,ENABLED,False,,0.5,2025-08-22 19:56:06,2026-04-28 13:35:26
Google|PK|O&D|Routes|PEW|MAN|EN|PHR,UK+IE rest,186817060000,2438308405578,pew to man first class flights,PHRASE,ENABLED,False,,0.5,2025-08-22 19:56:05,2026-04-28 13:35:26
Google|PK|O&D|Routes|PEW|MAN|EN|PHR,UK+IE rest,186817060000,2435171885702,pew to man first class tickets,PHRASE,ENABLED,False,,0.5,2025-08-22 19:56:06,2026-04-28 13:35:26
Google|PK|O&D|Routes|PEW|MAN|EN|PHR,UK+IE rest,185869690482,2411503380133,pew to man flight tickets,PHRASE,ENABLED,False,,0.5,2025-08-22 19:54:23,2026-04-28 13:35:26
Google|PK|O&D|Routes|PEW|MAN|EN|PHR,UK+IE rest,185869690482,782942639999,pew to man flights,PHRASE,ENABLED,False,,0.5,2025-08-22 19:54:23,2026-04-28 13:35:26
Google|PK|O&D|Routes|PEW|MAN|EN|PHR,UK+IE rest,185869690482,2438184961899,pew to man tickets,PHRASE,ENABLED,False,,0.5,2025-08-22 19:54:23,2026-04-28 13:35:26
Google|PK|O&D|Routes|SKT|LGW|EN|MOD,UK+IE rest,184361456157,2460411909114,business class flights from sialkot to london,BROAD,ENABLED,False,,0.5,2025-08-22 19:52:21,2026-04-28 13:39:58
Google|PK|O&D|Routes|SKT|LGW|EN|MOD,UK+IE rest,183062299806,2438184341659,first class flights from sialkot to london,BROAD,ENABLED,False,,0.5,2025-08-22 19:50:32,2026-04-28 13:39:58
Google|PK|O&D|Routes|SKT|LGW|EN|MOD,UK+IE rest,184210695253,1699879582973,flights from sialkot to london,BROAD,ENABLED,False,8,0.5,2025-08-22 19:51:56,2026-04-28 13:39:58
Google|PK|O&D|Routes|SKT|LGW|EN|MOD,UK+IE rest,184210695253,2436200582386,sialkot to london airfare,BROAD,ENABLED,False,,0.5,2025-08-22 19:51:57,2026-04-28 13:39:58
Google|PK|O&D|Routes|SKT|LGW|EN|MOD,UK+IE rest,184361456157,2436339870159,sialkot to london business class airfare,BROAD,ENABLED,False,,0.5,2025-08-22 19:52:21,2026-04-28 13:39:58
Google|PK|O&D|Routes|SKT|LGW|EN|MOD,UK+IE rest,184361456157,2436601441109,sialkot to london business class deals,BROAD,ENABLED,False,,0.5,2025-08-22 19:52:21,2026-04-28 13:39:58
Google|PK|O&D|Routes|SKT|LGW|EN|MOD,UK+IE rest,184361456157,2436339876439,sialkot to london business class flight tickets,BROAD,ENABLED,False,,0.5,2025-08-22 19:52:21,2026-04-28 13:39:58
Google|PK|O&D|Routes|SKT|LGW|EN|MOD,UK+IE rest,184361456157,2503248088757,sialkot to london business class flights,BROAD,ENABLED,False,,0.5,2025-08-22 19:52:22,2026-04-28 13:39:58
Google|PK|O&D|Routes|SKT|LGW|EN|MOD,UK+IE rest,184361456157,2439064759584,sialkot to london business class tickets,BROAD,ENABLED,False,,0.5,2025-08-22 19:52:22,2026-04-28 13:39:58
Google|PK|O&D|Routes|SKT|LGW|EN|MOD,UK+IE rest,184210695253,2435287373260,sialkot to london deals,BROAD,ENABLED,False,,0.5,2025-08-22 19:51:57,2026-04-28 13:39:58
Google|PK|O&D|Routes|SKT|LGW|EN|MOD,UK+IE rest,183062299806,2436601549389,sialkot to london first class airfare,BROAD,ENABLED,False,,0.5,2025-08-22 19:50:33,2026-04-28 13:39:58
Google|PK|O&D|Routes|SKT|LGW|EN|MOD,UK+IE rest,183062299806,2436600682029,sialkot to london first class deals,BROAD,ENABLED,False,,0.5,2025-08-22 19:50:32,2026-04-28 13:39:58
Google|PK|O&D|Routes|SKT|LGW|EN|MOD,UK+IE rest,183062299806,2436601555429,sialkot to london first class flight tickets,BROAD,ENABLED,False,,0.5,2025-08-22 19:50:33,2026-04-28 13:39:58
Google|PK|O&D|Routes|SKT|LGW|EN|MOD,UK+IE rest,183062299806,2437924422663,sialkot to london first class flights,BROAD,ENABLED,False,,0.5,2025-08-22 19:50:32,2026-04-28 13:39:58
Google|PK|O&D|Routes|SKT|LGW|EN|MOD,UK+IE rest,183062299806,2436104979107,sialkot to london first class tickets,BROAD,ENABLED,False,,0.5,2025-08-22 19:50:32,2026-04-28 13:39:58
Google|PK|O&D|Routes|SKT|LGW|EN|MOD,UK+IE rest,184210695253,2438309283498,sialkot to london flight tickets,BROAD,ENABLED,False,,0.5,2025-08-22 19:51:57,2026-04-28 13:39:58
Google|PK|O&D|Routes|SKT|LGW|EN|MOD,UK+IE rest,184210695253,415977856498,sialkot to london flights,BROAD,ENABLED,False,9,0.5,2025-08-22 19:51:57,2026-04-28 13:39:58
Google|PK|O&D|Routes|SKT|LGW|EN|MOD,UK+IE rest,184210695253,2436601830429,sialkot to london tickets,BROAD,ENABLED,False,7,0.5,2025-08-22 19:51:56,2026-04-28 13:39:58
Google|PK|O&D|Routes|SKT|LHR|EN|MOD,UK+IE rest,184361487837,2438053724145,business class flights from sialkot to london,BROAD,ENABLED,False,,0.5,2025-08-22 19:52:45,2026-04-28 13:37:51
Google|PK|O&D|Routes|SKT|LHR|EN|MOD,UK+IE rest,185869953562,2438184341659,first class flights from sialkot to london,BROAD,ENABLED,False,,0.5,2025-08-22 19:55:19,2026-04-28 13:37:51
Google|PK|O&D|Routes|SKT|LHR|EN|MOD,UK+IE rest,189985879128,1699879582973,flights from sialkot to london,BROAD,ENABLED,False,8,0.5,2025-08-22 19:58:33,2026-04-28 13:37:51
Google|PK|O&D|Routes|SKT|LHR|EN|MOD,UK+IE rest,189985879128,2436200582386,sialkot to london airfare,BROAD,ENABLED,False,,0.5,2025-08-22 19:58:32,2026-04-28 13:37:51
Google|PK|O&D|Routes|SKT|LHR|EN|MOD,UK+IE rest,184361487837,2438054261505,sialkot to london business class airfare,BROAD,ENABLED,False,,0.5,2025-08-22 19:52:45,2026-04-28 13:37:51
Google|PK|O&D|Routes|SKT|LHR|EN|MOD,UK+IE rest,184361487837,2436602075029,sialkot to london business class deals,BROAD,ENABLED,False,,0.5,2025-08-22 19:52:46,2026-04-28 13:37:51
Google|PK|O&D|Routes|SKT|LHR|EN|MOD,UK+IE rest,184361487837,2436200549706,sialkot to london business class flight tickets,BROAD,ENABLED,False,,0.5,2025-08-22 19:52:46,2026-04-28 13:37:51
Google|PK|O&D|Routes|SKT|LHR|EN|MOD,UK+IE rest,184361487837,2436096247169,sialkot to london business class flights,BROAD,ENABLED,False,,0.5,2025-08-22 19:52:45,2026-04-28 13:37:51
Google|PK|O&D|Routes|SKT|LHR|EN|MOD,UK+IE rest,184361487837,2437673951993,sialkot to london business class tickets,BROAD,ENABLED,False,,0.5,2025-08-22 19:52:46,2026-04-28 13:37:51
Google|PK|O&D|Routes|SKT|LHR|EN|MOD,UK+IE rest,189985879128,2435287373260,sialkot to london deals,BROAD,ENABLED,False,,0.5,2025-08-22 19:58:33,2026-04-28 13:37:51
Google|PK|O&D|Routes|SKT|LHR|EN|MOD,UK+IE rest,185869953562,2436601549389,sialkot to london first class airfare,BROAD,ENABLED,False,,0.5,2025-08-22 19:55:19,2026-04-28 13:37:51
Google|PK|O&D|Routes|SKT|LHR|EN|MOD,UK+IE rest,185869953562,2436600682029,sialkot to london first class deals,BROAD,ENABLED,False,,0.5,2025-08-22 19:55:19,2026-04-28 13:37:51
Google|PK|O&D|Routes|SKT|LHR|EN|MOD,UK+IE rest,185869953562,2436601555429,sialkot to london first class flight tickets,BROAD,ENABLED,False,,0.5,2025-08-22 19:55:19,2026-04-28 13:37:51
Google|PK|O&D|Routes|SKT|LHR|EN|MOD,UK+IE rest,185869953562,2437924422663,sialkot to london first class flights,BROAD,ENABLED,False,,0.5,2025-08-22 19:55:19,2026-04-28 13:37:51
Google|PK|O&D|Routes|SKT|LHR|EN|MOD,UK+IE rest,185869953562,2436104979107,sialkot to london first class tickets,BROAD,ENABLED,False,,0.5,2025-08-22 19:55:19,2026-04-28 13:37:51
Google|PK|O&D|Routes|SKT|LHR|EN|MOD,UK+IE rest,189985879128,2438309283498,sialkot to london flight tickets,BROAD,ENABLED,False,,0.5,2025-08-22 19:58:33,2026-04-28 13:37:51
Google|PK|O&D|Routes|SKT|LHR|EN|MOD,UK+IE rest,189985879128,415977856498,sialkot to london flights,BROAD,ENABLED,False,9,0.5,2025-08-22 19:58:32,2026-04-28 13:37:51
Google|PK|O&D|Routes|SKT|LHR|EN|MOD,UK+IE rest,189985879128,2436601830429,sialkot to london tickets,BROAD,ENABLED,False,,0.5,2025-08-22 19:58:32,2026-04-28 13:37:51
Google|PK|O&D|Routes|SKT|LHR|EN|PHR,UK+IE rest,184210702773,785128863057,business class flights from skt to lhr,PHRASE,ENABLED,False,,0.5,2025-08-22 19:52:02,2026-04-28 13:38:33
Google|PK|O&D|Routes|SKT|LHR|EN|PHR,UK+IE rest,183062439966,847632739637,first class flights from skt to lhr,PHRASE,ENABLED,False,,0.5,2025-08-22 19:50:40,2026-04-28 13:38:33
Google|PK|O&D|Routes|SKT|LHR|EN|PHR,UK+IE rest,183062254046,333283572404,flights from skt to lhr,PHRASE,ENABLED,False,,0.5,2025-08-22 19:50:11,2026-04-28 13:38:33
Google|PK|O&D|Routes|SKT|LHR|EN|PHR,UK+IE rest,183062254046,2437923230343,skt to lhr airfare,PHRASE,ENABLED,False,,0.5,2025-08-22 19:50:11,2026-04-28 13:38:33
Google|PK|O&D|Routes|SKT|LHR|EN|PHR,UK+IE rest,184210702773,2435737303886,skt to lhr business class airfare,PHRASE,ENABLED,False,,0.5,2025-08-22 19:52:01,2026-04-28 13:38:33
Google|PK|O&D|Routes|SKT|LHR|EN|PHR,UK+IE rest,184210702773,2439065843184,skt to lhr business class deals,PHRASE,ENABLED,False,,0.5,2025-08-22 19:52:02,2026-04-28 13:38:33
Google|PK|O&D|Routes|SKT|LHR|EN|PHR,UK+IE rest,184210702773,2438297059650,skt to lhr business class flight tickets,PHRASE,ENABLED,False,,0.5,2025-08-22 19:52:01,2026-04-28 13:38:33
Google|PK|O&D|Routes|SKT|LHR|EN|PHR,UK+IE rest,184210702773,2441320429821,skt to lhr business class flights,PHRASE,ENABLED,False,,0.5,2025-08-22 19:52:02,2026-04-28 13:38:33
Google|PK|O&D|Routes|SKT|LHR|EN|PHR,UK+IE rest,184210702773,2435737144246,skt to lhr business class tickets,PHRASE,ENABLED,False,,0.5,2025-08-22 19:52:01,2026-04-28 13:38:33
Google|PK|O&D|Routes|SKT|LHR|EN|PHR,UK+IE rest,183062254046,783412411163,skt to lhr deals,PHRASE,ENABLED,False,,0.5,2025-08-22 19:50:11,2026-04-28 13:38:33
Google|PK|O&D|Routes|SKT|LHR|EN|PHR,UK+IE rest,183062439966,2436601765589,skt to lhr first class airfare,PHRASE,ENABLED,False,,0.5,2025-08-22 19:50:39,2026-04-28 13:38:33
Google|PK|O&D|Routes|SKT|LHR|EN|PHR,UK+IE rest,183062439966,2435738352646,skt to lhr first class deals,PHRASE,ENABLED,False,,0.5,2025-08-22 19:50:39,2026-04-28 13:38:33
Google|PK|O&D|Routes|SKT|LHR|EN|PHR,UK+IE rest,183062439966,2436339713959,skt to lhr first class flight tickets,PHRASE,ENABLED,False,,0.5,2025-08-22 19:50:39,2026-04-28 13:38:33
Google|PK|O&D|Routes|SKT|LHR|EN|PHR,UK+IE rest,183062439966,2437673786553,skt to lhr first class flights,PHRASE,ENABLED,False,,0.5,2025-08-22 19:50:40,2026-04-28 13:38:33
Google|PK|O&D|Routes|SKT|LHR|EN|PHR,UK+IE rest,183062439966,2438184272339,skt to lhr first class tickets,PHRASE,ENABLED,False,,0.5,2025-08-22 19:50:40,2026-04-28 13:38:33
Google|PK|O&D|Routes|SKT|LHR|EN|PHR,UK+IE rest,183062254046,2437130206451,skt to lhr flight tickets,PHRASE,ENABLED,False,,0.5,2025-08-22 19:50:11,2026-04-28 13:38:33
Google|PK|O&D|Routes|SKT|LHR|EN|PHR,UK+IE rest,183062254046,784368895325,skt to lhr flights,PHRASE,ENABLED,False,8,0.5,2025-08-22 19:50:11,2026-04-28 13:38:33
Google|PK|O&D|Routes|SKT|LHR|EN|PHR,UK+IE rest,183062254046,2440150394137,skt to lhr tickets,PHRASE,ENABLED,False,,0.5,2025-08-22 19:50:11,2026-04-28 13:38:33
Google|PK|O&D|Routes|SKT|MAN|EN|MOD,UK+IE rest,183955683283,2503247928437,business class flights from sialkot to manchester,BROAD,ENABLED,False,,0.5,2025-08-22 19:51:04,2026-04-28 13:36:02
Google|PK|O&D|Routes|SKT|MAN|EN|MOD,UK+IE rest,186817080360,2436200170946,first class flights from sialkot to manchester,BROAD,ENABLED,False,,0.5,2025-08-22 19:56:15,2026-04-28 13:36:02
Google|PK|O&D|Routes|SKT|MAN|EN|MOD,UK+IE rest,185194331758,1647983346235,flights from sialkot to manchester,BROAD,ENABLED,False,8,0.5,2025-08-22 19:53:36,2026-04-28 13:36:02
Google|PK|O&D|Routes|SKT|MAN|EN|MOD,UK+IE rest,185194331758,2438153071085,sialkot to manchester airfare,BROAD,ENABLED,False,,0.5,2025-08-22 19:53:35,2026-04-28 13:36:02
Google|PK|O&D|Routes|SKT|MAN|EN|MOD,UK+IE rest,183955683283,2438054339185,sialkot to manchester business class airfare,BROAD,ENABLED,False,,0.5,2025-08-22 19:51:04,2026-04-28 13:36:02
Google|PK|O&D|Routes|SKT|MAN|EN|MOD,UK+IE rest,183955683283,2435171353382,sialkot to manchester business class deals,BROAD,ENABLED,False,,0.5,2025-08-22 19:51:04,2026-04-28 13:36:02
Google|PK|O&D|Routes|SKT|MAN|EN|MOD,UK+IE rest,183955683283,2437924624503,sialkot to manchester business class flight tickets,BROAD,ENABLED,False,,0.5,2025-08-22 19:51:04,2026-04-28 13:36:02
Google|PK|O&D|Routes|SKT|MAN|EN|MOD,UK+IE rest,183955683283,2436601966029,sialkot to manchester business class flights,BROAD,ENABLED,False,,0.5,2025-08-22 19:51:04,2026-04-28 13:36:02
Google|PK|O&D|Routes|SKT|MAN|EN|MOD,UK+IE rest,183955683283,2440150369657,sialkot to manchester business class tickets,BROAD,ENABLED,False,,0.5,2025-08-22 19:51:05,2026-04-28 13:36:02
Google|PK|O&D|Routes|SKT|MAN|EN|MOD,UK+IE rest,185194331758,2492247266047,sialkot to manchester deals,BROAD,ENABLED,False,,0.5,2025-08-22 19:53:35,2026-04-28 13:36:02
Google|PK|O&D|Routes|SKT|MAN|EN|MOD,UK+IE rest,186817080360,2436602245149,sialkot to manchester first class airfare,BROAD,ENABLED,False,,0.5,2025-08-22 19:56:14,2026-04-28 13:36:02
Google|PK|O&D|Routes|SKT|MAN|EN|MOD,UK+IE rest,186817080360,2436887473854,sialkot to manchester first class deals,BROAD,ENABLED,False,,0.5,2025-08-22 19:56:15,2026-04-28 13:36:02
Google|PK|O&D|Routes|SKT|MAN|EN|MOD,UK+IE rest,186817080360,2435738533366,sialkot to manchester first class flight tickets,BROAD,ENABLED,False,,0.5,2025-08-22 19:56:15,2026-04-28 13:36:02
Google|PK|O&D|Routes|SKT|MAN|EN|MOD,UK+IE rest,186817080360,2492246837407,sialkot to manchester first class flights,BROAD,ENABLED,False,,0.5,2025-08-22 19:56:15,2026-04-28 13:36:02
Google|PK|O&D|Routes|SKT|MAN|EN|MOD,UK+IE rest,186817080360,2436331173323,sialkot to manchester first class tickets,BROAD,ENABLED,False,,0.5,2025-08-22 19:56:15,2026-04-28 13:36:02
Google|PK|O&D|Routes|SKT|MAN|EN|MOD,UK+IE rest,185194331758,2436200822386,sialkot to manchester flight tickets,BROAD,ENABLED,False,,0.5,2025-08-22 19:53:36,2026-04-28 13:36:02
Google|PK|O&D|Routes|SKT|MAN|EN|MOD,UK+IE rest,185194331758,2237511197509,sialkot to manchester flights,BROAD,ENABLED,False,8,0.5,2025-08-22 19:53:36,2026-04-28 13:36:02
Google|PK|O&D|Routes|SKT|MAN|EN|MOD,UK+IE rest,185194331758,2437673481313,sialkot to manchester tickets,BROAD,ENABLED,False,,0.5,2025-08-22 19:53:36,2026-04-28 13:36:02
Google|PK|O&D|Routes|SKT|MAN|EN|PHR,UK+IE rest,184210677493,784375684245,business class flights from skt to man,PHRASE,ENABLED,False,,0.5,2025-08-22 19:51:38,2026-04-28 13:37:10
Google|PK|O&D|Routes|SKT|MAN|EN|PHR,UK+IE rest,186816994000,782624815122,first class flights from skt to man,PHRASE,ENABLED,False,,0.5,2025-08-22 19:55:54,2026-04-28 13:37:10
Google|PK|O&D|Routes|SKT|MAN|EN|PHR,UK+IE rest,186816993320,782083870766,flights from skt to man,PHRASE,ENABLED,False,10,0.5,2025-08-22 19:55:54,2026-04-28 13:37:10
Google|PK|O&D|Routes|SKT|MAN|EN|PHR,UK+IE rest,186816993320,2492247166927,skt to man airfare,PHRASE,ENABLED,False,,0.5,2025-08-22 19:55:53,2026-04-28 13:37:10
Google|PK|O&D|Routes|SKT|MAN|EN|PHR,UK+IE rest,184210677493,2436200333946,skt to man business class airfare,PHRASE,ENABLED,False,,0.5,2025-08-22 19:51:39,2026-04-28 13:37:10
Google|PK|O&D|Routes|SKT|MAN|EN|PHR,UK+IE rest,184210677493,2438513087000,skt to man business class deals,PHRASE,ENABLED,False,,0.5,2025-08-22 19:51:39,2026-04-28 13:37:10
Google|PK|O&D|Routes|SKT|MAN|EN|PHR,UK+IE rest,184210677493,2435738488926,skt to man business class flight tickets,PHRASE,ENABLED,False,,0.5,2025-08-22 19:51:39,2026-04-28 13:37:10
Google|PK|O&D|Routes|SKT|MAN|EN|PHR,UK+IE rest,184210677493,2441650652332,skt to man business class flights,PHRASE,ENABLED,False,,0.5,2025-08-22 19:51:39,2026-04-28 13:37:10
Google|PK|O&D|Routes|SKT|MAN|EN|PHR,UK+IE rest,184210677493,2435867792082,skt to man business class tickets,PHRASE,ENABLED,False,,0.5,2025-08-22 19:51:39,2026-04-28 13:37:10
Google|PK|O&D|Routes|SKT|MAN|EN|PHR,UK+IE rest,186816993320,782083883206,skt to man deals,PHRASE,ENABLED,False,,0.5,2025-08-22 19:55:53,2026-04-28 13:37:10
Google|PK|O&D|Routes|SKT|MAN|EN|PHR,UK+IE rest,186816994000,2436105087347,skt to man first class airfare,PHRASE,ENABLED,False,,0.5,2025-08-22 19:55:55,2026-04-28 13:37:10
Google|PK|O&D|Routes|SKT|MAN|EN|PHR,UK+IE rest,186816994000,2435867914922,skt to man first class deals,PHRASE,ENABLED,False,,0.5,2025-08-22 19:55:54,2026-04-28 13:37:10
Google|PK|O&D|Routes|SKT|MAN|EN|PHR,UK+IE rest,186816994000,2436602460429,skt to man first class flight tickets,PHRASE,ENABLED,False,,0.5,2025-08-22 19:55:54,2026-04-28 13:37:10
Google|PK|O&D|Routes|SKT|MAN|EN|PHR,UK+IE rest,186816994000,2437727187815,skt to man first class flights,PHRASE,ENABLED,False,,0.5,2025-08-22 19:55:54,2026-04-28 13:37:10
Google|PK|O&D|Routes|SKT|MAN|EN|PHR,UK+IE rest,186816994000,2437727139295,skt to man first class tickets,PHRASE,ENABLED,False,,0.5,2025-08-22 19:55:54,2026-04-28 13:37:10
Google|PK|O&D|Routes|SKT|MAN|EN|PHR,UK+IE rest,186816993320,2439060840431,skt to man flight tickets,PHRASE,ENABLED,False,,0.5,2025-08-22 19:55:53,2026-04-28 13:37:10
Google|PK|O&D|Routes|SKT|MAN|EN|PHR,UK+IE rest,186816993320,782083883486,skt to man flights,PHRASE,ENABLED,False,,0.5,2025-08-22 19:55:53,2026-04-28 13:37:10
Google|PK|O&D|Routes|SKT|MAN|EN|PHR,UK+IE rest,186816993320,2438740640395,skt to man tickets,PHRASE,ENABLED,False,,0.5,2025-08-22 19:55:53,2026-04-28 13:37:10
